order_id,destination,urgency,customer
ORD1000,33,5,Bob
ORD1001,34,5,Divya
ORD1002,30,2,Divya
ORD1003,6,4,Charlie
ORD1004,12,5,Charlie
ORD1005,16,4,Bob
ORD1006,39,3,Charlie
ORD1007,34,5,Divya
ORD1008,8,4,Divya
ORD1009,41,1,Charlie
ORD1010,27,2,Bob
ORD1011,49,2,Ravi
ORD1012,20,4,Alice
ORD1013,9,2,Charlie
ORD1014,12,2,Alice
ORD1015,8,2,Ravi
ORD1016,15,4,Bob
ORD1017,36,5,Alice
ORD1018,33,1,Ravi
ORD1019,43,2,Ravi
ORD1020,2,3,Divya
ORD1021,23,3,Charlie
ORD1022,10,5,Charlie
ORD1023,29,2,Charlie
ORD1024,11,1,Ravi
ORD1025,49,4,Bob
ORD1026,32,3,Ravi
ORD1027,22,4,Bob
ORD1028,49,3,Divya
ORD1029,10,4,Alice
ORD1030,0,5,Charlie
ORD1031,32,3,Alice
ORD1032,24,4,Ravi
ORD1033,40,1,Alice
ORD1034,11,5,Alice
ORD1035,4,4,Divya
ORD1036,3,5,Bob
ORD1037,45,1,Bob
ORD1038,6,4,Divya
ORD1039,24,3,Ravi
ORD1040,39,4,Divya
ORD1041,38,1,Alice
ORD1042,46,2,Bob
ORD1043,47,3,Alice
ORD1044,9,1,Bob
ORD1045,22,5,Ravi
ORD1046,36,3,Charlie
ORD1047,18,1,Divya
ORD1048,21,4,Bob
ORD1049,30,1,Charlie
ORD1050,7,5,Charlie
ORD1051,45,3,Charlie
ORD1052,29,1,Charlie
ORD1053,23,1,Ravi
ORD1054,25,5,Alice
ORD1055,19,2,Bob
ORD1056,41,5,Divya
ORD1057,11,4,Bob
ORD1058,16,1,Charlie
ORD1059,35,2,Ravi
ORD1060,11,1,Charlie
ORD1061,19,5,Charlie
ORD1062,22,5,Charlie
ORD1063,35,5,Bob
ORD1064,18,5,Ravi
ORD1065,45,1,Alice
ORD1066,5,2,Divya
ORD1067,13,4,Charlie
ORD1068,13,1,Ravi
ORD1069,33,3,Bob
ORD1070,35,4,Alice
ORD1071,49,4,Bob
ORD1072,8,2,Ravi
ORD1073,33,1,Alice
ORD1074,31,4,Charlie
ORD1075,40,3,Ravi
ORD1076,13,2,Bob
ORD1077,31,2,Bob
ORD1078,14,3,Alice
ORD1079,38,1,Charlie
ORD1080,18,5,Alice
ORD1081,21,3,Divya
ORD1082,0,2,Bob
ORD1083,7,1,Ravi
ORD1084,30,2,Charlie
ORD1085,33,3,Ravi
ORD1086,4,4,Divya
ORD1087,20,1,Charlie
ORD1088,35,2,Divya
ORD1089,38,2,Charlie
ORD1090,17,5,Ravi
ORD1091,42,4,Divya
ORD1092,32,5,Charlie
ORD1093,16,1,Divya
ORD1094,21,3,Bob
ORD1095,41,1,Charlie
ORD1096,1,5,Ravi
ORD1097,29,3,Alice
ORD1098,32,1,Charlie
ORD1099,16,2,Ravi
ORD1100,39,3,Divya
ORD1101,40,4,Bob
ORD1102,10,3,Bob
ORD1103,30,2,Ravi
ORD1104,31,3,Ravi
ORD1105,45,5,Alice
ORD1106,41,2,Ravi
ORD1107,14,5,Ravi
ORD1108,38,1,Divya
ORD1109,3,3,Charlie
ORD1110,8,4,Divya
ORD1111,45,5,Divya
ORD1112,23,4,Ravi
ORD1113,33,1,Ravi
ORD1114,4,3,Divya
ORD1115,9,2,Divya
ORD1116,42,4,Alice
ORD1117,32,3,Ravi
ORD1118,32,5,Charlie
ORD1119,41,3,Bob
ORD1120,8,1,Bob
ORD1121,32,2,Divya
ORD1122,15,1,Charlie
ORD1123,26,4,Divya
ORD1124,12,4,Alice
ORD1125,32,3,Bob
ORD1126,43,4,Charlie
ORD1127,0,4,Bob
ORD1128,35,2,Bob
ORD1129,19,4,Alice
ORD1130,20,2,Alice
ORD1131,23,5,Bob
ORD1132,21,3,Alice
ORD1133,36,4,Bob
ORD1134,41,5,Alice
ORD1135,5,3,Alice
ORD1136,19,5,Ravi
ORD1137,12,5,Charlie
ORD1138,39,1,Divya
ORD1139,12,1,Ravi
ORD1140,21,4,Alice
ORD1141,11,5,Alice
ORD1142,38,3,Divya
ORD1143,23,5,Bob
ORD1144,14,2,Ravi
ORD1145,5,5,Alice
ORD1146,42,3,Bob
ORD1147,40,5,Charlie
ORD1148,42,5,Divya
ORD1149,48,3,Charlie
