eventId,eventDate,division,range,eventType,severityLevel,severityScore,durationMinutes,amountRs
1,2022-01-26,Div-D,Range-2,Payment,Low,2,0,312014.24
2,2022-08-19,Div-E,Range-4,Patrol,Low,1,384,0.00
3,2022-03-09,Div-A,Range-3,Patrol,Medium,2,234,0.00
4,2024-12-13,Div-D,Range-4,Grievance,Low,1,0,0.00
5,2022-02-11,Div-D,Range-6,Patrol,Low,1,205,0.00
6,2024-01-18,Div-E,Range-4,Patrol,Medium,2,218,0.00
7,2025-04-12,Div-E,Range-1,FireAlert,High,5,0,0.00
8,2023-12-30,Div-B,Range-4,Patrol,High,3,197,0.00
9,2022-03-04,Div-A,Range-9,Payment,Medium,3,0,1169959.33
10,2024-06-04,Div-C,Range-4,Planting,Medium,2,117,0.00
11,2024-09-14,Div-A,Range-5,Planting,Low,1,297,0.00
12,2024-03-22,Div-D,Range-6,Patrol,High,3,53,0.00
13,2023-09-20,Div-B,Range-9,Grievance,High,3,0,0.00
14,2025-10-13,Div-C,Range-2,Patrol,Low,1,476,0.00
15,2025-05-16,Div-C,Range-2,Payment,Low,2,0,1597330.62
16,2023-02-08,Div-A,Range-8,Patrol,Medium,2,232,0.00
17,2024-04-05,Div-A,Range-9,FireAlert,Medium,4,0,0.00
18,2025-07-28,Div-A,Range-4,Patrol,Medium,2,370,0.00
19,2022-11-08,Div-D,Range-1,Payment,Medium,3,0,2608965.40
20,2024-02-02,Div-E,Range-8,Grievance,Low,1,0,0.00
21,2022-08-18,Div-D,Range-3,Grievance,Medium,2,0,0.00
22,2022-02-20,Div-C,Range-8,Payment,Medium,3,0,154814.01
23,2024-02-08,Div-E,Range-5,Payment,Low,2,0,320949.10
24,2022-09-13,Div-E,Range-10,FireAlert,High,5,0,0.00
25,2023-02-27,Div-B,Range-5,Patrol,Medium,2,290,0.00
26,2025-11-24,Div-E,Range-9,Grievance,Medium,2,0,0.00
27,2024-12-09,Div-B,Range-10,Payment,Low,2,0,4114415.50
28,2023-10-30,Div-B,Range-6,FireAlert,High,5,0,0.00
29,2023-12-12,Div-B,Range-5,Payment,Medium,3,0,914243.41
30,2025-09-30,Div-A,Range-7,Patrol,Low,1,199,0.00
31,2023-09-22,Div-B,Range-7,Planting,Medium,2,129,0.00
32,2023-07-06,Div-A,Range-1,Payment,Medium,3,0,4487419.24
33,2023-06-15,Div-E,Range-4,Payment,Medium,3,0,1883029.32
34,2024-04-01,Div-A,Range-8,Payment,Medium,3,0,1275995.31
35,2023-10-22,Div-C,Range-5,Planting,Low,1,115,0.00
36,2022-05-16,Div-B,Range-10,Payment,High,4,0,2314455.51
37,2025-08-28,Div-C,Range-3,Payment,Low,2,0,2464129.32
38,2023-09-01,Div-D,Range-1,FireAlert,Medium,4,0,0.00
39,2023-07-13,Div-C,Range-5,Patrol,Medium,2,211,0.00
40,2023-04-23,Div-B,Range-10,Patrol,High,3,281,0.00
41,2023-10-17,Div-A,Range-10,Patrol,Low,1,469,0.00
42,2025-01-15,Div-D,Range-5,Payment,Medium,3,0,4305920.42
43,2023-09-25,Div-D,Range-7,Patrol,Medium,2,118,0.00
44,2024-04-21,Div-A,Range-10,Patrol,High,3,127,0.00
45,2022-04-09,Div-D,Range-6,Planting,High,3,412,0.00
46,2025-01-30,Div-A,Range-6,Patrol,Medium,2,394,0.00
47,2024-05-25,Div-B,Range-1,Planting,Low,1,27,0.00
48,2024-04-17,Div-B,Range-9,Payment,Medium,3,0,475609.17
49,2024-10-07,Div-D,Range-8,Planting,Medium,2,249,0.00
50,2025-09-28,Div-A,Range-6,Patrol,Low,1,50,0.00
51,2024-08-10,Div-C,Range-1,Grievance,Medium,2,0,0.00
52,2023-10-22,Div-E,Range-7,Patrol,Medium,2,34,0.00
53,2025-11-02,Div-D,Range-1,Payment,Medium,3,0,2067234.28
54,2024-11-23,Div-C,Range-7,Patrol,Medium,2,406,0.00
55,2022-07-06,Div-D,Range-1,Patrol,High,3,162,0.00
56,2025-12-23,Div-B,Range-3,Payment,Medium,3,0,1447037.82
57,2023-11-29,Div-D,Range-6,Planting,Medium,2,425,0.00
58,2025-10-03,Div-D,Range-6,FireAlert,Medium,4,0,0.00
59,2023-04-09,Div-C,Range-3,FireAlert,High,5,0,0.00
60,2022-08-10,Div-C,Range-5,Payment,Medium,3,0,483255.80
61,2022-07-13,Div-C,Range-9,Payment,Medium,3,0,802028.07
62,2024-06-12,Div-D,Range-3,FireAlert,Medium,4,0,0.00
63,2023-10-21,Div-C,Range-5,Grievance,Low,1,0,0.00
64,2023-10-28,Div-A,Range-10,Patrol,Medium,2,308,0.00
65,2025-04-12,Div-B,Range-5,Patrol,Medium,2,407,0.00
66,2024-03-07,Div-E,Range-8,Grievance,Low,1,0,0.00
67,2025-05-25,Div-C,Range-2,Grievance,Low,1,0,0.00
68,2025-11-09,Div-B,Range-8,Grievance,Medium,2,0,0.00
69,2022-10-19,Div-D,Range-8,Patrol,Low,1,267,0.00
70,2022-09-30,Div-E,Range-6,Payment,Medium,3,0,1078073.56
71,2024-09-14,Div-C,Range-1,Payment,Medium,3,0,3836243.49
72,2022-10-06,Div-D,Range-5,Patrol,Low,1,53,0.00
73,2024-08-02,Div-E,Range-8,Planting,High,3,73,0.00
74,2022-05-26,Div-E,Range-5,Patrol,Low,1,14,0.00
75,2022-04-16,Div-C,Range-10,Patrol,Low,1,194,0.00
76,2024-04-27,Div-D,Range-5,Grievance,Low,1,0,0.00
77,2023-09-02,Div-D,Range-2,FireAlert,Low,3,0,0.00
78,2022-12-02,Div-E,Range-5,Patrol,Medium,2,181,0.00
79,2022-06-02,Div-E,Range-3,Payment,High,4,0,4322918.02
80,2025-12-15,Div-A,Range-6,Patrol,Low,1,450,0.00
81,2025-05-26,Div-D,Range-6,Grievance,Medium,2,0,0.00
82,2025-08-20,Div-B,Range-5,FireAlert,High,5,0,0.00
83,2023-05-09,Div-B,Range-10,FireAlert,Low,3,0,0.00
84,2025-11-16,Div-E,Range-2,Planting,Medium,2,256,0.00
85,2023-04-09,Div-C,Range-8,Patrol,Low,1,362,0.00
86,2024-01-19,Div-B,Range-5,Planting,Medium,2,141,0.00
87,2024-08-12,Div-C,Range-7,Patrol,Medium,2,295,0.00
88,2025-01-09,Div-A,Range-1,Payment,Medium,3,0,2696663.87
89,2025-04-30,Div-D,Range-7,FireAlert,High,5,0,0.00
90,2025-12-07,Div-E,Range-8,Payment,Medium,3,0,3860067.21
91,2022-02-26,Div-A,Range-4,Grievance,Medium,2,0,0.00
92,2024-03-17,Div-C,Range-7,Planting,Low,1,130,0.00
93,2022-11-22,Div-D,Range-10,Patrol,Medium,2,355,0.00
94,2024-10-06,Div-B,Range-3,Grievance,Medium,2,0,0.00
95,2025-05-17,Div-E,Range-5,Planting,Low,1,145,0.00
96,2025-11-24,Div-A,Range-1,Payment,Medium,3,0,2379491.12
97,2025-02-13,Div-A,Range-8,FireAlert,High,5,0,0.00
98,2024-08-15,Div-D,Range-5,Patrol,Low,1,194,0.00
99,2022-11-29,Div-E,Range-5,Planting,Low,1,69,0.00
100,2022-09-01,Div-B,Range-5,Grievance,Low,1,0,0.00
101,2025-10-05,Div-B,Range-8,FireAlert,Medium,4,0,0.00
102,2024-06-19,Div-B,Range-5,FireAlert,High,5,0,0.00
103,2025-03-11,Div-D,Range-9,FireAlert,Low,3,0,0.00
104,2025-03-04,Div-B,Range-3,Planting,Low,1,290,0.00
105,2022-06-14,Div-A,Range-2,FireAlert,High,5,0,0.00
106,2023-10-23,Div-D,Range-5,Planting,Low,1,398,0.00
107,2024-01-27,Div-E,Range-1,Patrol,High,3,436,0.00
108,2025-01-10,Div-D,Range-4,Payment,Medium,3,0,4455070.48
109,2025-02-28,Div-E,Range-1,FireAlert,High,5,0,0.00
110,2023-12-20,Div-E,Range-9,Patrol,Medium,2,80,0.00
111,2022-04-26,Div-D,Range-3,Grievance,Medium,2,0,0.00
112,2022-08-19,Div-E,Range-7,Grievance,Medium,2,0,0.00
113,2023-06-03,Div-D,Range-6,Grievance,Medium,2,0,0.00
114,2025-09-16,Div-E,Range-10,Payment,Medium,3,0,575447.37
115,2025-02-21,Div-A,Range-3,Planting,Low,1,82,0.00
116,2023-05-26,Div-A,Range-8,Patrol,Medium,2,107,0.00
117,2025-10-20,Div-C,Range-10,Patrol,Medium,2,180,0.00
118,2022-02-08,Div-C,Range-5,Payment,Medium,3,0,4069017.60
119,2024-12-04,Div-C,Range-4,Planting,Low,1,361,0.00
120,2025-07-11,Div-D,Range-10,Planting,High,3,333,0.00
121,2023-06-05,Div-E,Range-3,Patrol,Medium,2,372,0.00
122,2022-05-09,Div-A,Range-9,Planting,High,3,363,0.00
123,2024-11-19,Div-C,Range-10,Planting,Low,1,263,0.00
124,2024-06-10,Div-E,Range-10,FireAlert,High,5,0,0.00
125,2025-02-28,Div-B,Range-8,Grievance,Low,1,0,0.00
126,2024-11-30,Div-C,Range-6,Planting,Medium,2,9,0.00
127,2024-03-16,Div-A,Range-1,FireAlert,High,5,0,0.00
128,2023-09-23,Div-B,Range-7,Payment,Medium,3,0,2418660.74
129,2025-06-07,Div-C,Range-3,FireAlert,High,5,0,0.00
130,2022-04-15,Div-B,Range-10,FireAlert,High,5,0,0.00
131,2024-02-27,Div-A,Range-7,Grievance,Medium,2,0,0.00
132,2025-12-18,Div-D,Range-5,Grievance,Low,1,0,0.00
133,2022-07-14,Div-E,Range-4,Payment,High,4,0,2149365.09
134,2022-05-06,Div-E,Range-5,Planting,High,3,454,0.00
135,2022-02-03,Div-C,Range-10,FireAlert,High,5,0,0.00
136,2024-04-03,Div-E,Range-9,Patrol,Medium,2,190,0.00
137,2025-07-02,Div-B,Range-5,FireAlert,High,5,0,0.00
138,2024-05-18,Div-B,Range-8,Grievance,Medium,2,0,0.00
139,2025-02-19,Div-E,Range-9,Grievance,Low,1,0,0.00
140,2024-08-08,Div-A,Range-8,FireAlert,High,5,0,0.00
141,2024-11-11,Div-C,Range-5,Patrol,High,3,135,0.00
142,2024-10-27,Div-D,Range-2,Patrol,Low,1,423,0.00
143,2023-01-23,Div-D,Range-1,FireAlert,Medium,4,0,0.00
144,2022-03-05,Div-C,Range-5,Payment,Low,2,0,594231.38
145,2025-09-09,Div-B,Range-1,Payment,Medium,3,0,4645522.03
146,2023-05-13,Div-C,Range-6,Planting,Medium,2,78,0.00
147,2023-09-09,Div-D,Range-6,Patrol,Medium,2,410,0.00
148,2024-10-14,Div-B,Range-4,Planting,Medium,2,393,0.00
149,2025-05-16,Div-E,Range-5,Planting,Medium,2,339,0.00
150,2023-06-01,Div-E,Range-1,Planting,Low,1,39,0.00
151,2025-05-15,Div-B,Range-4,Planting,Medium,2,255,0.00
152,2022-04-07,Div-D,Range-1,FireAlert,High,5,0,0.00
153,2023-03-01,Div-A,Range-6,Payment,High,4,0,359559.05
154,2024-03-05,Div-D,Range-3,Payment,Medium,3,0,1380830.67
155,2023-08-30,Div-E,Range-8,Planting,Low,1,83,0.00
156,2025-11-25,Div-C,Range-10,Patrol,High,3,353,0.00
157,2025-06-26,Div-B,Range-10,Payment,Low,2,0,4822931.82
158,2024-02-09,Div-C,Range-9,Grievance,High,3,0,0.00
159,2023-12-18,Div-E,Range-1,Payment,Medium,3,0,4497416.73
160,2023-12-18,Div-E,Range-5,Payment,Low,2,0,4827529.17
161,2023-12-19,Div-D,Range-1,Grievance,Medium,2,0,0.00
162,2022-04-16,Div-D,Range-1,Grievance,High,3,0,0.00
163,2025-08-04,Div-C,Range-9,Patrol,Low,1,119,0.00
164,2024-05-11,Div-B,Range-8,Patrol,Medium,2,459,0.00
165,2023-04-20,Div-A,Range-2,Payment,Medium,3,0,3773508.70
166,2023-01-08,Div-A,Range-10,Payment,High,4,0,760236.03
167,2023-01-19,Div-C,Range-10,Grievance,Medium,2,0,0.00
168,2022-02-11,Div-E,Range-5,Planting,Low,1,204,0.00
169,2025-01-14,Div-A,Range-9,Payment,High,4,0,3086124.52
170,2024-10-12,Div-D,Range-6,Payment,High,4,0,2982926.95
171,2022-11-28,Div-A,Range-9,Patrol,Low,1,423,0.00
172,2025-01-09,Div-B,Range-1,Payment,Medium,3,0,3654636.41
173,2022-10-23,Div-B,Range-7,Grievance,Low,1,0,0.00
174,2025-12-18,Div-B,Range-3,Payment,Low,2,0,143648.73
175,2023-12-28,Div-E,Range-2,Grievance,Low,1,0,0.00
176,2024-12-01,Div-A,Range-8,Patrol,Medium,2,357,0.00
177,2022-02-27,Div-E,Range-4,Payment,Medium,3,0,4716748.51
178,2022-10-10,Div-E,Range-8,Grievance,High,3,0,0.00
179,2023-06-02,Div-D,Range-10,FireAlert,High,5,0,0.00
180,2022-02-14,Div-D,Range-9,Planting,High,3,453,0.00
181,2023-05-29,Div-A,Range-7,FireAlert,High,5,0,0.00
182,2023-08-27,Div-A,Range-3,Grievance,High,3,0,0.00
183,2023-07-05,Div-E,Range-7,FireAlert,High,5,0,0.00
184,2023-11-29,Div-D,Range-5,Planting,Low,1,462,0.00
185,2023-10-27,Div-C,Range-10,FireAlert,Medium,4,0,0.00
186,2025-09-27,Div-A,Range-10,Planting,Medium,2,235,0.00
187,2024-09-09,Div-D,Range-2,Patrol,Low,1,422,0.00
188,2025-12-25,Div-E,Range-2,Patrol,Medium,2,337,0.00
189,2024-03-07,Div-C,Range-2,Payment,Medium,3,0,815324.87
190,2024-07-17,Div-D,Range-10,Planting,High,3,82,0.00
191,2024-05-14,Div-B,Range-3,FireAlert,Medium,4,0,0.00
192,2023-07-29,Div-D,Range-9,FireAlert,High,5,0,0.00
193,2023-12-25,Div-A,Range-6,FireAlert,Medium,4,0,0.00
194,2024-06-28,Div-E,Range-3,Planting,Medium,2,128,0.00
195,2025-07-13,Div-A,Range-2,Patrol,Medium,2,18,0.00
196,2023-12-19,Div-D,Range-8,FireAlert,Medium,4,0,0.00
197,2023-04-30,Div-D,Range-1,Payment,High,4,0,2471779.74
198,2022-08-30,Div-A,Range-3,FireAlert,Medium,4,0,0.00
199,2022-01-07,Div-B,Range-3,Planting,Low,1,176,0.00
200,2024-07-20,Div-C,Range-7,Grievance,Medium,2,0,0.00
201,2023-01-10,Div-D,Range-5,Grievance,Medium,2,0,0.00
202,2025-04-07,Div-D,Range-7,FireAlert,Low,3,0,0.00
203,2024-01-22,Div-E,Range-8,Payment,Medium,3,0,4694129.50
204,2022-04-04,Div-C,Range-1,Patrol,Low,1,195,0.00
205,2023-01-25,Div-B,Range-7,FireAlert,High,5,0,0.00
206,2025-08-01,Div-D,Range-7,Planting,Low,1,37,0.00
207,2022-01-21,Div-E,Range-2,Patrol,Low,1,244,0.00
208,2023-04-27,Div-A,Range-3,Grievance,Medium,2,0,0.00
209,2022-09-16,Div-B,Range-3,Payment,Medium,3,0,2867726.14
210,2023-11-09,Div-C,Range-4,FireAlert,Medium,4,0,0.00
211,2024-06-24,Div-A,Range-7,FireAlert,High,5,0,0.00
212,2023-09-05,Div-E,Range-3,Patrol,Medium,2,374,0.00
213,2022-11-05,Div-B,Range-1,FireAlert,Medium,4,0,0.00
214,2025-04-06,Div-B,Range-6,Patrol,Low,1,96,0.00
215,2024-09-20,Div-D,Range-2,Patrol,Medium,2,88,0.00
216,2024-08-27,Div-D,Range-2,Patrol,Medium,2,186,0.00
217,2022-03-22,Div-A,Range-1,Payment,Medium,3,0,1912653.44
218,2024-09-01,Div-A,Range-5,Grievance,Low,1,0,0.00
219,2022-10-02,Div-A,Range-2,Grievance,Medium,2,0,0.00
220,2023-06-06,Div-E,Range-7,FireAlert,Medium,4,0,0.00
221,2025-09-11,Div-E,Range-3,Payment,Medium,3,0,3519513.68
222,2025-10-24,Div-E,Range-8,Patrol,Medium,2,166,0.00
223,2023-10-31,Div-E,Range-8,Patrol,Medium,2,243,0.00
224,2024-08-24,Div-D,Range-3,Grievance,Low,1,0,0.00
225,2022-10-21,Div-D,Range-6,Patrol,Medium,2,161,0.00
226,2022-06-19,Div-E,Range-1,Grievance,Medium,2,0,0.00
227,2022-08-28,Div-B,Range-8,Planting,Low,1,135,0.00
228,2024-10-09,Div-D,Range-7,Planting,Low,1,433,0.00
229,2025-09-24,Div-B,Range-4,Payment,Medium,3,0,2845542.23
230,2023-08-07,Div-A,Range-2,Payment,Low,2,0,4756271.81
231,2023-11-25,Div-E,Range-3,Patrol,Medium,2,415,0.00
232,2022-08-15,Div-D,Range-8,FireAlert,High,5,0,0.00
233,2022-04-17,Div-D,Range-8,Payment,Medium,3,0,2538838.70
234,2024-10-21,Div-A,Range-10,FireAlert,High,5,0,0.00
235,2025-06-28,Div-E,Range-8,Patrol,Low,1,262,0.00
236,2023-11-17,Div-A,Range-4,Grievance,Low,1,0,0.00
237,2024-09-07,Div-A,Range-2,FireAlert,High,5,0,0.00
238,2022-06-01,Div-C,Range-3,Payment,Medium,3,0,4055986.60
239,2022-06-16,Div-D,Range-7,FireAlert,High,5,0,0.00
240,2023-11-22,Div-C,Range-5,Patrol,Low,1,230,0.00
241,2022-07-20,Div-B,Range-3,FireAlert,High,5,0,0.00
242,2024-11-23,Div-E,Range-7,Planting,Low,1,208,0.00
243,2023-03-10,Div-A,Range-4,Grievance,Low,1,0,0.00
244,2022-10-23,Div-D,Range-2,Payment,Low,2,0,171755.23
245,2023-06-09,Div-D,Range-7,Patrol,Low,1,223,0.00
246,2025-09-01,Div-C,Range-9,FireAlert,High,5,0,0.00
247,2022-04-05,Div-C,Range-5,Payment,Low,2,0,3144314.89
248,2025-09-29,Div-A,Range-4,Payment,Medium,3,0,3395743.60
249,2023-02-25,Div-E,Range-8,Grievance,Low,1,0,0.00
250,2025-12-29,Div-E,Range-7,Patrol,Medium,2,185,0.00
251,2024-10-08,Div-A,Range-6,Payment,Medium,3,0,2827012.83
252,2022-03-02,Div-E,Range-2,Patrol,Medium,2,449,0.00
253,2025-10-25,Div-C,Range-4,Grievance,Low,1,0,0.00
254,2025-08-17,Div-C,Range-10,Planting,Low,1,329,0.00
255,2024-10-01,Div-B,Range-4,Planting,Medium,2,143,0.00
256,2024-02-15,Div-D,Range-2,FireAlert,High,5,0,0.00
257,2023-09-02,Div-B,Range-4,Grievance,Medium,2,0,0.00
258,2025-02-16,Div-B,Range-5,Planting,Low,1,175,0.00
259,2025-05-06,Div-D,Range-7,FireAlert,Medium,4,0,0.00
260,2025-02-02,Div-E,Range-9,FireAlert,High,5,0,0.00
261,2023-08-08,Div-D,Range-8,Planting,Medium,2,28,0.00
262,2023-07-24,Div-D,Range-1,Patrol,Medium,2,179,0.00
263,2025-12-29,Div-C,Range-1,Grievance,Low,1,0,0.00
264,2022-12-27,Div-A,Range-9,FireAlert,Medium,4,0,0.00
265,2025-07-22,Div-A,Range-7,Grievance,Low,1,0,0.00
266,2023-06-08,Div-B,Range-5,Patrol,Medium,2,124,0.00
267,2025-08-04,Div-E,Range-5,FireAlert,High,5,0,0.00
268,2023-04-06,Div-B,Range-10,Planting,Medium,2,308,0.00
269,2023-11-08,Div-D,Range-8,Payment,Medium,3,0,1305904.38
270,2023-05-31,Div-C,Range-6,Patrol,Low,1,118,0.00
271,2022-06-03,Div-C,Range-4,Grievance,Medium,2,0,0.00
272,2024-11-13,Div-B,Range-5,Grievance,Medium,2,0,0.00
273,2024-11-12,Div-A,Range-6,Payment,Medium,3,0,1282693.38
274,2022-07-10,Div-E,Range-8,Payment,High,4,0,149755.61
275,2025-02-15,Div-C,Range-1,Grievance,Medium,2,0,0.00
276,2023-01-13,Div-A,Range-2,Payment,Medium,3,0,4025158.63
277,2024-05-21,Div-B,Range-9,Payment,Low,2,0,2143365.09
278,2025-01-05,Div-C,Range-7,Patrol,High,3,399,0.00
279,2022-11-14,Div-A,Range-10,Payment,High,4,0,4902853.69
280,2025-01-13,Div-A,Range-1,FireAlert,High,5,0,0.00
281,2022-03-24,Div-E,Range-3,Patrol,High,3,437,0.00
282,2022-07-04,Div-D,Range-5,Planting,Medium,2,201,0.00
283,2025-01-23,Div-D,Range-5,Grievance,Medium,2,0,0.00
284,2025-02-27,Div-A,Range-7,Planting,High,3,72,0.00
285,2024-01-20,Div-A,Range-4,Planting,Low,1,186,0.00
286,2025-07-16,Div-A,Range-3,Payment,High,4,0,3772209.31
287,2022-04-09,Div-D,Range-10,Grievance,Low,1,0,0.00
288,2022-09-18,Div-C,Range-4,Grievance,Medium,2,0,0.00
289,2022-10-07,Div-D,Range-6,Patrol,Medium,2,248,0.00
290,2024-12-29,Div-D,Range-8,Payment,Medium,3,0,3982002.23
291,2023-02-24,Div-D,Range-9,Grievance,Low,1,0,0.00
292,2023-12-14,Div-A,Range-5,FireAlert,High,5,0,0.00
293,2023-01-13,Div-B,Range-9,Patrol,Medium,2,376,0.00
294,2023-03-06,Div-E,Range-8,Planting,High,3,453,0.00
295,2022-07-28,Div-D,Range-10,FireAlert,Low,3,0,0.00
296,2023-07-11,Div-B,Range-2,Patrol,Low,1,53,0.00
297,2024-04-26,Div-B,Range-1,FireAlert,Low,3,0,0.00
298,2023-12-07,Div-B,Range-9,Planting,High,3,10,0.00
299,2025-02-19,Div-A,Range-6,Grievance,High,3,0,0.00
300,2024-07-30,Div-C,Range-4,FireAlert,High,5,0,0.00
301,2025-10-10,Div-E,Range-4,Planting,Low,1,330,0.00
302,2024-10-12,Div-E,Range-6,Payment,Medium,3,0,408843.38
303,2022-11-07,Div-A,Range-10,Planting,Medium,2,283,0.00
304,2025-03-11,Div-A,Range-6,Grievance,High,3,0,0.00
305,2025-07-16,Div-D,Range-7,Grievance,Medium,2,0,0.00
306,2022-06-30,Div-C,Range-1,Planting,Medium,2,398,0.00
307,2022-11-24,Div-E,Range-5,Grievance,Medium,2,0,0.00
308,2022-08-19,Div-B,Range-6,Grievance,Medium,2,0,0.00
309,2022-05-19,Div-E,Range-4,Grievance,Medium,2,0,0.00
310,2025-02-13,Div-D,Range-6,Payment,Medium,3,0,4503734.23
311,2023-11-05,Div-B,Range-1,Planting,Low,1,89,0.00
312,2024-04-23,Div-C,Range-2,Grievance,Low,1,0,0.00
313,2023-10-30,Div-C,Range-10,Planting,Low,1,36,0.00
314,2022-10-16,Div-B,Range-2,Grievance,High,3,0,0.00
315,2025-09-01,Div-D,Range-9,Patrol,Low,1,48,0.00
316,2023-12-18,Div-D,Range-4,Grievance,Medium,2,0,0.00
317,2022-09-07,Div-D,Range-1,Payment,Medium,3,0,4620722.82
318,2025-12-04,Div-B,Range-6,Planting,Low,1,102,0.00
319,2025-09-20,Div-E,Range-9,Payment,Medium,3,0,1777835.55
320,2024-07-05,Div-A,Range-2,Planting,Medium,2,122,0.00
321,2024-06-13,Div-B,Range-2,Grievance,Medium,2,0,0.00
322,2025-09-27,Div-B,Range-7,FireAlert,High,5,0,0.00
323,2022-08-29,Div-B,Range-9,Grievance,High,3,0,0.00
324,2025-06-04,Div-B,Range-2,Patrol,High,3,256,0.00
325,2022-09-21,Div-B,Range-4,FireAlert,High,5,0,0.00
326,2022-03-09,Div-B,Range-8,FireAlert,High,5,0,0.00
327,2025-05-19,Div-D,Range-5,Patrol,Medium,2,172,0.00
328,2023-04-04,Div-E,Range-7,FireAlert,High,5,0,0.00
329,2025-09-21,Div-C,Range-8,FireAlert,High,5,0,0.00
330,2024-09-25,Div-B,Range-8,Patrol,Medium,2,198,0.00
331,2022-05-20,Div-C,Range-7,Grievance,Low,1,0,0.00
332,2024-09-24,Div-C,Range-2,Grievance,Medium,2,0,0.00
333,2023-07-11,Div-A,Range-5,Planting,Medium,2,466,0.00
334,2022-01-10,Div-D,Range-6,Grievance,Low,1,0,0.00
335,2022-03-25,Div-B,Range-9,Grievance,Medium,2,0,0.00
336,2024-04-17,Div-E,Range-3,Planting,Medium,2,186,0.00
337,2022-01-04,Div-D,Range-4,Payment,Low,2,0,2146664.81
338,2023-10-07,Div-C,Range-3,Patrol,High,3,218,0.00
339,2023-09-14,Div-C,Range-10,Payment,High,4,0,2779546.69
340,2024-04-28,Div-B,Range-6,Grievance,Medium,2,0,0.00
341,2023-05-16,Div-D,Range-2,Patrol,Low,1,389,0.00
342,2024-11-24,Div-E,Range-5,Payment,Low,2,0,721288.81
343,2025-10-07,Div-A,Range-4,Planting,High,3,474,0.00
344,2022-02-24,Div-C,Range-7,Planting,Medium,2,355,0.00
345,2023-08-15,Div-A,Range-1,Planting,High,3,9,0.00
346,2023-05-05,Div-E,Range-8,FireAlert,Medium,4,0,0.00
347,2024-02-06,Div-A,Range-1,FireAlert,Medium,4,0,0.00
348,2025-05-03,Div-D,Range-7,FireAlert,High,5,0,0.00
349,2024-04-06,Div-D,Range-9,FireAlert,High,5,0,0.00
350,2025-06-01,Div-D,Range-3,FireAlert,High,5,0,0.00
351,2024-10-26,Div-E,Range-10,Planting,High,3,70,0.00
352,2023-06-12,Div-E,Range-3,Patrol,Low,1,98,0.00
353,2023-04-06,Div-A,Range-6,FireAlert,High,5,0,0.00
354,2022-05-30,Div-C,Range-3,Grievance,Low,1,0,0.00
355,2022-09-09,Div-C,Range-8,Grievance,Medium,2,0,0.00
356,2024-11-10,Div-C,Range-7,Patrol,Medium,2,208,0.00
357,2023-02-15,Div-C,Range-10,Payment,Medium,3,0,4265915.89
358,2023-12-15,Div-B,Range-6,Grievance,Medium,2,0,0.00
359,2025-05-19,Div-D,Range-9,Patrol,Medium,2,374,0.00
360,2022-09-21,Div-A,Range-4,Patrol,High,3,96,0.00
361,2025-09-25,Div-A,Range-9,Planting,Low,1,412,0.00
362,2024-09-18,Div-B,Range-4,Grievance,High,3,0,0.00
363,2024-05-17,Div-A,Range-5,Payment,High,4,0,1174577.43
364,2025-05-13,Div-A,Range-5,Planting,High,3,135,0.00
365,2023-08-18,Div-C,Range-2,Payment,Medium,3,0,954396.98
366,2024-05-20,Div-C,Range-4,Payment,High,4,0,2128378.66
367,2022-08-31,Div-E,Range-6,Planting,Medium,2,16,0.00
368,2025-09-09,Div-A,Range-7,Planting,Low,1,7,0.00
369,2024-07-21,Div-E,Range-1,FireAlert,Medium,4,0,0.00
370,2024-09-27,Div-E,Range-5,Patrol,Low,1,202,0.00
371,2025-05-14,Div-E,Range-9,Payment,Low,2,0,1638601.98
372,2024-01-30,Div-E,Range-9,Payment,Low,2,0,702059.65
373,2022-11-19,Div-D,Range-6,Payment,Medium,3,0,953779.60
374,2024-11-24,Div-E,Range-5,Patrol,Medium,2,309,0.00
375,2023-08-06,Div-E,Range-1,Planting,Low,1,284,0.00
376,2023-05-28,Div-D,Range-1,Planting,Medium,2,428,0.00
377,2024-11-20,Div-D,Range-2,Grievance,Medium,2,0,0.00
378,2022-08-27,Div-C,Range-4,Grievance,Low,1,0,0.00
379,2025-03-02,Div-D,Range-4,Grievance,High,3,0,0.00
380,2024-07-05,Div-C,Range-4,Planting,Low,1,240,0.00
381,2024-09-25,Div-A,Range-6,Planting,Medium,2,265,0.00
382,2023-10-22,Div-A,Range-7,Patrol,Medium,2,466,0.00
383,2023-08-03,Div-B,Range-5,Payment,Medium,3,0,2886780.24
384,2022-01-05,Div-A,Range-10,Planting,Medium,2,221,0.00
385,2024-10-22,Div-A,Range-6,Planting,Low,1,64,0.00
386,2024-06-21,Div-A,Range-1,Patrol,Low,1,472,0.00
387,2024-08-31,Div-B,Range-9,Planting,Low,1,459,0.00
388,2022-05-25,Div-A,Range-1,Patrol,Low,1,189,0.00
389,2025-07-17,Div-C,Range-1,Grievance,Medium,2,0,0.00
390,2025-04-16,Div-C,Range-10,FireAlert,High,5,0,0.00
391,2025-06-14,Div-C,Range-2,Grievance,High,3,0,0.00
392,2023-11-30,Div-C,Range-8,Patrol,Low,1,411,0.00
393,2022-06-01,Div-E,Range-9,Planting,Medium,2,425,0.00
394,2024-11-22,Div-E,Range-2,Patrol,Medium,2,266,0.00
395,2025-05-03,Div-E,Range-9,Payment,High,4,0,2135601.52
396,2024-01-22,Div-E,Range-3,FireAlert,Low,3,0,0.00
397,2023-09-23,Div-C,Range-5,FireAlert,High,5,0,0.00
398,2024-06-21,Div-E,Range-4,Payment,Medium,3,0,2476377.90
399,2025-03-04,Div-B,Range-4,FireAlert,High,5,0,0.00
400,2022-04-03,Div-E,Range-6,Patrol,Medium,2,229,0.00
401,2023-08-25,Div-A,Range-3,Grievance,Medium,2,0,0.00
402,2025-12-27,Div-B,Range-4,Grievance,Medium,2,0,0.00
403,2023-02-25,Div-C,Range-9,Planting,Medium,2,255,0.00
404,2023-11-12,Div-B,Range-8,Grievance,Low,1,0,0.00
405,2024-02-22,Div-C,Range-10,FireAlert,Low,3,0,0.00
406,2022-03-27,Div-B,Range-8,Patrol,Low,1,218,0.00
407,2024-06-29,Div-A,Range-1,Planting,Medium,2,177,0.00
408,2022-09-25,Div-B,Range-8,Patrol,High,3,141,0.00
409,2024-11-06,Div-D,Range-6,Payment,High,4,0,3134545.84
410,2024-11-12,Div-D,Range-2,Patrol,High,3,480,0.00
411,2025-03-15,Div-D,Range-4,Grievance,Low,1,0,0.00
412,2022-08-06,Div-A,Range-4,Grievance,Medium,2,0,0.00
413,2022-07-11,Div-C,Range-2,Payment,Low,2,0,1691883.50
414,2025-07-19,Div-D,Range-5,Grievance,Low,1,0,0.00
415,2024-06-20,Div-C,Range-4,Patrol,Low,1,118,0.00
416,2022-05-04,Div-B,Range-7,Payment,High,4,0,2847900.72
417,2022-10-05,Div-E,Range-10,Payment,Medium,3,0,3023950.19
418,2025-04-10,Div-D,Range-5,Payment,Medium,3,0,3675778.21
419,2022-09-15,Div-C,Range-2,Planting,Medium,2,116,0.00
420,2025-04-28,Div-D,Range-4,Grievance,Medium,2,0,0.00
421,2022-06-12,Div-A,Range-3,Payment,Low,2,0,1338771.79
422,2024-09-05,Div-C,Range-1,Grievance,Medium,2,0,0.00
423,2023-08-03,Div-E,Range-5,Planting,Medium,2,408,0.00
424,2022-12-09,Div-A,Range-2,Planting,High,3,263,0.00
425,2025-07-06,Div-B,Range-1,Grievance,Low,1,0,0.00
426,2024-08-17,Div-B,Range-8,Patrol,High,3,110,0.00
427,2024-02-24,Div-A,Range-10,Payment,Medium,3,0,1648648.11
428,2022-06-02,Div-C,Range-10,Planting,Medium,2,70,0.00
429,2023-07-23,Div-C,Range-1,Grievance,Medium,2,0,0.00
430,2024-09-27,Div-B,Range-9,FireAlert,Medium,4,0,0.00
431,2022-07-17,Div-C,Range-9,Planting,High,3,329,0.00
432,2022-03-30,Div-E,Range-9,Patrol,Medium,2,466,0.00
433,2022-08-01,Div-A,Range-3,Patrol,High,3,324,0.00
434,2023-03-10,Div-D,Range-9,Grievance,Medium,2,0,0.00
435,2025-11-02,Div-D,Range-8,FireAlert,Low,3,0,0.00
436,2023-09-03,Div-B,Range-5,Patrol,Medium,2,409,0.00
437,2025-05-15,Div-E,Range-6,Planting,High,3,36,0.00
438,2023-07-23,Div-D,Range-10,Planting,High,3,51,0.00
439,2023-10-11,Div-A,Range-6,Payment,Medium,3,0,410301.51
440,2024-07-19,Div-D,Range-8,FireAlert,High,5,0,0.00
441,2022-04-04,Div-C,Range-8,Planting,Low,1,31,0.00
442,2022-03-11,Div-B,Range-6,Patrol,Medium,2,304,0.00
443,2025-10-22,Div-D,Range-4,FireAlert,Low,3,0,0.00
444,2022-12-24,Div-A,Range-3,Patrol,Low,1,199,0.00
445,2022-05-10,Div-E,Range-3,Payment,Medium,3,0,479188.47
446,2023-11-02,Div-D,Range-10,Payment,Low,2,0,1481413.85
447,2022-02-24,Div-B,Range-7,FireAlert,High,5,0,0.00
448,2022-12-01,Div-C,Range-5,Patrol,Low,1,259,0.00
449,2023-12-31,Div-D,Range-7,Payment,High,4,0,618932.52
450,2023-06-13,Div-B,Range-5,Patrol,Low,1,438,0.00
451,2024-10-17,Div-B,Range-9,Payment,Medium,3,0,4228945.59
452,2022-08-08,Div-E,Range-6,Payment,Medium,3,0,1874930.97
453,2024-06-09,Div-D,Range-9,Patrol,Low,1,200,0.00
454,2024-02-26,Div-D,Range-10,Planting,Medium,2,303,0.00
455,2025-07-15,Div-E,Range-10,Patrol,Medium,2,130,0.00
456,2024-08-10,Div-C,Range-4,Planting,Medium,2,355,0.00
457,2025-12-28,Div-D,Range-2,Payment,Low,2,0,2239681.28
458,2024-12-10,Div-B,Range-3,FireAlert,High,5,0,0.00
459,2025-09-24,Div-A,Range-7,Payment,Low,2,0,3811982.63
460,2025-02-06,Div-D,Range-7,Payment,Medium,3,0,3785377.91
461,2024-10-11,Div-D,Range-1,Patrol,Low,1,374,0.00
462,2024-02-09,Div-C,Range-4,Patrol,Medium,2,356,0.00
463,2022-01-22,Div-D,Range-2,Patrol,Low,1,359,0.00
464,2024-12-26,Div-D,Range-6,Patrol,Medium,2,299,0.00
465,2023-03-10,Div-A,Range-5,FireAlert,High,5,0,0.00
466,2022-07-09,Div-B,Range-9,FireAlert,Medium,4,0,0.00
467,2023-08-31,Div-C,Range-9,Planting,Low,1,249,0.00
468,2022-03-10,Div-D,Range-1,Payment,High,4,0,2405325.37
469,2023-06-20,Div-A,Range-8,Grievance,Low,1,0,0.00
470,2025-07-12,Div-E,Range-8,Patrol,Medium,2,330,0.00
471,2023-03-15,Div-A,Range-8,Planting,Medium,2,138,0.00
472,2025-07-14,Div-E,Range-2,Planting,Low,1,140,0.00
473,2025-08-08,Div-B,Range-1,Patrol,High,3,112,0.00
474,2022-04-06,Div-E,Range-3,Patrol,Medium,2,136,0.00
475,2022-01-08,Div-E,Range-7,Payment,Low,2,0,1838384.60
476,2023-03-16,Div-E,Range-3,Payment,Medium,3,0,129291.60
477,2023-06-08,Div-C,Range-6,Payment,Medium,3,0,1949101.38
478,2023-02-13,Div-C,Range-6,Payment,Medium,3,0,2860553.55
479,2023-07-18,Div-A,Range-6,FireAlert,High,5,0,0.00
480,2025-07-06,Div-C,Range-6,Grievance,Low,1,0,0.00
481,2024-01-09,Div-C,Range-2,FireAlert,Medium,4,0,0.00
482,2025-04-20,Div-D,Range-2,FireAlert,High,5,0,0.00
483,2022-12-03,Div-D,Range-10,Payment,Low,2,0,2915303.45
484,2023-09-06,Div-A,Range-2,Planting,Medium,2,291,0.00
485,2024-11-15,Div-A,Range-6,Payment,High,4,0,1952368.99
486,2023-01-08,Div-B,Range-7,Payment,Medium,3,0,2460118.24
487,2022-12-09,Div-B,Range-2,Patrol,High,3,398,0.00
488,2023-12-10,Div-B,Range-5,Grievance,Medium,2,0,0.00
489,2024-08-03,Div-C,Range-6,Grievance,Medium,2,0,0.00
490,2025-09-10,Div-A,Range-10,Payment,Medium,3,0,2898809.01
491,2024-06-15,Div-C,Range-3,Planting,Medium,2,52,0.00
492,2025-01-30,Div-B,Range-4,Planting,Low,1,357,0.00
493,2023-09-06,Div-C,Range-7,FireAlert,High,5,0,0.00
494,2024-11-11,Div-C,Range-9,Payment,Medium,3,0,3157287.32
495,2023-11-26,Div-C,Range-5,FireAlert,High,5,0,0.00
496,2022-02-02,Div-E,Range-8,Grievance,Medium,2,0,0.00
497,2023-04-05,Div-C,Range-7,Payment,Low,2,0,2031518.71
498,2024-01-04,Div-B,Range-4,Payment,Low,2,0,3707474.83
499,2022-06-24,Div-B,Range-2,Patrol,Low,1,72,0.00
500,2022-01-09,Div-D,Range-2,Planting,Medium,2,84,0.00
501,2025-10-08,Div-A,Range-5,Planting,Medium,2,244,0.00
502,2022-05-08,Div-B,Range-9,Payment,Medium,3,0,3352766.86
503,2024-01-26,Div-D,Range-6,Payment,Medium,3,0,4826760.99
504,2024-09-14,Div-E,Range-1,Planting,Medium,2,123,0.00
505,2025-08-13,Div-B,Range-8,Grievance,Medium,2,0,0.00
506,2023-02-23,Div-D,Range-2,Grievance,High,3,0,0.00
507,2025-04-20,Div-B,Range-9,Planting,Low,1,44,0.00
508,2025-10-27,Div-A,Range-5,Payment,Medium,3,0,4364118.78
509,2022-02-20,Div-E,Range-2,Payment,Medium,3,0,1389634.22
510,2024-02-09,Div-D,Range-5,Planting,Low,1,221,0.00
511,2025-09-27,Div-E,Range-10,Patrol,Low,1,326,0.00
512,2025-03-13,Div-E,Range-1,Patrol,Medium,2,317,0.00
513,2022-08-07,Div-B,Range-4,Payment,Medium,3,0,4941980.86
514,2024-07-02,Div-B,Range-9,FireAlert,Medium,4,0,0.00
515,2024-05-11,Div-A,Range-7,Planting,Medium,2,456,0.00
516,2023-05-06,Div-C,Range-10,Grievance,Low,1,0,0.00
517,2022-11-01,Div-E,Range-2,Patrol,Medium,2,181,0.00
518,2024-04-11,Div-C,Range-2,Patrol,High,3,437,0.00
519,2025-12-14,Div-A,Range-9,Grievance,High,3,0,0.00
520,2023-12-14,Div-E,Range-2,Planting,High,3,204,0.00
521,2025-07-03,Div-B,Range-5,Grievance,Medium,2,0,0.00
522,2022-08-31,Div-E,Range-5,Payment,Medium,3,0,1452375.88
523,2025-12-01,Div-C,Range-10,Grievance,Low,1,0,0.00
524,2025-07-12,Div-E,Range-4,Patrol,Medium,2,425,0.00
525,2024-06-30,Div-D,Range-3,Grievance,Low,1,0,0.00
526,2022-05-27,Div-E,Range-2,FireAlert,High,5,0,0.00
527,2023-04-26,Div-A,Range-5,Grievance,Low,1,0,0.00
528,2022-08-06,Div-A,Range-10,FireAlert,Medium,4,0,0.00
529,2022-05-01,Div-D,Range-7,Planting,Low,1,441,0.00
530,2025-03-15,Div-B,Range-8,FireAlert,Medium,4,0,0.00
531,2022-03-25,Div-E,Range-1,FireAlert,Medium,4,0,0.00
532,2025-05-24,Div-D,Range-7,FireAlert,High,5,0,0.00
533,2023-01-07,Div-C,Range-10,Payment,Low,2,0,1315943.45
534,2023-02-01,Div-A,Range-1,Planting,Medium,2,206,0.00
535,2025-11-24,Div-B,Range-2,Payment,Medium,3,0,3886705.84
536,2023-09-11,Div-C,Range-5,FireAlert,High,5,0,0.00
537,2024-05-27,Div-E,Range-4,Grievance,Medium,2,0,0.00
538,2025-01-18,Div-B,Range-5,Planting,Medium,2,382,0.00
539,2022-05-12,Div-D,Range-9,Patrol,High,3,383,0.00
540,2024-09-09,Div-B,Range-4,Grievance,Medium,2,0,0.00
541,2024-02-26,Div-E,Range-4,Grievance,Low,1,0,0.00
542,2025-03-16,Div-E,Range-3,Payment,Low,2,0,1224876.41
543,2025-11-08,Div-B,Range-1,Payment,Medium,3,0,1385042.74
544,2024-06-08,Div-B,Range-10,Payment,Medium,3,0,1206761.14
545,2025-06-12,Div-B,Range-9,Patrol,Medium,2,84,0.00
546,2025-07-22,Div-B,Range-8,Planting,Medium,2,423,0.00
547,2025-03-14,Div-E,Range-4,Grievance,Medium,2,0,0.00
548,2025-12-22,Div-D,Range-10,Planting,Medium,2,250,0.00
549,2022-06-06,Div-C,Range-5,Payment,Medium,3,0,168431.54
550,2022-03-28,Div-E,Range-9,Patrol,Medium,2,271,0.00
551,2022-03-06,Div-A,Range-6,Planting,Medium,2,58,0.00
552,2023-06-07,Div-D,Range-3,Patrol,Medium,2,463,0.00
553,2024-11-02,Div-C,Range-4,Grievance,Medium,2,0,0.00
554,2025-03-25,Div-A,Range-8,Grievance,Medium,2,0,0.00
555,2022-08-01,Div-A,Range-7,Patrol,Medium,2,65,0.00
556,2023-11-02,Div-D,Range-6,FireAlert,Medium,4,0,0.00
557,2023-06-07,Div-E,Range-10,FireAlert,Medium,4,0,0.00
558,2023-02-24,Div-E,Range-5,FireAlert,High,5,0,0.00
559,2022-04-18,Div-E,Range-2,Planting,Low,1,148,0.00
560,2023-01-29,Div-C,Range-8,Grievance,Medium,2,0,0.00
561,2022-02-27,Div-A,Range-8,FireAlert,High,5,0,0.00
562,2022-05-23,Div-E,Range-10,Grievance,Low,1,0,0.00
563,2023-04-18,Div-A,Range-10,FireAlert,Medium,4,0,0.00
564,2022-02-16,Div-E,Range-7,Payment,Medium,3,0,1068969.88
565,2022-06-02,Div-D,Range-9,FireAlert,Medium,4,0,0.00
566,2023-10-13,Div-C,Range-9,Grievance,Medium,2,0,0.00
567,2023-07-08,Div-B,Range-9,FireAlert,Medium,4,0,0.00
568,2023-08-23,Div-A,Range-5,Patrol,Medium,2,183,0.00
569,2022-02-03,Div-D,Range-10,Payment,Medium,3,0,1556082.20
570,2022-06-18,Div-B,Range-4,Planting,Medium,2,120,0.00
571,2024-06-06,Div-B,Range-5,Patrol,Medium,2,141,0.00
572,2022-02-21,Div-C,Range-2,Payment,Medium,3,0,4519096.95
573,2024-09-29,Div-C,Range-4,Payment,Medium,3,0,856926.86
574,2025-10-14,Div-A,Range-8,Planting,Low,1,238,0.00
575,2024-07-26,Div-B,Range-5,Planting,High,3,241,0.00
576,2025-03-19,Div-B,Range-9,Planting,Medium,2,451,0.00
577,2024-06-24,Div-B,Range-2,Patrol,Medium,2,251,0.00
578,2022-08-08,Div-C,Range-2,Payment,Low,2,0,3220391.67
579,2022-03-20,Div-B,Range-8,Grievance,Low,1,0,0.00
580,2025-11-25,Div-E,Range-7,Grievance,Low,1,0,0.00
581,2025-05-21,Div-E,Range-7,Patrol,Medium,2,275,0.00
582,2022-04-18,Div-A,Range-8,Patrol,Medium,2,139,0.00
583,2023-11-24,Div-E,Range-7,Patrol,Low,1,42,0.00
584,2024-07-13,Div-A,Range-8,Planting,Low,1,5,0.00
585,2025-04-25,Div-E,Range-3,Payment,Medium,3,0,1564796.76
586,2025-09-15,Div-A,Range-2,Grievance,Low,1,0,0.00
587,2023-06-15,Div-B,Range-8,Payment,High,4,0,131948.12
588,2022-06-28,Div-B,Range-2,Payment,Low,2,0,2795453.79
589,2024-02-11,Div-D,Range-3,Grievance,Low,1,0,0.00
590,2022-11-05,Div-C,Range-7,Payment,Medium,3,0,2627871.45
591,2023-11-29,Div-C,Range-8,FireAlert,High,5,0,0.00
592,2025-06-22,Div-A,Range-4,Payment,High,4,0,300932.97
593,2022-04-05,Div-D,Range-5,FireAlert,Medium,4,0,0.00
594,2023-09-28,Div-B,Range-8,Payment,Low,2,0,3299856.20
595,2025-10-07,Div-D,Range-7,Grievance,Medium,2,0,0.00
596,2022-01-10,Div-C,Range-1,Planting,High,3,131,0.00
597,2025-09-09,Div-D,Range-8,FireAlert,Medium,4,0,0.00
598,2024-12-03,Div-E,Range-4,FireAlert,Medium,4,0,0.00
599,2022-04-13,Div-B,Range-8,Grievance,Low,1,0,0.00
600,2025-04-12,Div-D,Range-1,FireAlert,High,5,0,0.00
601,2025-11-09,Div-D,Range-6,FireAlert,Medium,4,0,0.00
602,2022-04-07,Div-C,Range-6,Grievance,Medium,2,0,0.00
603,2022-07-02,Div-A,Range-4,Planting,Low,1,72,0.00
604,2025-07-09,Div-E,Range-9,Patrol,Medium,2,399,0.00
605,2023-08-12,Div-D,Range-1,Patrol,Low,1,10,0.00
606,2023-06-05,Div-E,Range-6,FireAlert,Medium,4,0,0.00
607,2023-04-21,Div-D,Range-6,FireAlert,High,5,0,0.00
608,2024-12-02,Div-C,Range-2,Payment,Low,2,0,1273377.29
609,2025-07-02,Div-B,Range-9,Patrol,Medium,2,371,0.00
610,2024-04-22,Div-E,Range-7,Planting,Medium,2,122,0.00
611,2022-04-23,Div-C,Range-6,Patrol,Medium,2,153,0.00
612,2024-08-05,Div-B,Range-10,Planting,High,3,385,0.00
613,2025-04-15,Div-B,Range-3,Planting,Low,1,245,0.00
614,2022-12-14,Div-A,Range-1,Planting,High,3,421,0.00
615,2025-06-08,Div-D,Range-3,FireAlert,Medium,4,0,0.00
616,2022-05-16,Div-D,Range-1,Planting,Medium,2,432,0.00
617,2024-02-29,Div-B,Range-9,Planting,Medium,2,387,0.00
618,2025-06-12,Div-B,Range-6,Payment,Low,2,0,3092291.66
619,2022-07-07,Div-B,Range-3,Grievance,High,3,0,0.00
620,2025-08-29,Div-A,Range-10,Payment,Low,2,0,3772822.57
621,2025-10-24,Div-B,Range-7,FireAlert,High,5,0,0.00
622,2023-05-23,Div-B,Range-7,FireAlert,High,5,0,0.00
623,2022-07-18,Div-C,Range-8,Planting,Low,1,48,0.00
624,2024-08-21,Div-D,Range-7,Planting,Medium,2,216,0.00
625,2022-09-01,Div-A,Range-8,FireAlert,High,5,0,0.00
626,2023-06-07,Div-A,Range-1,Planting,Medium,2,276,0.00
627,2025-01-30,Div-A,Range-7,FireAlert,Low,3,0,0.00
628,2023-02-22,Div-D,Range-8,Planting,Low,1,425,0.00
629,2024-08-25,Div-D,Range-3,Planting,Low,1,434,0.00
630,2022-11-15,Div-E,Range-3,Payment,Medium,3,0,3629500.79
631,2024-02-15,Div-E,Range-6,Payment,Low,2,0,1476457.72
632,2023-10-29,Div-C,Range-8,Patrol,Medium,2,262,0.00
633,2022-05-25,Div-B,Range-4,Payment,Medium,3,0,2488456.95
634,2023-10-22,Div-E,Range-10,Patrol,Medium,2,224,0.00
635,2023-05-06,Div-D,Range-7,Payment,Medium,3,0,4929566.18
636,2024-05-30,Div-D,Range-5,Payment,Low,2,0,2857068.62
637,2025-08-19,Div-B,Range-5,Patrol,Medium,2,24,0.00
638,2025-11-30,Div-E,Range-2,Grievance,Medium,2,0,0.00
639,2024-02-24,Div-C,Range-2,Grievance,Medium,2,0,0.00
640,2024-01-13,Div-D,Range-5,Planting,Medium,2,199,0.00
641,2022-02-15,Div-A,Range-9,Payment,Medium,3,0,4609630.12
642,2023-06-13,Div-D,Range-5,Grievance,Low,1,0,0.00
643,2025-09-15,Div-A,Range-6,Grievance,Medium,2,0,0.00
644,2024-07-19,Div-A,Range-1,Planting,Medium,2,409,0.00
645,2025-08-07,Div-C,Range-10,Payment,High,4,0,1258163.26
646,2023-12-29,Div-C,Range-10,FireAlert,Medium,4,0,0.00
647,2023-10-13,Div-E,Range-10,Patrol,High,3,46,0.00
648,2025-04-25,Div-B,Range-9,Payment,Low,2,0,623611.85
649,2024-03-30,Div-D,Range-3,Grievance,Medium,2,0,0.00
650,2024-08-20,Div-D,Range-8,FireAlert,High,5,0,0.00
651,2024-06-29,Div-B,Range-5,Grievance,Medium,2,0,0.00
652,2023-01-01,Div-B,Range-10,Grievance,Medium,2,0,0.00
653,2025-06-21,Div-E,Range-2,Planting,Low,1,67,0.00
654,2025-04-07,Div-D,Range-6,FireAlert,Medium,4,0,0.00
655,2024-05-19,Div-A,Range-3,Planting,High,3,164,0.00
656,2024-01-30,Div-E,Range-9,Patrol,High,3,216,0.00
657,2025-12-09,Div-B,Range-6,Grievance,High,3,0,0.00
658,2023-11-21,Div-E,Range-4,FireAlert,High,5,0,0.00
659,2025-07-17,Div-D,Range-9,Payment,Low,2,0,4429926.35
660,2022-12-07,Div-A,Range-10,Grievance,High,3,0,0.00
661,2022-01-25,Div-D,Range-4,FireAlert,Medium,4,0,0.00
662,2022-01-10,Div-C,Range-3,Payment,Medium,3,0,863729.84
663,2022-12-15,Div-A,Range-8,Patrol,Medium,2,378,0.00
664,2023-07-03,Div-A,Range-6,Planting,High,3,421,0.00
665,2023-05-12,Div-C,Range-6,Payment,High,4,0,1136360.09
666,2024-01-21,Div-B,Range-3,Grievance,Low,1,0,0.00
667,2023-08-06,Div-E,Range-4,Planting,Medium,2,215,0.00
668,2024-05-05,Div-E,Range-10,Grievance,Medium,2,0,0.00
669,2024-08-10,Div-D,Range-3,Patrol,Low,1,444,0.00
670,2024-05-09,Div-D,Range-5,Grievance,Medium,2,0,0.00
671,2023-11-12,Div-A,Range-1,FireAlert,Medium,4,0,0.00
672,2022-08-28,Div-A,Range-4,Patrol,Medium,2,349,0.00
673,2022-07-28,Div-B,Range-2,Patrol,Medium,2,110,0.00
674,2024-06-10,Div-E,Range-9,Planting,High,3,35,0.00
675,2023-06-01,Div-A,Range-4,FireAlert,Medium,4,0,0.00
676,2024-03-21,Div-A,Range-3,Planting,High,3,5,0.00
677,2024-01-02,Div-D,Range-7,Patrol,Medium,2,29,0.00
678,2022-05-20,Div-D,Range-4,Payment,Medium,3,0,2758134.25
679,2022-11-22,Div-C,Range-7,Payment,High,4,0,1384864.50
680,2022-03-07,Div-D,Range-2,FireAlert,Low,3,0,0.00
681,2025-01-15,Div-C,Range-10,Grievance,Medium,2,0,0.00
682,2023-03-04,Div-A,Range-5,Planting,Low,1,103,0.00
683,2023-10-01,Div-C,Range-7,FireAlert,High,5,0,0.00
684,2023-03-02,Div-A,Range-5,FireAlert,High,5,0,0.00
685,2022-04-01,Div-E,Range-6,Payment,Medium,3,0,1369782.02
686,2023-05-04,Div-E,Range-3,Planting,Medium,2,51,0.00
687,2023-04-28,Div-A,Range-5,FireAlert,High,5,0,0.00
688,2025-10-31,Div-C,Range-9,Planting,Low,1,224,0.00
689,2025-10-08,Div-C,Range-9,Grievance,Medium,2,0,0.00
690,2023-11-07,Div-C,Range-8,Planting,Medium,2,174,0.00
691,2024-12-23,Div-C,Range-6,Patrol,Low,1,410,0.00
692,2023-09-13,Div-A,Range-5,Patrol,Medium,2,380,0.00
693,2022-01-03,Div-E,Range-5,Planting,High,3,316,0.00
694,2023-05-17,Div-B,Range-10,FireAlert,High,5,0,0.00
695,2023-11-28,Div-B,Range-1,Payment,Medium,3,0,329242.20
696,2023-03-31,Div-C,Range-6,FireAlert,High,5,0,0.00
697,2023-09-27,Div-D,Range-3,Grievance,Low,1,0,0.00
698,2023-08-03,Div-A,Range-2,Planting,Low,1,345,0.00
699,2024-09-14,Div-E,Range-1,Planting,Medium,2,243,0.00
700,2025-09-30,Div-E,Range-6,FireAlert,High,5,0,0.00
701,2025-03-01,Div-A,Range-2,Payment,Low,2,0,125375.54
702,2025-01-03,Div-E,Range-5,FireAlert,Medium,4,0,0.00
703,2024-03-19,Div-D,Range-8,FireAlert,High,5,0,0.00
704,2023-01-24,Div-E,Range-1,Grievance,Medium,2,0,0.00
705,2022-10-14,Div-D,Range-1,Patrol,Medium,2,479,0.00
706,2023-05-12,Div-D,Range-7,Planting,High,3,233,0.00
707,2025-01-30,Div-B,Range-4,FireAlert,High,5,0,0.00
708,2022-04-28,Div-B,Range-10,Payment,Medium,3,0,1576909.83
709,2025-05-18,Div-A,Range-8,Patrol,Low,1,29,0.00
710,2025-12-11,Div-C,Range-8,Payment,Low,2,0,1294393.14
711,2024-07-29,Div-E,Range-5,Grievance,Low,1,0,0.00
712,2024-05-13,Div-A,Range-2,Patrol,Low,1,326,0.00
713,2025-09-23,Div-E,Range-3,Payment,Low,2,0,3407251.20
714,2025-04-05,Div-C,Range-3,Planting,Low,1,425,0.00
715,2024-08-01,Div-E,Range-7,Planting,Medium,2,161,0.00
716,2023-07-09,Div-D,Range-5,Planting,Medium,2,10,0.00
717,2025-01-21,Div-A,Range-8,Grievance,Low,1,0,0.00
718,2023-09-28,Div-A,Range-1,Grievance,Medium,2,0,0.00
719,2025-05-26,Div-A,Range-3,Planting,Low,1,220,0.00
720,2023-06-21,Div-B,Range-9,Planting,Low,1,186,0.00
721,2024-06-01,Div-E,Range-2,Patrol,Medium,2,188,0.00
722,2023-10-13,Div-B,Range-1,Grievance,Medium,2,0,0.00
723,2023-01-16,Div-E,Range-6,Grievance,High,3,0,0.00
724,2025-05-09,Div-B,Range-9,Payment,Low,2,0,832242.65
725,2023-10-02,Div-D,Range-8,Planting,Medium,2,225,0.00
726,2024-03-07,Div-E,Range-5,Grievance,Low,1,0,0.00
727,2023-05-28,Div-E,Range-6,Patrol,Medium,2,418,0.00
728,2025-09-26,Div-A,Range-4,Payment,Medium,3,0,1762755.89
729,2022-12-01,Div-E,Range-5,Grievance,Medium,2,0,0.00
730,2024-11-16,Div-E,Range-10,Grievance,Medium,2,0,0.00
731,2023-07-23,Div-E,Range-9,FireAlert,Low,3,0,0.00
732,2022-04-26,Div-C,Range-10,Grievance,Low,1,0,0.00
733,2023-09-09,Div-E,Range-7,Payment,Medium,3,0,838612.92
734,2024-05-19,Div-C,Range-2,Planting,Medium,2,264,0.00
735,2024-01-22,Div-E,Range-2,Payment,Low,2,0,2519247.57
736,2024-12-26,Div-D,Range-1,FireAlert,High,5,0,0.00
737,2025-08-17,Div-B,Range-10,FireAlert,High,5,0,0.00
738,2022-04-03,Div-C,Range-4,FireAlert,Medium,4,0,0.00
739,2025-08-05,Div-A,Range-4,Payment,Medium,3,0,2001489.25
740,2024-09-17,Div-C,Range-10,FireAlert,Low,3,0,0.00
741,2025-08-22,Div-C,Range-5,Planting,Medium,2,142,0.00
742,2022-11-22,Div-C,Range-7,Planting,Medium,2,331,0.00
743,2023-08-07,Div-B,Range-10,Planting,Low,1,91,0.00
744,2025-06-20,Div-D,Range-7,FireAlert,High,5,0,0.00
745,2024-11-21,Div-D,Range-4,Grievance,Low,1,0,0.00
746,2025-04-30,Div-A,Range-9,FireAlert,Medium,4,0,0.00
747,2025-07-13,Div-E,Range-6,Planting,Medium,2,455,0.00
748,2024-10-27,Div-B,Range-8,Payment,Medium,3,0,1155287.29
749,2024-02-10,Div-B,Range-1,Grievance,Medium,2,0,0.00
750,2024-10-18,Div-D,Range-10,Patrol,Low,1,159,0.00
751,2025-08-07,Div-C,Range-3,Planting,Medium,2,287,0.00
752,2022-06-27,Div-C,Range-10,Grievance,Low,1,0,0.00
753,2022-04-27,Div-A,Range-2,FireAlert,Medium,4,0,0.00
754,2022-06-29,Div-D,Range-9,Planting,Medium,2,455,0.00
755,2023-05-06,Div-E,Range-1,Payment,High,4,0,3091550.57
756,2022-09-05,Div-C,Range-8,FireAlert,High,5,0,0.00
757,2025-06-14,Div-C,Range-10,Patrol,Medium,2,428,0.00
758,2024-01-04,Div-C,Range-4,Patrol,Medium,2,166,0.00
759,2022-08-31,Div-E,Range-1,Grievance,High,3,0,0.00
760,2025-01-09,Div-A,Range-8,Patrol,Low,1,76,0.00
761,2023-11-06,Div-E,Range-1,Payment,Low,2,0,338767.63
762,2025-08-18,Div-D,Range-8,Grievance,Low,1,0,0.00
763,2022-01-02,Div-B,Range-9,FireAlert,Medium,4,0,0.00
764,2023-10-14,Div-B,Range-1,Grievance,High,3,0,0.00
765,2023-05-29,Div-D,Range-8,Payment,Medium,3,0,3946827.91
766,2024-07-09,Div-E,Range-7,Grievance,Low,1,0,0.00
767,2024-07-06,Div-A,Range-5,Planting,Medium,2,195,0.00
768,2022-05-14,Div-B,Range-1,Payment,Medium,3,0,3131814.63
769,2024-10-13,Div-A,Range-2,Grievance,Low,1,0,0.00
770,2024-12-31,Div-B,Range-4,Grievance,Medium,2,0,0.00
771,2023-06-05,Div-E,Range-9,Payment,Medium,3,0,3831636.65
772,2024-01-12,Div-A,Range-9,Payment,Medium,3,0,4097625.11
773,2023-05-16,Div-C,Range-2,FireAlert,Medium,4,0,0.00
774,2022-03-15,Div-E,Range-2,Grievance,Medium,2,0,0.00
775,2023-08-29,Div-D,Range-8,FireAlert,Medium,4,0,0.00
776,2025-06-15,Div-E,Range-10,FireAlert,Medium,4,0,0.00
777,2025-08-12,Div-E,Range-3,FireAlert,Low,3,0,0.00
778,2022-12-15,Div-C,Range-6,Patrol,Medium,2,422,0.00
779,2022-09-12,Div-D,Range-1,Patrol,Low,1,444,0.00
780,2023-03-18,Div-C,Range-8,Payment,Low,2,0,1205440.31
781,2024-08-29,Div-A,Range-10,FireAlert,Low,3,0,0.00
782,2025-04-30,Div-E,Range-2,Grievance,Low,1,0,0.00
783,2023-10-22,Div-E,Range-8,Patrol,Low,1,290,0.00
784,2025-12-13,Div-A,Range-10,FireAlert,Medium,4,0,0.00
785,2025-01-04,Div-E,Range-6,FireAlert,High,5,0,0.00
786,2025-08-23,Div-C,Range-4,FireAlert,Low,3,0,0.00
787,2023-10-14,Div-C,Range-8,Patrol,Medium,2,474,0.00
788,2025-05-31,Div-D,Range-8,Patrol,Low,1,171,0.00
789,2023-06-27,Div-B,Range-4,Planting,Low,1,382,0.00
790,2022-11-30,Div-B,Range-10,Patrol,Medium,2,195,0.00
791,2025-06-01,Div-B,Range-9,Grievance,Medium,2,0,0.00
792,2024-10-03,Div-C,Range-9,Grievance,Low,1,0,0.00
793,2022-11-30,Div-E,Range-3,Patrol,Medium,2,277,0.00
794,2025-02-19,Div-E,Range-6,Patrol,Low,1,213,0.00
795,2025-07-17,Div-C,Range-5,Grievance,High,3,0,0.00
796,2022-01-15,Div-C,Range-4,Planting,Medium,2,187,0.00
797,2025-09-18,Div-A,Range-2,Grievance,High,3,0,0.00
798,2024-06-26,Div-C,Range-5,Planting,High,3,220,0.00
799,2025-01-17,Div-B,Range-1,Patrol,Medium,2,378,0.00
800,2022-07-30,Div-C,Range-3,FireAlert,Medium,4,0,0.00
801,2025-01-30,Div-D,Range-10,FireAlert,Low,3,0,0.00
802,2023-07-23,Div-B,Range-10,Patrol,Medium,2,82,0.00
803,2023-05-07,Div-A,Range-1,Payment,Medium,3,0,2612085.10
804,2022-10-31,Div-D,Range-3,Grievance,Low,1,0,0.00
805,2025-03-15,Div-A,Range-1,Payment,Medium,3,0,4617565.50
806,2023-06-25,Div-E,Range-5,Patrol,Medium,2,422,0.00
807,2025-08-23,Div-D,Range-6,Payment,Medium,3,0,390949.72
808,2024-11-05,Div-B,Range-4,Payment,Medium,3,0,2370170.33
809,2023-12-07,Div-B,Range-4,Planting,Medium,2,388,0.00
810,2024-10-12,Div-E,Range-6,FireAlert,Medium,4,0,0.00
811,2023-08-10,Div-C,Range-9,Patrol,Medium,2,478,0.00
812,2025-01-21,Div-D,Range-8,Payment,Medium,3,0,3911407.30
813,2025-09-28,Div-E,Range-2,Patrol,Low,1,340,0.00
814,2022-10-24,Div-B,Range-8,Planting,Low,1,127,0.00
815,2022-07-07,Div-A,Range-8,Planting,Low,1,327,0.00
816,2025-07-09,Div-E,Range-3,Patrol,High,3,194,0.00
817,2022-03-25,Div-A,Range-4,Patrol,Low,1,457,0.00
818,2024-01-23,Div-B,Range-1,Grievance,High,3,0,0.00
819,2025-02-21,Div-C,Range-8,Patrol,Medium,2,401,0.00
820,2025-05-01,Div-B,Range-4,Grievance,Low,1,0,0.00
821,2023-05-08,Div-C,Range-6,FireAlert,Medium,4,0,0.00
822,2023-04-05,Div-C,Range-1,Grievance,Medium,2,0,0.00
823,2022-10-27,Div-B,Range-3,FireAlert,High,5,0,0.00
824,2024-12-06,Div-B,Range-3,Grievance,Medium,2,0,0.00
825,2022-05-09,Div-B,Range-6,Patrol,Medium,2,57,0.00
826,2023-12-05,Div-B,Range-7,Grievance,Low,1,0,0.00
827,2023-01-01,Div-B,Range-3,FireAlert,Medium,4,0,0.00
828,2025-06-15,Div-A,Range-6,Grievance,Medium,2,0,0.00
829,2025-10-06,Div-E,Range-3,Planting,Low,1,311,0.00
830,2023-06-10,Div-E,Range-9,Grievance,Medium,2,0,0.00
831,2022-11-03,Div-C,Range-3,Payment,Medium,3,0,343065.17
832,2022-08-20,Div-D,Range-6,Grievance,Medium,2,0,0.00
833,2022-07-02,Div-E,Range-9,Patrol,Low,1,151,0.00
834,2024-02-29,Div-A,Range-3,FireAlert,High,5,0,0.00
835,2024-12-28,Div-A,Range-4,Payment,Low,2,0,2328441.75
836,2022-01-26,Div-E,Range-9,Payment,Low,2,0,4970186.08
837,2022-10-09,Div-D,Range-8,Grievance,Low,1,0,0.00
838,2022-11-14,Div-D,Range-5,FireAlert,Medium,4,0,0.00
839,2025-02-07,Div-D,Range-1,Planting,Low,1,77,0.00
840,2023-06-09,Div-A,Range-6,Grievance,Low,1,0,0.00
841,2024-05-30,Div-A,Range-3,Patrol,Medium,2,272,0.00
842,2025-01-24,Div-C,Range-8,FireAlert,Medium,4,0,0.00
843,2024-09-01,Div-D,Range-6,Grievance,Medium,2,0,0.00
844,2024-07-25,Div-A,Range-9,FireAlert,High,5,0,0.00
845,2023-01-27,Div-B,Range-2,Payment,Medium,3,0,2421605.42
846,2022-09-15,Div-D,Range-4,Patrol,Medium,2,455,0.00
847,2023-04-15,Div-B,Range-9,Payment,Medium,3,0,1414483.44
848,2023-08-27,Div-C,Range-8,Planting,Medium,2,414,0.00
849,2023-07-26,Div-E,Range-4,Grievance,High,3,0,0.00
850,2024-06-23,Div-C,Range-9,Planting,Medium,2,298,0.00
851,2025-07-02,Div-D,Range-5,Payment,Medium,3,0,2299259.39
852,2024-10-06,Div-B,Range-9,FireAlert,High,5,0,0.00
853,2023-07-05,Div-D,Range-7,Payment,Medium,3,0,2263477.35
854,2023-04-19,Div-B,Range-7,Planting,Medium,2,416,0.00
855,2022-04-22,Div-C,Range-5,Grievance,High,3,0,0.00
856,2023-04-23,Div-D,Range-8,Planting,Low,1,364,0.00
857,2023-07-04,Div-C,Range-8,Planting,Low,1,27,0.00
858,2025-08-29,Div-C,Range-8,Patrol,Medium,2,225,0.00
859,2024-05-09,Div-E,Range-6,Payment,Low,2,0,1090530.88
860,2022-12-30,Div-B,Range-3,Payment,Low,2,0,4673336.61
861,2024-01-24,Div-B,Range-5,FireAlert,Medium,4,0,0.00
862,2025-10-31,Div-E,Range-8,Planting,Low,1,389,0.00
863,2023-01-20,Div-C,Range-1,Planting,Medium,2,132,0.00
864,2023-01-01,Div-A,Range-9,Payment,Medium,3,0,1684875.87
865,2024-07-15,Div-A,Range-7,FireAlert,High,5,0,0.00
866,2024-10-15,Div-E,Range-3,FireAlert,High,5,0,0.00
867,2024-02-26,Div-B,Range-9,Grievance,Medium,2,0,0.00
868,2022-02-25,Div-B,Range-4,Grievance,Low,1,0,0.00
869,2025-01-08,Div-C,Range-8,Planting,Low,1,38,0.00
870,2023-12-11,Div-C,Range-8,Patrol,Medium,2,327,0.00
871,2024-12-28,Div-B,Range-10,Payment,Low,2,0,955106.16
872,2023-04-02,Div-E,Range-8,Planting,Medium,2,115,0.00
873,2024-05-12,Div-E,Range-8,Payment,Low,2,0,2478090.54
874,2024-08-03,Div-E,Range-7,Grievance,Low,1,0,0.00
875,2022-08-18,Div-B,Range-6,FireAlert,High,5,0,0.00
876,2024-07-24,Div-A,Range-6,FireAlert,Medium,4,0,0.00
877,2022-04-08,Div-C,Range-5,Planting,Medium,2,51,0.00
878,2022-10-04,Div-B,Range-3,Planting,Medium,2,320,0.00
879,2024-02-15,Div-B,Range-8,Grievance,Medium,2,0,0.00
880,2023-02-25,Div-B,Range-4,Patrol,High,3,443,0.00
881,2024-02-07,Div-E,Range-9,FireAlert,High,5,0,0.00
882,2022-02-24,Div-D,Range-5,Payment,Medium,3,0,3466839.25
883,2025-11-25,Div-B,Range-6,Payment,Medium,3,0,465276.12
884,2025-11-24,Div-A,Range-7,FireAlert,Medium,4,0,0.00
885,2023-02-06,Div-E,Range-3,Payment,Low,2,0,458938.62
886,2024-07-01,Div-E,Range-4,Grievance,Medium,2,0,0.00
887,2024-07-01,Div-A,Range-7,Planting,High,3,201,0.00
888,2023-10-26,Div-E,Range-8,FireAlert,Medium,4,0,0.00
889,2023-06-29,Div-C,Range-8,FireAlert,High,5,0,0.00
890,2024-03-06,Div-B,Range-10,Payment,Medium,3,0,4618581.93
891,2025-04-01,Div-E,Range-2,Patrol,High,3,10,0.00
892,2022-03-07,Div-D,Range-7,Payment,Medium,3,0,2720652.27
893,2023-05-16,Div-B,Range-2,FireAlert,Medium,4,0,0.00
894,2025-09-08,Div-B,Range-9,Payment,Medium,3,0,3967979.72
895,2023-06-05,Div-C,Range-6,Payment,High,4,0,1579575.10
896,2023-01-31,Div-B,Range-7,Planting,Low,1,52,0.00
897,2025-04-20,Div-B,Range-9,Grievance,Medium,2,0,0.00
898,2022-08-13,Div-D,Range-5,Patrol,Low,1,266,0.00
899,2023-08-11,Div-C,Range-7,Planting,High,3,446,0.00
900,2024-05-16,Div-D,Range-2,FireAlert,High,5,0,0.00
901,2022-11-06,Div-C,Range-8,Grievance,Medium,2,0,0.00
902,2024-09-09,Div-E,Range-8,FireAlert,High,5,0,0.00
903,2024-07-22,Div-C,Range-8,Payment,High,4,0,4481562.67
904,2022-02-23,Div-A,Range-9,FireAlert,Medium,4,0,0.00
905,2025-03-31,Div-C,Range-5,FireAlert,Low,3,0,0.00
906,2024-10-03,Div-A,Range-8,Grievance,Medium,2,0,0.00
907,2022-04-20,Div-C,Range-7,Patrol,Medium,2,28,0.00
908,2023-05-23,Div-D,Range-5,Payment,Medium,3,0,4935388.03
909,2022-08-25,Div-A,Range-10,Patrol,Low,1,456,0.00
910,2023-04-25,Div-D,Range-2,Planting,Low,1,140,0.00
911,2022-05-28,Div-C,Range-6,FireAlert,High,5,0,0.00
912,2023-12-26,Div-E,Range-8,Grievance,Low,1,0,0.00
913,2022-01-20,Div-B,Range-1,Patrol,High,3,336,0.00
914,2023-12-03,Div-B,Range-1,Payment,Low,2,0,136737.24
915,2023-07-24,Div-A,Range-10,Payment,Medium,3,0,1264500.88
916,2024-09-24,Div-C,Range-7,Planting,Medium,2,300,0.00
917,2022-08-25,Div-B,Range-8,Patrol,Medium,2,164,0.00
918,2022-12-31,Div-D,Range-6,Planting,Low,1,436,0.00
919,2023-06-17,Div-D,Range-2,Patrol,Medium,2,326,0.00
920,2024-07-22,Div-C,Range-10,Grievance,Medium,2,0,0.00
921,2025-07-02,Div-A,Range-5,Patrol,High,3,403,0.00
922,2025-04-06,Div-A,Range-4,FireAlert,Medium,4,0,0.00
923,2023-04-13,Div-A,Range-7,Patrol,Medium,2,314,0.00
924,2022-11-22,Div-B,Range-4,FireAlert,High,5,0,0.00
925,2023-05-04,Div-D,Range-9,Planting,Medium,2,171,0.00
926,2023-12-20,Div-B,Range-10,Patrol,Medium,2,246,0.00
927,2022-05-06,Div-A,Range-6,Patrol,Medium,2,177,0.00
928,2022-04-15,Div-C,Range-2,Payment,Low,2,0,4981808.39
929,2023-12-08,Div-C,Range-10,Grievance,High,3,0,0.00
930,2024-02-15,Div-C,Range-9,Payment,Low,2,0,1555094.12
931,2022-08-17,Div-A,Range-4,FireAlert,Medium,4,0,0.00
932,2022-05-27,Div-B,Range-6,Planting,Medium,2,461,0.00
933,2025-02-21,Div-C,Range-10,Patrol,High,3,373,0.00
934,2025-02-17,Div-A,Range-7,Payment,Low,2,0,3535268.89
935,2023-03-12,Div-E,Range-3,Payment,Medium,3,0,4216030.18
936,2022-04-13,Div-A,Range-2,Patrol,Medium,2,465,0.00
937,2022-05-23,Div-D,Range-9,Grievance,Medium,2,0,0.00
938,2022-10-27,Div-A,Range-10,Patrol,Low,1,271,0.00
939,2023-08-05,Div-E,Range-4,Patrol,Low,1,426,0.00
940,2024-08-24,Div-A,Range-10,Payment,High,4,0,4521837.44
941,2022-10-19,Div-B,Range-7,Patrol,High,3,95,0.00
942,2022-10-04,Div-A,Range-5,FireAlert,Medium,4,0,0.00
943,2022-01-26,Div-D,Range-5,Grievance,Low,1,0,0.00
944,2023-01-29,Div-C,Range-6,FireAlert,High,5,0,0.00
945,2023-12-28,Div-E,Range-9,Patrol,Medium,2,436,0.00
946,2022-04-22,Div-D,Range-2,Planting,Low,1,210,0.00
947,2022-05-05,Div-B,Range-6,FireAlert,Medium,4,0,0.00
948,2024-01-23,Div-D,Range-9,Payment,Medium,3,0,169997.68
949,2025-06-20,Div-E,Range-2,Payment,Medium,3,0,1163582.15
950,2022-05-31,Div-A,Range-2,Patrol,Medium,2,377,0.00
951,2024-03-13,Div-D,Range-5,Grievance,Medium,2,0,0.00
952,2024-12-23,Div-A,Range-6,Planting,Low,1,199,0.00
953,2022-01-25,Div-D,Range-5,Planting,Medium,2,427,0.00
954,2025-03-29,Div-D,Range-3,Patrol,Low,1,456,0.00
955,2024-04-07,Div-D,Range-3,Payment,Low,2,0,4243857.25
956,2025-08-23,Div-D,Range-6,Payment,Low,2,0,2818354.96
957,2024-01-19,Div-D,Range-8,Planting,Medium,2,408,0.00
958,2025-09-08,Div-C,Range-3,FireAlert,Medium,4,0,0.00
959,2025-06-04,Div-A,Range-4,Patrol,Low,1,366,0.00
960,2022-05-18,Div-A,Range-10,Patrol,Medium,2,353,0.00
961,2024-05-18,Div-B,Range-7,Payment,Medium,3,0,1149448.55
962,2024-09-22,Div-D,Range-1,Payment,Low,2,0,1516319.15
963,2022-04-03,Div-B,Range-3,Planting,High,3,416,0.00
964,2022-04-04,Div-B,Range-2,Grievance,High,3,0,0.00
965,2022-07-04,Div-B,Range-1,FireAlert,High,5,0,0.00
966,2022-04-07,Div-C,Range-6,Planting,Medium,2,221,0.00
967,2022-04-25,Div-E,Range-6,Payment,High,4,0,2815412.53
968,2024-12-07,Div-C,Range-8,Planting,Medium,2,457,0.00
969,2023-02-26,Div-B,Range-10,Grievance,Low,1,0,0.00
970,2025-12-13,Div-C,Range-8,FireAlert,High,5,0,0.00
971,2022-11-24,Div-A,Range-1,Patrol,Medium,2,263,0.00
972,2023-09-05,Div-E,Range-2,Patrol,Low,1,435,0.00
973,2024-07-30,Div-B,Range-10,Patrol,Medium,2,135,0.00
974,2025-04-10,Div-C,Range-9,Grievance,Low,1,0,0.00
975,2022-10-19,Div-C,Range-10,Planting,Low,1,256,0.00
976,2024-12-15,Div-E,Range-2,FireAlert,High,5,0,0.00
977,2022-07-28,Div-A,Range-10,Patrol,Medium,2,184,0.00
978,2023-12-07,Div-D,Range-4,Payment,Low,2,0,2217367.25
979,2022-07-24,Div-D,Range-2,Patrol,Low,1,250,0.00
980,2023-01-02,Div-A,Range-7,Payment,High,4,0,4845582.50
981,2024-05-06,Div-B,Range-6,Patrol,Medium,2,399,0.00
982,2023-08-23,Div-A,Range-9,Planting,Medium,2,6,0.00
983,2023-07-11,Div-D,Range-3,Planting,Medium,2,421,0.00
984,2024-09-03,Div-D,Range-3,Grievance,Low,1,0,0.00
985,2025-05-28,Div-C,Range-1,Planting,Medium,2,311,0.00
986,2024-08-28,Div-A,Range-1,Grievance,High,3,0,0.00
987,2023-02-13,Div-C,Range-4,Planting,Low,1,158,0.00
988,2024-05-06,Div-E,Range-10,FireAlert,Low,3,0,0.00
989,2024-06-18,Div-D,Range-1,Planting,Medium,2,336,0.00
990,2022-07-07,Div-D,Range-1,Grievance,High,3,0,0.00
991,2023-05-08,Div-B,Range-8,Payment,Medium,3,0,3007402.81
992,2022-04-05,Div-A,Range-8,Payment,Low,2,0,4731702.95
993,2025-12-15,Div-B,Range-7,Planting,Medium,2,361,0.00
994,2022-07-05,Div-E,Range-8,Payment,Low,2,0,3219357.71
995,2023-11-17,Div-E,Range-3,FireAlert,High,5,0,0.00
996,2024-02-11,Div-B,Range-1,Grievance,High,3,0,0.00
997,2025-07-24,Div-E,Range-4,Payment,Low,2,0,3228097.68
998,2024-04-30,Div-A,Range-6,Planting,Low,1,339,0.00
999,2022-09-03,Div-D,Range-2,Payment,Medium,3,0,2832431.24
1000,2025-03-31,Div-D,Range-5,FireAlert,Medium,4,0,0.00
