heap_index,case_id,species,condition,triage_level,age_years,temperature_c,resp_rate_min,heart_rate_bpm,trauma_severity_0_3,infectious_suspect,pregnant,priority_score
1,ANM_0923,CAT,FEVER,RED_IMMEDIATE,4.5,36.2,71,143,3,YES,NO,119.0
2,ANM_0342,CATTLE,FEVER,RED_IMMEDIATE,3.3,36.5,41,103,3,YES,YES,115.0
3,ANM_0814,SHEEP,OBSTETRIC,RED_IMMEDIATE,10.4,36.1,47,106,3,YES,NO,110.0
4,ANM_0305,BUFFALO,TRAUMA,RED_IMMEDIATE,1.8,36.1,51,148,2,YES,YES,112.0
5,ANM_0094,DOG,OBSTETRIC,ORANGE_VERY_URGENT,1.4,40.2,26,194,3,YES,YES,101.0
6,ANM_0218,DOG,GI,RED_IMMEDIATE,6.2,40.0,49,93,3,NO,YES,108.0
7,ANM_0896,BUFFALO,OBSTETRIC,RED_IMMEDIATE,1.8,38.5,32,98,3,YES,YES,106.0
8,ANM_0278,BUFFALO,FEVER,RED_IMMEDIATE,2.9,37.4,69,177,3,NO,YES,107.0
9,ANM_0589,CAT,GI,RED_IMMEDIATE,3.9,39.2,69,179,3,YES,NO,109.0
10,ANM_0666,BUFFALO,TRAUMA,RED_IMMEDIATE,9.7,40.2,53,145,3,NO,NO,98.0
11,ANM_0380,CATTLE,NEURO,RED_IMMEDIATE,8.9,37.1,76,148,2,YES,NO,101.0
12,ANM_0390,GOAT,GI,RED_IMMEDIATE,9.8,40.4,74,134,2,NO,NO,94.0
13,ANM_0441,CAT,NEURO,RED_IMMEDIATE,1.1,36.1,52,67,3,NO,NO,103.0
14,ANM_0931,CATTLE,TRAUMA,RED_IMMEDIATE,8.9,40.7,67,89,2,YES,NO,106.0
15,ANM_0982,SHEEP,NEURO,RED_IMMEDIATE,1.5,37.8,80,149,3,YES,NO,104.0
16,ANM_0526,BUFFALO,NEURO,RED_IMMEDIATE,4.0,38.4,51,84,2,YES,NO,92.0
17,ANM_0142,GOAT,FEVER,RED_IMMEDIATE,10.4,40.3,59,189,3,NO,NO,98.0
18,ANM_0602,BUFFALO,RESPIRATORY,RED_IMMEDIATE,7.9,36.7,76,184,3,NO,YES,107.0
19,ANM_0311,CATTLE,GI,RED_IMMEDIATE,5.7,37.4,74,139,2,YES,NO,101.0
20,ANM_0164,GOAT,RESPIRATORY,RED_IMMEDIATE,6.6,40.1,31,178,3,NO,NO,94.0
21,ANM_0672,GOAT,RESPIRATORY,RED_IMMEDIATE,8.9,40.9,41,135,3,NO,NO,98.0
22,ANM_0178,DOG,TRAUMA,RED_IMMEDIATE,4.9,39.6,50,194,3,NO,NO,98.0
23,ANM_0743,GOAT,RESPIRATORY,RED_IMMEDIATE,4.5,40.7,27,63,3,NO,NO,94.0
24,ANM_0391,CAT,TRAUMA,RED_IMMEDIATE,9.1,36.2,74,95,1,NO,NO,91.0
25,ANM_0822,CAT,RESPIRATORY,RED_IMMEDIATE,11.2,38.4,58,124,3,NO,NO,93.0
26,ANM_0838,CAT,NEURO,RED_IMMEDIATE,5.9,40.0,57,145,2,YES,NO,102.0
27,ANM_0869,GOAT,NEURO,RED_IMMEDIATE,9.8,40.2,41,117,3,NO,NO,98.0
28,ANM_0918,CAT,TRAUMA,RED_IMMEDIATE,3.3,40.8,62,70,0,YES,NO,95.0
29,ANM_0939,DOG,GI,RED_IMMEDIATE,4.0,40.0,75,73,2,NO,NO,94.0
30,ANM_0977,GOAT,OBSTETRIC,RED_IMMEDIATE,8.3,36.3,73,147,3,NO,NO,102.0
31,ANM_0509,DOG,TRAUMA,ORANGE_VERY_URGENT,2.9,40.9,70,148,3,NO,YES,97.0
32,ANM_0524,BUFFALO,FEVER,RED_IMMEDIATE,9.9,39.4,37,190,1,YES,NO,80.0
33,ANM_0531,SHEEP,FEVER,RED_IMMEDIATE,6.1,39.9,28,94,3,NO,NO,89.0
34,ANM_0276,SHEEP,OBSTETRIC,RED_IMMEDIATE,4.4,36.0,28,109,3,NO,NO,94.0
35,ANM_0035,BUFFALO,GI,ORANGE_VERY_URGENT,3.8,40.5,70,70,2,YES,NO,86.0
36,ANM_0144,GOAT,NEURO,RED_IMMEDIATE,7.8,36.2,65,172,3,NO,NO,102.0
37,ANM_0299,CAT,OBSTETRIC,RED_IMMEDIATE,10.7,36.1,43,141,1,NO,NO,87.0
38,ANM_0307,DOG,NEURO,RED_IMMEDIATE,5.6,37.8,51,102,2,YES,NO,97.0
39,ANM_0157,GOAT,RESPIRATORY,RED_IMMEDIATE,11.2,40.2,61,145,1,YES,NO,98.0
40,ANM_0645,SHEEP,GI,ORANGE_VERY_URGENT,8.1,36.2,61,153,2,YES,NO,86.0
41,ANM_0334,GOAT,TRAUMA,RED_IMMEDIATE,7.1,40.6,69,88,2,NO,NO,94.0
42,ANM_0680,DOG,FEVER,RED_IMMEDIATE,11.5,39.8,25,61,3,NO,NO,94.0
43,ANM_0699,SHEEP,GI,ORANGE_VERY_URGENT,2.9,36.6,40,91,3,YES,YES,91.0
44,ANM_0710,SHEEP,GI,RED_IMMEDIATE,2.3,39.3,69,137,1,NO,YES,86.0
45,ANM_0730,CATTLE,FEVER,ORANGE_VERY_URGENT,7.1,37.9,67,120,3,YES,YES,94.0
46,ANM_0186,DOG,RESPIRATORY,ORANGE_VERY_URGENT,8.7,39.7,75,148,3,YES,NO,94.0
47,ANM_0190,GOAT,TRAUMA,RED_IMMEDIATE,6.0,40.4,61,180,2,NO,NO,94.0
48,ANM_0774,DOG,RESPIRATORY,RED_IMMEDIATE,9.3,36.7,47,65,0,YES,NO,86.0
49,ANM_0099,BUFFALO,RESPIRATORY,ORANGE_VERY_URGENT,7.4,37.9,63,121,3,NO,YES,82.0
50,ANM_0802,BUFFALO,GI,RED_IMMEDIATE,8.2,38.0,55,192,3,NO,NO,88.0
51,ANM_0819,CATTLE,GI,RED_IMMEDIATE,7.7,40.6,21,128,0,YES,NO,82.0
52,ANM_0105,GOAT,GI,RED_IMMEDIATE,4.5,36.7,78,135,2,NO,NO,89.0
53,ANM_0849,GOAT,OBSTETRIC,ORANGE_VERY_URGENT,4.1,36.5,76,70,3,YES,YES,99.0
54,ANM_0877,BUFFALO,GI,RED_IMMEDIATE,4.9,40.0,53,144,3,NO,NO,93.0
55,ANM_0445,SHEEP,RESPIRATORY,RED_IMMEDIATE,4.6,36.2,33,192,2,NO,NO,86.0
56,ANM_0910,CAT,RESPIRATORY,ORANGE_VERY_URGENT,7.3,40.8,73,101,0,YES,YES,85.0
57,ANM_0916,BUFFALO,RESPIRATORY,RED_IMMEDIATE,2.4,39.8,36,164,3,NO,NO,89.0
58,ANM_0464,DOG,GI,RED_IMMEDIATE,3.3,37.9,58,69,3,NO,NO,93.0
59,ANM_0948,CAT,TRAUMA,ORANGE_VERY_URGENT,7.3,36.9,55,174,2,YES,YES,92.0
60,ANM_0485,CAT,FEVER,ORANGE_VERY_URGENT,4.5,38.8,71,125,2,YES,YES,91.0
61,ANM_0990,BUFFALO,FEVER,RED_IMMEDIATE,6.9,40.0,64,108,3,NO,NO,97.0
62,ANM_0497,GOAT,OBSTETRIC,ORANGE_VERY_URGENT,0.3,37.9,46,171,3,YES,NO,80.0
63,ANM_0031,CAT,OBSTETRIC,RED_IMMEDIATE,9.8,37.5,62,86,1,NO,NO,81.0
64,ANM_0517,SHEEP,NEURO,RED_IMMEDIATE,6.8,40.7,46,154,0,NO,NO,74.0
65,ANM_0130,DOG,OBSTETRIC,RED_IMMEDIATE,0.8,36.8,59,72,0,NO,NO,74.0
66,ANM_0533,CAT,OBSTETRIC,RED_IMMEDIATE,8.1,38.1,42,108,2,NO,NO,85.0
67,ANM_0536,GOAT,TRAUMA,ORANGE_VERY_URGENT,9.7,37.5,50,65,2,YES,NO,72.0
68,ANM_0544,SHEEP,NEURO,ORANGE_VERY_URGENT,8.8,38.6,63,118,3,YES,NO,84.0
69,ANM_0139,BUFFALO,OBSTETRIC,ORANGE_VERY_URGENT,9.2,36.4,80,186,3,NO,NO,82.0
70,ANM_0141,SHEEP,NEURO,ORANGE_VERY_URGENT,3.4,36.3,52,78,2,NO,YES,80.0
71,ANM_0285,CAT,GI,YELLOW_URGENT,7.0,37.3,46,156,3,YES,NO,70.0
72,ANM_0289,CATTLE,TRAUMA,RED_IMMEDIATE,9.4,38.3,27,100,3,NO,NO,84.0
73,ANM_0146,CAT,GI,ORANGE_VERY_URGENT,8.7,39.3,78,98,2,YES,NO,81.0
74,ANM_0592,CAT,TRAUMA,ORANGE_VERY_URGENT,7.9,40.0,54,178,3,NO,NO,78.0
75,ANM_0037,BUFFALO,GI,RED_IMMEDIATE,8.9,37.7,79,165,1,NO,NO,76.0
76,ANM_0610,DOG,TRAUMA,YELLOW_URGENT,3.6,39.7,21,133,3,YES,NO,66.0
77,ANM_0617,CAT,TRAUMA,RED_IMMEDIATE,6.5,37.8,74,170,2,NO,NO,89.0
78,ANM_0625,SHEEP,TRAUMA,ORANGE_VERY_URGENT,9.3,37.1,61,87,3,NO,YES,87.0
79,ANM_0317,DOG,OBSTETRIC,RED_IMMEDIATE,8.0,36.7,38,126,2,NO,NO,86.0
80,ANM_0646,DOG,GI,RED_IMMEDIATE,8.9,40.6,31,100,0,NO,YES,85.0
81,ANM_0327,SHEEP,TRAUMA,RED_IMMEDIATE,4.7,38.1,61,194,1,NO,NO,76.0
82,ANM_0082,DOG,FEVER,RED_IMMEDIATE,2.9,39.4,75,65,2,NO,NO,89.0
83,ANM_0670,GOAT,OBSTETRIC,ORANGE_VERY_URGENT,3.3,36.9,55,68,2,NO,YES,75.0
84,ANM_0675,DOG,NEURO,ORANGE_VERY_URGENT,6.4,39.9,69,131,1,YES,NO,78.0
85,ANM_0340,CATTLE,FEVER,ORANGE_VERY_URGENT,1.5,36.0,44,172,3,NO,NO,78.0
86,ANM_0690,DOG,OBSTETRIC,YELLOW_URGENT,11.4,40.2,65,89,3,NO,YES,77.0
87,ANM_0174,SHEEP,OBSTETRIC,ORANGE_VERY_URGENT,9.3,39.5,33,133,3,YES,YES,86.0
88,ANM_0022,CATTLE,RESPIRATORY,ORANGE_VERY_URGENT,6.5,36.7,31,131,3,YES,NO,81.0
89,ANM_0715,GOAT,TRAUMA,ORANGE_VERY_URGENT,0.4,37.6,49,168,3,NO,NO,68.0
90,ANM_0725,BUFFALO,TRAUMA,ORANGE_VERY_URGENT,10.0,38.3,55,171,3,NO,YES,78.0
91,ANM_0365,CAT,RESPIRATORY,ORANGE_VERY_URGENT,5.0,36.1,69,62,3,NO,NO,87.0
92,ANM_0738,DOG,NEURO,ORANGE_VERY_URGENT,8.4,39.8,61,107,3,NO,YES,92.0
93,ANM_0002,CATTLE,RESPIRATORY,ORANGE_VERY_URGENT,7.3,38.8,65,199,3,YES,NO,84.0
94,ANM_0379,SHEEP,GI,RED_IMMEDIATE,6.5,39.7,80,63,2,NO,NO,89.0
95,ANM_0760,DOG,GI,RED_IMMEDIATE,3.2,37.2,69,162,0,YES,NO,90.0
96,ANM_0384,DOG,OBSTETRIC,RED_IMMEDIATE,11.9,39.3,61,65,0,NO,NO,73.0
97,ANM_0777,DOG,FEVER,RED_IMMEDIATE,4.9,38.6,66,184,1,NO,NO,81.0
98,ANM_0788,CAT,FEVER,ORANGE_VERY_URGENT,1.8,40.2,48,166,0,YES,NO,71.0
99,ANM_0396,SHEEP,GI,RED_IMMEDIATE,3.3,37.6,65,194,1,NO,NO,76.0
100,ANM_0801,GOAT,GI,RED_IMMEDIATE,8.6,40.1,25,83,0,NO,YES,80.0
101,ANM_0203,GOAT,TRAUMA,ORANGE_VERY_URGENT,8.6,37.7,48,125,3,YES,NO,80.0
102,ANM_0012,SHEEP,OBSTETRIC,ORANGE_VERY_URGENT,6.7,40.7,63,89,2,NO,NO,74.0
103,ANM_0828,CAT,GI,YELLOW_URGENT,4.4,40.1,72,151,3,YES,NO,79.0
104,ANM_0209,CATTLE,FEVER,ORANGE_VERY_URGENT,11.9,38.7,51,94,3,NO,NO,68.0
105,ANM_0845,DOG,GI,ORANGE_VERY_URGENT,1.8,36.2,28,139,3,NO,NO,79.0
106,ANM_0851,CATTLE,FEVER,RED_IMMEDIATE,4.4,38.8,29,134,3,YES,NO,96.0
107,ANM_0431,DOG,TRAUMA,ORANGE_VERY_URGENT,11.1,37.9,72,67,3,YES,NO,89.0
108,ANM_0435,DOG,RESPIRATORY,ORANGE_VERY_URGENT,2.8,40.2,32,89,1,NO,NO,63.0
109,ANM_0874,CAT,OBSTETRIC,RED_IMMEDIATE,0.9,38.6,30,143,3,NO,NO,89.0
110,ANM_0887,CAT,OBSTETRIC,YELLOW_URGENT,8.7,40.5,44,138,3,YES,YES,85.0
111,ANM_0891,GOAT,FEVER,ORANGE_VERY_URGENT,4.9,37.6,44,114,3,YES,NO,80.0
112,ANM_0900,CATTLE,GI,RED_IMMEDIATE,2.5,39.2,29,112,1,YES,NO,80.0
113,ANM_0453,SHEEP,GI,ORANGE_VERY_URGENT,10.0,39.0,70,106,2,YES,NO,76.0
114,ANM_0114,CAT,FEVER,RED_IMMEDIATE,3.5,40.8,80,176,0,NO,NO,83.0
115,ANM_0115,DOG,TRAUMA,RED_IMMEDIATE,4.1,40.9,70,112,0,NO,NO,83.0
116,ANM_0465,CAT,OBSTETRIC,ORANGE_VERY_URGENT,11.6,36.3,69,104,3,NO,NO,87.0
117,ANM_0942,BUFFALO,TRAUMA,ORANGE_VERY_URGENT,6.3,37.7,47,98,3,YES,YES,90.0
118,ANM_0475,GOAT,RESPIRATORY,ORANGE_VERY_URGENT,10.1,40.2,42,99,0,YES,YES,76.0
119,ANM_0952,CATTLE,RESPIRATORY,RED_IMMEDIATE,1.9,40.3,33,94,1,NO,NO,78.0
120,ANM_0240,CATTLE,NEURO,RED_IMMEDIATE,0.3,36.7,60,119,0,NO,YES,79.0
121,ANM_0242,SHEEP,TRAUMA,RED_IMMEDIATE,8.7,38.7,38,64,3,NO,NO,84.0
122,ANM_0245,DOG,GI,RED_IMMEDIATE,0.3,36.9,51,171,2,NO,NO,90.0
123,ANM_0988,DOG,NEURO,ORANGE_VERY_URGENT,10.5,40.3,78,148,2,NO,NO,79.0
124,ANM_0124,SHEEP,TRAUMA,RED_IMMEDIATE,1.2,38.2,67,155,1,NO,NO,76.0
125,ANM_0500,BUFFALO,FEVER,RED_IMMEDIATE,0.8,38.7,31,86,2,NO,NO,76.0
126,ANM_0507,GOAT,OBSTETRIC,ORANGE_VERY_URGENT,9.5,36.0,22,181,1,NO,YES,68.0
127,ANM_0508,BUFFALO,GI,RED_IMMEDIATE,7.5,40.7,68,75,0,NO,NO,78.0
128,ANM_0515,BUFFALO,TRAUMA,ORANGE_VERY_URGENT,5.9,36.5,56,159,3,NO,NO,73.0
129,ANM_0518,CATTLE,NEURO,RED_IMMEDIATE,3.8,40.7,53,84,0,NO,NO,74.0
130,ANM_0261,CAT,RESPIRATORY,YELLOW_URGENT,3.6,39.5,72,164,3,YES,NO,69.0
131,ANM_0065,SHEEP,NEURO,ORANGE_VERY_URGENT,2.3,38.6,61,129,3,NO,NO,72.0
132,ANM_0529,DOG,OBSTETRIC,ORANGE_VERY_URGENT,6.1,37.1,23,160,3,NO,NO,74.0
133,ANM_0267,CATTLE,NEURO,ORANGE_VERY_URGENT,3.9,38.3,33,193,3,NO,YES,74.0
134,ANM_0067,CAT,GI,ORANGE_VERY_URGENT,6.0,37.6,51,114,2,NO,NO,65.0
135,ANM_0543,GOAT,TRAUMA,YELLOW_URGENT,10.6,40.5,72,67,2,YES,NO,66.0
136,ANM_0547,CAT,TRAUMA,ORANGE_VERY_URGENT,10.1,36.7,21,141,3,NO,NO,74.0
137,ANM_0274,BUFFALO,FEVER,ORANGE_VERY_URGENT,4.6,36.7,44,167,1,NO,NO,57.0
138,ANM_0552,BUFFALO,TRAUMA,ORANGE_VERY_URGENT,11.5,38.2,59,185,2,NO,NO,60.0
139,ANM_0069,BUFFALO,NEURO,YELLOW_URGENT,8.6,38.2,21,83,2,YES,NO,48.0
140,ANM_0563,DOG,TRAUMA,YELLOW_URGENT,6.0,37.1,62,181,3,NO,YES,72.0
141,ANM_0566,SHEEP,RESPIRATORY,ORANGE_VERY_URGENT,3.6,39.3,64,105,3,NO,NO,72.0
142,ANM_0071,GOAT,FEVER,ORANGE_VERY_URGENT,8.7,37.6,67,197,1,YES,NO,68.0
143,ANM_0286,CATTLE,GI,YELLOW_URGENT,3.5,40.7,43,176,3,NO,YES,68.0
144,ANM_0018,BUFFALO,RESPIRATORY,RED_IMMEDIATE,0.4,38.8,57,116,0,YES,NO,76.0
145,ANM_0581,DOG,FEVER,GREEN_STANDARD,1.9,40.4,72,192,1,YES,YES,58.0
146,ANM_0585,DOG,TRAUMA,ORANGE_VERY_URGENT,4.3,37.6,29,132,1,YES,NO,65.0
147,ANM_0295,CAT,RESPIRATORY,YELLOW_URGENT,8.7,39.1,29,165,3,NO,YES,59.0
148,ANM_0593,BUFFALO,OBSTETRIC,ORANGE_VERY_URGENT,5.9,36.3,33,170,3,NO,NO,74.0
149,ANM_0149,GOAT,TRAUMA,YELLOW_URGENT,2.3,37.1,80,184,1,YES,YES,63.0
150,ANM_0601,BUFFALO,GI,ORANGE_VERY_URGENT,6.8,40.2,43,166,1,NO,NO,62.0
151,ANM_0151,DOG,RESPIRATORY,YELLOW_URGENT,2.0,36.9,64,102,3,YES,NO,74.0
152,ANM_0304,BUFFALO,TRAUMA,ORANGE_VERY_URGENT,11.1,36.6,59,74,2,NO,NO,65.0
153,ANM_0153,SHEEP,RESPIRATORY,YELLOW_URGENT,11.4,40.9,49,132,3,NO,NO,58.0
154,ANM_0616,SHEEP,FEVER,ORANGE_VERY_URGENT,10.5,36.1,79,174,3,NO,NO,82.0
155,ANM_0155,DOG,TRAUMA,ORANGE_VERY_URGENT,9.2,37.4,77,191,1,NO,YES,76.0
156,ANM_0039,BUFFALO,RESPIRATORY,RED_IMMEDIATE,2.5,37.6,75,77,2,NO,NO,84.0
157,ANM_0078,CATTLE,RESPIRATORY,ORANGE_VERY_URGENT,6.7,36.8,46,175,3,NO,NO,73.0
158,ANM_0632,CAT,OBSTETRIC,ORANGE_VERY_URGENT,4.8,40.0,61,138,3,NO,NO,82.0
159,ANM_0638,DOG,RESPIRATORY,ORANGE_VERY_URGENT,11.6,37.1,22,104,2,YES,NO,78.0
160,ANM_0642,SHEEP,GI,ORANGE_VERY_URGENT,2.3,39.5,58,106,3,NO,YES,78.0
161,ANM_0040,CAT,OBSTETRIC,ORANGE_VERY_URGENT,0.5,40.4,36,105,2,YES,NO,83.0
162,ANM_0649,SHEEP,RESPIRATORY,ORANGE_VERY_URGENT,7.4,36.9,43,94,3,NO,NO,73.0
163,ANM_0654,DOG,TRAUMA,YELLOW_URGENT,4.9,40.0,64,85,3,NO,YES,72.0
164,ANM_0329,GOAT,OBSTETRIC,ORANGE_VERY_URGENT,10.8,39.9,23,180,2,NO,NO,61.0
165,ANM_0661,DOG,NEURO,ORANGE_VERY_URGENT,9.0,37.1,42,128,3,NO,YES,88.0
166,ANM_0083,BUFFALO,GI,YELLOW_URGENT,5.4,37.4,57,171,3,NO,NO,53.0
167,ANM_0335,CAT,GI,YELLOW_URGENT,4.2,37.6,30,171,3,NO,NO,49.0
168,ANM_0084,SHEEP,FEVER,ORANGE_VERY_URGENT,1.4,36.8,46,186,2,NO,NO,65.0
169,ANM_0169,CAT,FEVER,ORANGE_VERY_URGENT,7.3,38.1,64,173,2,NO,NO,69.0
170,ANM_0010,DOG,OBSTETRIC,ORANGE_VERY_URGENT,7.1,40.5,45,152,1,NO,YES,77.0
171,ANM_0687,CATTLE,OBSTETRIC,ORANGE_VERY_URGENT,7.6,39.8,58,102,2,NO,NO,65.0
172,ANM_0688,CAT,FEVER,ORANGE_VERY_URGENT,8.4,37.8,54,150,1,YES,NO,69.0
173,ANM_0692,CAT,TRAUMA,ORANGE_VERY_URGENT,10.3,36.7,34,138,1,YES,NO,70.0
174,ANM_0348,BUFFALO,GI,RED_IMMEDIATE,5.4,37.3,73,128,0,YES,NO,85.0
175,ANM_0700,GOAT,NEURO,ORANGE_VERY_URGENT,8.7,36.4,51,89,3,NO,NO,78.0
176,ANM_0353,DOG,FEVER,ORANGE_VERY_URGENT,8.8,40.0,25,159,3,NO,NO,74.0
177,ANM_0177,BUFFALO,RESPIRATORY,ORANGE_VERY_URGENT,6.0,37.8,56,154,3,NO,NO,68.0
178,ANM_0712,DOG,TRAUMA,YELLOW_URGENT,6.0,40.9,59,150,2,NO,YES,65.0
179,ANM_0716,DOG,TRAUMA,GREEN_STANDARD,4.7,38.0,56,85,3,YES,NO,50.0
180,ANM_0723,BUFFALO,RESPIRATORY,ORANGE_VERY_URGENT,8.3,37.5,47,165,2,NO,NO,60.0
181,ANM_0726,BUFFALO,FEVER,ORANGE_VERY_URGENT,3.2,40.0,62,200,1,NO,YES,71.0
182,ANM_0182,DOG,FEVER,ORANGE_VERY_URGENT,3.8,38.7,52,103,1,YES,NO,69.0
183,ANM_0366,DOG,TRAUMA,ORANGE_VERY_URGENT,7.4,40.7,65,130,3,NO,NO,87.0
184,ANM_0369,GOAT,FEVER,ORANGE_VERY_URGENT,8.6,40.5,39,108,1,NO,NO,58.0
185,ANM_0371,SHEEP,NEURO,RED_IMMEDIATE,8.6,38.9,32,147,1,NO,NO,68.0
186,ANM_0744,CAT,GI,ORANGE_VERY_URGENT,8.6,37.0,75,128,2,NO,NO,74.0
187,ANM_0187,DOG,TRAUMA,ORANGE_VERY_URGENT,5.7,37.3,35,96,0,YES,NO,62.0
188,ANM_0377,CATTLE,GI,ORANGE_VERY_URGENT,11.8,37.6,23,61,3,NO,NO,64.0
189,ANM_0189,DOG,GI,YELLOW_URGENT,3.8,36.1,80,160,3,NO,NO,67.0
190,ANM_0023,SHEEP,OBSTETRIC,RED_IMMEDIATE,7.9,38.7,20,83,1,YES,NO,80.0
191,ANM_0764,CATTLE,OBSTETRIC,ORANGE_VERY_URGENT,5.7,37.1,63,99,3,NO,NO,77.0
192,ANM_0192,GOAT,OBSTETRIC,ORANGE_VERY_URGENT,4.8,38.3,55,131,0,YES,YES,66.0
193,ANM_0387,SHEEP,RESPIRATORY,YELLOW_URGENT,9.4,40.2,32,151,3,NO,YES,64.0
194,ANM_0776,SHEEP,TRAUMA,ORANGE_VERY_URGENT,1.4,40.2,47,166,3,NO,NO,78.0
195,ANM_0780,DOG,NEURO,ORANGE_VERY_URGENT,7.3,40.2,62,179,1,NO,NO,71.0
196,ANM_0196,CATTLE,FEVER,ORANGE_VERY_URGENT,1.5,38.1,39,66,3,NO,NO,64.0
197,ANM_0197,DOG,OBSTETRIC,ORANGE_VERY_URGENT,0.8,38.4,53,157,1,NO,NO,57.0
198,ANM_0792,BUFFALO,GI,RED_IMMEDIATE,9.2,39.3,61,98,0,NO,NO,68.0
199,ANM_0399,SHEEP,RESPIRATORY,RED_IMMEDIATE,6.0,37.2,37,72,1,NO,NO,73.0
200,ANM_0401,CAT,NEURO,RED_IMMEDIATE,5.0,36.2,55,60,0,NO,NO,79.0
201,ANM_0804,CAT,GI,ORANGE_VERY_URGENT,8.5,40.3,27,114,3,NO,NO,79.0
202,ANM_0404,BUFFALO,TRAUMA,ORANGE_VERY_URGENT,10.0,40.8,38,200,2,NO,YES,76.0
203,ANM_0815,SHEEP,FEVER,RED_IMMEDIATE,11.8,38.7,38,96,1,NO,YES,78.0
204,ANM_0204,GOAT,OBSTETRIC,YELLOW_URGENT,1.8,39.1,57,121,1,YES,NO,44.0
205,ANM_0205,BUFFALO,NEURO,ORANGE_VERY_URGENT,1.4,37.7,50,85,1,YES,NO,64.0
206,ANM_0825,CAT,FEVER,GREEN_STANDARD,8.6,37.4,62,142,2,YES,NO,51.0
207,ANM_0414,CATTLE,OBSTETRIC,ORANGE_VERY_URGENT,4.7,36.3,23,111,2,NO,NO,66.0
208,ANM_0832,DOG,GI,ORANGE_VERY_URGENT,2.5,39.7,63,104,0,NO,NO,58.0
209,ANM_0052,CATTLE,NEURO,ORANGE_VERY_URGENT,3.4,37.6,54,80,1,YES,NO,64.0
210,ANM_0420,DOG,FEVER,ORANGE_VERY_URGENT,7.1,37.3,41,179,1,YES,NO,74.0
211,ANM_0423,BUFFALO,NEURO,ORANGE_VERY_URGENT,4.5,37.1,68,195,3,NO,NO,77.0
212,ANM_0850,BUFFALO,NEURO,ORANGE_VERY_URGENT,7.6,37.2,67,144,3,YES,NO,89.0
213,ANM_0853,BUFFALO,RESPIRATORY,RED_IMMEDIATE,10.1,40.6,21,95,3,NO,NO,94.0
214,ANM_0858,CAT,OBSTETRIC,YELLOW_URGENT,6.3,36.9,65,155,3,NO,NO,62.0
215,ANM_0215,BUFFALO,GI,ORANGE_VERY_URGENT,9.0,39.0,46,200,3,NO,NO,68.0
216,ANM_0216,BUFFALO,RESPIRATORY,YELLOW_URGENT,7.2,39.9,53,174,2,YES,NO,57.0
217,ANM_0108,SHEEP,OBSTETRIC,YELLOW_URGENT,9.5,36.1,54,91,3,NO,NO,58.0
218,ANM_0001,CAT,TRAUMA,RED_IMMEDIATE,3.4,37.1,67,86,0,NO,YES,88.0
219,ANM_0054,DOG,NEURO,RED_IMMEDIATE,10.6,38.9,50,61,2,NO,NO,85.0
220,ANM_0880,CAT,TRAUMA,ORANGE_VERY_URGENT,10.5,37.4,60,197,2,NO,YES,80.0
221,ANM_0886,CATTLE,NEURO,ORANGE_VERY_URGENT,5.4,36.9,65,68,1,NO,YES,71.0
222,ANM_0444,DOG,NEURO,ORANGE_VERY_URGENT,6.3,38.2,31,97,3,NO,YES,79.0
223,ANM_0892,GOAT,NEURO,YELLOW_URGENT,0.7,40.4,46,137,3,NO,YES,68.0
224,ANM_0898,DOG,GI,YELLOW_URGENT,3.6,36.1,74,144,2,YES,NO,71.0
225,ANM_0451,DOG,RESPIRATORY,ORANGE_VERY_URGENT,6.2,40.5,29,74,1,NO,NO,63.0
226,ANM_0226,BUFFALO,OBSTETRIC,ORANGE_VERY_URGENT,10.4,36.3,52,134,1,NO,NO,62.0
227,ANM_0909,BUFFALO,GI,RED_IMMEDIATE,9.8,39.2,63,67,1,NO,NO,76.0
228,ANM_0912,CAT,FEVER,YELLOW_URGENT,6.5,40.4,57,138,3,NO,NO,63.0
229,ANM_0917,CAT,RESPIRATORY,RED_IMMEDIATE,1.2,36.6,24,147,0,NO,NO,70.0
230,ANM_0230,BUFFALO,RESPIRATORY,ORANGE_VERY_URGENT,8.5,40.0,78,74,3,NO,NO,77.0
231,ANM_0231,BUFFALO,GI,ORANGE_VERY_URGENT,2.6,39.2,79,175,2,YES,NO,76.0
232,ANM_0058,BUFFALO,GI,ORANGE_VERY_URGENT,9.2,37.9,68,167,2,NO,NO,64.0
233,ANM_0233,CAT,OBSTETRIC,ORANGE_VERY_URGENT,2.7,40.5,39,63,1,NO,NO,63.0
234,ANM_0936,CATTLE,FEVER,ORANGE_VERY_URGENT,8.7,40.2,79,117,0,NO,NO,58.0
235,ANM_0471,BUFFALO,FEVER,GREEN_STANDARD,5.6,38.3,57,67,3,YES,YES,55.0
236,ANM_0945,DOG,RESPIRATORY,RED_IMMEDIATE,7.0,38.9,37,84,1,NO,NO,73.0
237,ANM_0474,DOG,FEVER,ORANGE_VERY_URGENT,9.0,40.7,32,187,1,YES,NO,75.0
238,ANM_0955,CAT,OBSTETRIC,YELLOW_URGENT,5.2,36.8,70,171,3,YES,NO,74.0
239,ANM_0959,GOAT,OBSTETRIC,ORANGE_VERY_URGENT,1.4,36.2,40,159,1,NO,NO,58.0
240,ANM_0961,CAT,RESPIRATORY,ORANGE_VERY_URGENT,6.9,37.3,78,154,1,NO,NO,66.0
241,ANM_0241,DOG,GI,YELLOW_URGENT,7.5,39.3,59,183,3,YES,NO,65.0
242,ANM_0484,DOG,TRAUMA,YELLOW_URGENT,8.3,36.3,72,125,3,NO,YES,77.0
243,ANM_0974,CAT,RESPIRATORY,ORANGE_VERY_URGENT,3.6,36.7,46,144,0,YES,NO,66.0
244,ANM_0489,GOAT,NEURO,ORANGE_VERY_URGENT,7.8,37.4,48,152,3,NO,NO,73.0
245,ANM_0983,BUFFALO,TRAUMA,RED_IMMEDIATE,8.0,37.6,38,180,2,NO,YES,86.0
246,ANM_0492,CAT,GI,ORANGE_VERY_URGENT,3.1,37.4,60,92,1,NO,NO,62.0
247,ANM_0991,DOG,TRAUMA,ORANGE_VERY_URGENT,9.1,37.9,69,159,3,NO,NO,77.0
248,ANM_0496,BUFFALO,FEVER,ORANGE_VERY_URGENT,6.5,39.4,51,182,2,YES,NO,72.0
249,ANM_0249,CAT,NEURO,RED_IMMEDIATE,9.0,37.7,26,171,1,NO,NO,73.0
250,ANM_0250,DOG,OBSTETRIC,YELLOW_URGENT,9.3,36.1,37,175,3,YES,NO,71.0
251,ANM_0251,SHEEP,GI,ORANGE_VERY_URGENT,7.1,37.9,69,135,1,NO,YES,66.0
252,ANM_0504,SHEEP,GI,ORANGE_VERY_URGENT,11.9,37.0,67,84,1,NO,NO,61.0
253,ANM_0253,SHEEP,FEVER,GREEN_STANDARD,1.4,36.4,47,174,3,YES,YES,65.0
254,ANM_0127,GOAT,OBSTETRIC,ORANGE_VERY_URGENT,5.3,38.8,69,66,2,YES,NO,76.0
255,ANM_0255,DOG,RESPIRATORY,YELLOW_URGENT,2.2,37.9,28,128,2,NO,YES,51.0
256,ANM_0513,DOG,RESPIRATORY,ORANGE_VERY_URGENT,0.9,40.8,72,159,1,NO,NO,71.0
257,ANM_0257,DOG,RESPIRATORY,YELLOW_URGENT,1.8,36.0,45,145,3,NO,NO,63.0
258,ANM_0516,GOAT,TRAUMA,YELLOW_URGENT,7.4,36.4,79,113,3,NO,NO,62.0
259,ANM_0259,SHEEP,FEVER,ORANGE_VERY_URGENT,4.9,37.6,67,185,1,NO,NO,56.0
260,ANM_0521,DOG,OBSTETRIC,YELLOW_URGENT,4.4,37.6,40,155,3,NO,NO,49.0
261,ANM_0522,CAT,FEVER,YELLOW_URGENT,6.8,37.1,69,200,2,NO,NO,54.0
262,ANM_0032,CAT,OBSTETRIC,ORANGE_VERY_URGENT,3.5,37.1,41,112,2,NO,NO,70.0
263,ANM_0131,SHEEP,OBSTETRIC,YELLOW_URGENT,3.4,39.8,27,148,3,YES,NO,61.0
264,ANM_0264,CAT,FEVER,ORANGE_VERY_URGENT,7.4,38.8,61,162,2,NO,NO,69.0
265,ANM_0265,CATTLE,TRAUMA,ORANGE_VERY_URGENT,6.2,38.6,57,116,3,NO,NO,68.0
266,ANM_0266,CAT,OBSTETRIC,YELLOW_URGENT,2.0,41.0,50,86,2,NO,NO,55.0
267,ANM_0033,CATTLE,TRAUMA,YELLOW_URGENT,10.0,36.2,41,93,2,YES,NO,62.0
268,ANM_0134,DOG,OBSTETRIC,GREEN_STANDARD,9.7,36.4,75,70,3,YES,NO,64.0
269,ANM_0538,DOG,TRAUMA,ORANGE_VERY_URGENT,0.9,37.0,64,129,0,NO,NO,58.0
270,ANM_0541,BUFFALO,RESPIRATORY,YELLOW_URGENT,5.6,40.6,21,70,1,NO,NO,38.0
271,ANM_0135,GOAT,OBSTETRIC,YELLOW_URGENT,5.0,39.2,38,89,3,YES,NO,56.0
272,ANM_0272,GOAT,FEVER,ORANGE_VERY_URGENT,1.5,39.4,51,195,2,NO,NO,60.0
273,ANM_0273,DOG,TRAUMA,ORANGE_VERY_URGENT,10.2,39.1,72,136,0,NO,NO,53.0
274,ANM_0549,DOG,FEVER,YELLOW_URGENT,7.4,39.0,34,66,2,YES,NO,53.0
275,ANM_0275,SHEEP,NEURO,YELLOW_URGENT,11.0,40.7,31,102,3,NO,NO,54.0
276,ANM_0553,SHEEP,GI,GREEN_STANDARD,7.4,40.1,66,140,3,NO,NO,47.0
277,ANM_0554,DOG,OBSTETRIC,YELLOW_URGENT,10.5,39.9,53,87,3,NO,NO,58.0
278,ANM_0017,BUFFALO,OBSTETRIC,GREEN_STANDARD,8.3,39.6,45,155,3,NO,NO,38.0
279,ANM_0558,CATTLE,RESPIRATORY,YELLOW_URGENT,10.8,40.5,76,176,0,NO,NO,38.0
280,ANM_0560,DOG,OBSTETRIC,GREEN_STANDARD,4.7,37.9,69,103,2,NO,NO,34.0
281,ANM_0281,SHEEP,TRAUMA,GREEN_STANDARD,3.0,40.1,57,149,3,YES,YES,65.0
282,ANM_0564,DOG,TRAUMA,ORANGE_VERY_URGENT,6.7,39.1,55,113,0,YES,YES,71.0
283,ANM_0283,GOAT,OBSTETRIC,ORANGE_VERY_URGENT,10.3,40.9,63,84,1,NO,NO,66.0
284,ANM_0568,SHEEP,RESPIRATORY,ORANGE_VERY_URGENT,10.3,37.6,46,194,1,NO,NO,52.0
285,ANM_0008,DOG,RESPIRATORY,YELLOW_URGENT,10.1,39.9,34,68,2,NO,YES,56.0
286,ANM_0573,GOAT,TRAUMA,ORANGE_VERY_URGENT,6.2,37.6,20,89,2,NO,NO,56.0
287,ANM_0575,SHEEP,RESPIRATORY,YELLOW_URGENT,10.7,38.7,41,178,3,NO,YES,58.0
288,ANM_0288,BUFFALO,GI,ORANGE_VERY_URGENT,10.0,37.7,56,93,3,NO,NO,68.0
289,ANM_0072,GOAT,NEURO,YELLOW_URGENT,9.2,39.0,26,109,2,YES,NO,48.0
290,ANM_0145,GOAT,FEVER,GREEN_STANDARD,4.8,39.9,63,73,2,YES,YES,56.0
291,ANM_0291,CATTLE,FEVER,YELLOW_URGENT,7.9,36.3,60,138,1,NO,YES,52.0
292,ANM_0292,CATTLE,TRAUMA,ORANGE_VERY_URGENT,1.1,39.0,53,173,0,YES,NO,56.0
293,ANM_0586,GOAT,OBSTETRIC,YELLOW_URGENT,1.7,38.4,63,72,0,NO,YES,38.0
294,ANM_0588,CAT,NEURO,GREEN_STANDARD,1.1,40.6,68,179,1,YES,NO,48.0
295,ANM_0590,DOG,FEVER,GREEN_STANDARD,4.8,39.5,62,144,2,NO,YES,44.0
296,ANM_0004,GOAT,OBSTETRIC,ORANGE_VERY_URGENT,0.7,38.3,27,156,0,NO,NO,40.0
297,ANM_0297,BUFFALO,OBSTETRIC,YELLOW_URGENT,8.7,37.4,80,66,2,YES,NO,61.0
298,ANM_0298,BUFFALO,NEURO,YELLOW_URGENT,7.8,39.9,70,121,3,NO,NO,57.0
299,ANM_0598,GOAT,GI,GREEN_STANDARD,11.0,41.0,57,62,3,NO,NO,43.0
300,ANM_0075,CATTLE,GI,YELLOW_URGENT,7.0,39.4,29,98,2,YES,NO,48.0
301,ANM_0603,BUFFALO,NEURO,GREEN_STANDARD,10.3,40.5,64,168,1,NO,NO,31.0
302,ANM_0302,CAT,OBSTETRIC,YELLOW_URGENT,2.0,36.4,25,190,1,NO,NO,43.0
303,ANM_0607,DOG,TRAUMA,ORANGE_VERY_URGENT,7.6,39.3,62,79,2,NO,NO,69.0
304,ANM_0009,DOG,NEURO,ORANGE_VERY_URGENT,7.9,38.0,78,177,1,NO,NO,61.0
305,ANM_0076,DOG,GI,YELLOW_URGENT,9.5,37.1,53,157,3,NO,NO,58.0
306,ANM_0613,GOAT,TRAUMA,GREEN_STANDARD,7.2,40.1,73,186,3,NO,NO,47.0
307,ANM_0614,SHEEP,NEURO,YELLOW_URGENT,2.7,39.7,42,73,2,NO,YES,55.0
308,ANM_0019,BUFFALO,TRAUMA,GREEN_STANDARD,10.3,36.4,35,131,3,YES,YES,61.0
309,ANM_0618,CATTLE,FEVER,YELLOW_URGENT,4.8,39.9,67,121,1,NO,NO,41.0
310,ANM_0310,CAT,FEVER,ORANGE_VERY_URGENT,1.1,37.9,52,73,1,YES,NO,69.0
311,ANM_0077,DOG,GI,ORANGE_VERY_URGENT,7.5,39.0,67,85,1,NO,NO,61.0
312,ANM_0312,GOAT,RESPIRATORY,ORANGE_VERY_URGENT,9.5,39.7,35,178,2,NO,NO,61.0
313,ANM_0627,CATTLE,NEURO,YELLOW_URGENT,2.0,37.6,45,60,3,NO,NO,48.0
314,ANM_0629,GOAT,FEVER,YELLOW_URGENT,4.9,39.2,61,83,2,NO,NO,44.0
315,ANM_0631,SHEEP,TRAUMA,YELLOW_URGENT,4.4,36.4,60,172,1,YES,NO,54.0
316,ANM_0633,SHEEP,TRAUMA,RED_IMMEDIATE,0.9,39.9,22,163,0,YES,NO,77.0
317,ANM_0635,CAT,TRAUMA,YELLOW_URGENT,11.0,36.2,64,93,0,YES,YES,65.0
318,ANM_0318,CAT,FEVER,ORANGE_VERY_URGENT,3.4,36.4,32,94,0,YES,NO,67.0
319,ANM_0639,SHEEP,RESPIRATORY,YELLOW_URGENT,6.7,38.2,79,70,1,YES,NO,48.0
320,ANM_0641,DOG,FEVER,YELLOW_URGENT,9.7,39.9,64,92,1,YES,NO,58.0
321,ANM_0321,CATTLE,NEURO,ORANGE_VERY_URGENT,4.4,38.6,63,136,2,NO,NO,64.0
322,ANM_0161,CAT,RESPIRATORY,ORANGE_VERY_URGENT,0.2,37.8,56,166,1,NO,YES,67.0
323,ANM_0323,BUFFALO,RESPIRATORY,ORANGE_VERY_URGENT,4.9,39.4,80,81,2,NO,YES,74.0
324,ANM_0162,GOAT,TRAUMA,GREEN_STANDARD,6.6,39.9,52,65,3,NO,YES,48.0
325,ANM_0651,BUFFALO,FEVER,ORANGE_VERY_URGENT,3.7,36.8,70,103,1,YES,NO,73.0
326,ANM_0652,SHEEP,RESPIRATORY,YELLOW_URGENT,10.1,37.4,66,169,1,YES,NO,53.0
327,ANM_0163,SHEEP,FEVER,ORANGE_VERY_URGENT,0.4,39.9,42,121,0,NO,NO,49.0
328,ANM_0657,GOAT,NEURO,YELLOW_URGENT,7.7,40.3,24,158,2,NO,NO,46.0
329,ANM_0658,GOAT,NEURO,GREEN_STANDARD,6.6,40.0,70,80,2,NO,YES,44.0
330,ANM_0330,BUFFALO,TRAUMA,ORANGE_VERY_URGENT,3.0,38.7,70,74,1,NO,NO,56.0
331,ANM_0662,GOAT,GI,YELLOW_URGENT,6.4,36.6,65,196,2,NO,NO,49.0
332,ANM_0664,GOAT,TRAUMA,ORANGE_VERY_URGENT,3.5,39.5,51,98,1,NO,NO,52.0
333,ANM_0667,GOAT,GI,YELLOW_URGENT,8.4,40.2,48,177,2,NO,NO,50.0
334,ANM_0669,BUFFALO,OBSTETRIC,GREEN_STANDARD,8.6,37.4,31,99,1,YES,YES,40.0
335,ANM_0005,DOG,FEVER,YELLOW_URGENT,8.5,36.2,34,134,0,NO,NO,35.0
336,ANM_0673,DOG,NEURO,ORANGE_VERY_URGENT,6.9,40.5,48,146,0,NO,NO,59.0
337,ANM_0674,BUFFALO,NEURO,YELLOW_URGENT,3.8,38.0,73,116,3,NO,NO,52.0
338,ANM_0677,CATTLE,NEURO,YELLOW_URGENT,1.9,40.3,43,158,2,YES,NO,62.0
339,ANM_0678,GOAT,GI,GREEN_STANDARD,1.2,39.6,48,166,3,NO,NO,38.0
340,ANM_0681,BUFFALO,OBSTETRIC,YELLOW_URGENT,6.9,40.6,32,107,3,NO,NO,54.0
341,ANM_0683,CAT,GI,ORANGE_VERY_URGENT,8.1,37.4,31,185,1,YES,NO,70.0
342,ANM_0684,SHEEP,TRAUMA,YELLOW_URGENT,4.5,38.4,47,126,3,NO,NO,48.0
343,ANM_0686,BUFFALO,FEVER,ORANGE_VERY_URGENT,3.4,38.1,78,151,0,NO,NO,48.0
344,ANM_0086,SHEEP,TRAUMA,ORANGE_VERY_URGENT,4.5,39.8,60,173,0,YES,NO,61.0
345,ANM_0691,BUFFALO,TRAUMA,YELLOW_URGENT,3.9,37.8,72,173,2,YES,NO,56.0
346,ANM_0346,CAT,NEURO,YELLOW_URGENT,2.6,36.1,30,134,0,NO,YES,45.0
347,ANM_0695,CATTLE,OBSTETRIC,ORANGE_VERY_URGENT,10.8,36.9,42,67,0,YES,NO,61.0
348,ANM_0697,CATTLE,OBSTETRIC,ORANGE_VERY_URGENT,2.5,37.4,77,197,0,NO,YES,63.0
349,ANM_0087,GOAT,GI,GREEN_STANDARD,5.9,36.1,60,121,1,NO,YES,37.0
350,ANM_0175,CATTLE,GI,ORANGE_VERY_URGENT,8.6,41.0,71,141,2,NO,NO,74.0
351,ANM_0702,SHEEP,NEURO,YELLOW_URGENT,0.4,39.4,63,86,3,NO,NO,52.0
352,ANM_0705,DOG,FEVER,GREEN_STANDARD,9.7,40.7,42,181,3,NO,NO,48.0
353,ANM_0706,BUFFALO,GI,ORANGE_VERY_URGENT,3.2,38.5,60,94,0,YES,YES,66.0
354,ANM_0354,DOG,GI,GREEN_STANDARD,0.3,39.5,57,193,3,YES,YES,60.0
355,ANM_0088,SHEEP,TRAUMA,ORANGE_VERY_URGENT,10.1,36.6,80,90,1,NO,NO,61.0
356,ANM_0713,CATTLE,RESPIRATORY,GREEN_STANDARD,4.3,39.7,21,147,3,YES,NO,46.0
357,ANM_0089,DOG,NEURO,ORANGE_VERY_URGENT,10.0,40.9,35,176,1,NO,NO,63.0
358,ANM_0358,GOAT,TRAUMA,ORANGE_VERY_URGENT,9.6,37.6,73,185,0,NO,NO,48.0
359,ANM_0718,CAT,TRAUMA,GREEN_STANDARD,6.5,37.4,23,136,3,NO,NO,39.0
360,ANM_0720,CATTLE,NEURO,GREEN_STANDARD,6.2,37.5,62,198,2,YES,NO,41.0
361,ANM_0722,CAT,GI,ORANGE_VERY_URGENT,7.7,40.0,74,171,0,NO,NO,58.0
362,ANM_0362,SHEEP,TRAUMA,GREEN_STANDARD,8.5,37.4,72,178,3,NO,YES,52.0
363,ANM_0363,CATTLE,RESPIRATORY,YELLOW_URGENT,7.2,36.9,75,181,2,NO,NO,49.0
364,ANM_0728,GOAT,NEURO,YELLOW_URGENT,1.3,40.7,66,95,1,YES,NO,58.0
365,ANM_0045,GOAT,FEVER,ORANGE_VERY_URGENT,9.5,39.0,40,179,3,NO,NO,64.0
366,ANM_0732,DOG,GI,YELLOW_URGENT,3.1,37.4,70,97,2,NO,NO,54.0
367,ANM_0734,CAT,NEURO,YELLOW_URGENT,9.8,36.6,75,120,3,NO,NO,62.0
368,ANM_0736,CAT,GI,GREEN_STANDARD,3.4,36.4,69,185,3,NO,NO,52.0
369,ANM_0184,GOAT,NEURO,ORANGE_VERY_URGENT,7.0,39.1,21,187,2,NO,NO,56.0
370,ANM_0740,GOAT,GI,YELLOW_URGENT,8.9,37.3,63,143,2,YES,NO,61.0
371,ANM_0185,BUFFALO,NEURO,YELLOW_URGENT,5.6,39.4,30,172,3,NO,NO,44.0
372,ANM_0093,SHEEP,TRAUMA,ORANGE_VERY_URGENT,5.8,40.6,44,158,1,NO,YES,72.0
373,ANM_0747,GOAT,NEURO,YELLOW_URGENT,2.7,37.9,47,125,0,YES,YES,46.0
374,ANM_0749,GOAT,GI,YELLOW_URGENT,1.8,40.5,22,105,2,YES,NO,58.0
375,ANM_0375,DOG,OBSTETRIC,GREEN_STANDARD,1.0,40.4,52,90,3,NO,NO,48.0
376,ANM_0752,BUFFALO,FEVER,GREEN_STANDARD,6.0,40.8,55,172,0,YES,YES,41.0
377,ANM_0188,DOG,GI,ORANGE_VERY_URGENT,10.4,36.8,40,140,1,NO,NO,58.0
378,ANM_0756,SHEEP,TRAUMA,ORANGE_VERY_URGENT,6.1,36.5,41,66,2,NO,NO,65.0
379,ANM_0047,CAT,FEVER,ORANGE_VERY_URGENT,2.5,36.1,35,181,0,NO,NO,55.0
380,ANM_0095,CAT,RESPIRATORY,RED_IMMEDIATE,9.4,37.3,59,161,0,NO,NO,74.0
381,ANM_0381,DOG,FEVER,ORANGE_VERY_URGENT,9.9,37.5,38,176,2,NO,NO,61.0
382,ANM_0191,SHEEP,RESPIRATORY,GREEN_STANDARD,8.8,39.8,43,71,3,YES,NO,50.0
383,ANM_0383,BUFFALO,RESPIRATORY,GREEN_STANDARD,7.2,36.8,43,69,3,NO,NO,38.0
384,ANM_0769,CAT,GI,YELLOW_URGENT,3.3,40.8,75,107,1,YES,NO,63.0
385,ANM_0385,SHEEP,TRAUMA,YELLOW_URGENT,5.8,36.8,64,62,2,NO,YES,59.0
386,ANM_0772,GOAT,NEURO,YELLOW_URGENT,8.3,38.0,39,82,1,YES,NO,40.0
387,ANM_0193,GOAT,FEVER,YELLOW_URGENT,4.5,36.7,58,190,3,NO,YES,63.0
388,ANM_0194,BUFFALO,NEURO,ORANGE_VERY_URGENT,5.8,38.3,58,191,1,NO,NO,52.0
389,ANM_0778,SHEEP,OBSTETRIC,ORANGE_VERY_URGENT,0.9,40.5,46,181,0,NO,NO,54.0
390,ANM_0195,BUFFALO,GI,GREEN_STANDARD,8.9,37.5,41,189,3,NO,NO,33.0
391,ANM_0783,SHEEP,FEVER,ORANGE_VERY_URGENT,6.8,41.0,42,126,2,NO,NO,70.0
392,ANM_0392,DOG,FEVER,GREEN_STANDARD,1.3,40.1,31,89,3,NO,NO,44.0
393,ANM_0787,CATTLE,RESPIRATORY,GREEN_STANDARD,2.1,37.5,48,189,3,NO,YES,43.0
394,ANM_0098,CATTLE,TRAUMA,ORANGE_VERY_URGENT,0.9,37.8,47,97,1,NO,NO,52.0
395,ANM_0395,DOG,TRAUMA,GREEN_STANDARD,10.6,39.6,77,93,3,NO,YES,57.0
396,ANM_0793,CAT,OBSTETRIC,GREEN_STANDARD,5.1,40.4,64,137,2,NO,YES,54.0
397,ANM_0397,GOAT,OBSTETRIC,YELLOW_URGENT,8.5,36.5,62,123,3,NO,NO,57.0
398,ANM_0797,CATTLE,OBSTETRIC,YELLOW_URGENT,3.0,39.9,66,168,0,NO,NO,33.0
399,ANM_0798,GOAT,NEURO,YELLOW_URGENT,1.7,39.8,80,91,3,NO,NO,57.0
400,ANM_0100,SHEEP,NEURO,ORANGE_VERY_URGENT,3.2,36.0,71,179,2,NO,NO,74.0
401,ANM_0803,CAT,GI,GREEN_STANDARD,8.3,40.7,66,166,1,YES,YES,58.0
402,ANM_0201,DOG,FEVER,ORANGE_VERY_URGENT,11.7,37.5,38,113,3,NO,NO,69.0
403,ANM_0403,SHEEP,FEVER,YELLOW_URGENT,7.5,38.4,62,153,3,YES,NO,64.0
404,ANM_0202,CAT,FEVER,ORANGE_VERY_URGENT,7.0,38.7,77,161,2,NO,NO,69.0
405,ANM_0405,BUFFALO,GI,ORANGE_VERY_URGENT,8.7,39.6,26,125,1,YES,NO,65.0
406,ANM_0406,SHEEP,RESPIRATORY,YELLOW_URGENT,9.4,39.6,26,166,0,NO,NO,25.0
407,ANM_0050,DOG,OBSTETRIC,ORANGE_VERY_URGENT,9.1,38.2,72,189,3,NO,NO,77.0
408,ANM_0816,GOAT,GI,YELLOW_URGENT,0.9,40.8,31,66,0,NO,YES,40.0
409,ANM_0051,BUFFALO,NEURO,GREEN_STANDARD,5.5,39.8,73,130,3,NO,NO,42.0
410,ANM_0820,BUFFALO,FEVER,YELLOW_URGENT,5.5,40.2,52,112,1,NO,NO,42.0
411,ANM_0823,BUFFALO,OBSTETRIC,GREEN_STANDARD,3.5,36.8,54,77,2,YES,NO,42.0
412,ANM_0206,BUFFALO,GI,YELLOW_URGENT,10.6,38.4,61,111,2,NO,NO,44.0
413,ANM_0413,DOG,OBSTETRIC,GREEN_STANDARD,8.6,39.4,77,196,2,NO,NO,34.0
414,ANM_0829,CAT,TRAUMA,ORANGE_VERY_URGENT,4.6,37.0,20,116,0,NO,NO,50.0
415,ANM_0830,CAT,FEVER,ORANGE_VERY_URGENT,9.8,39.1,71,116,1,NO,NO,61.0
416,ANM_0833,BUFFALO,FEVER,GREEN_STANDARD,10.3,40.4,66,130,1,NO,YES,41.0
417,ANM_0835,CATTLE,FEVER,YELLOW_URGENT,11.9,37.4,63,192,3,NO,NO,57.0
418,ANM_0836,CATTLE,NEURO,ORANGE_VERY_URGENT,3.5,38.1,48,140,0,NO,NO,44.0
419,ANM_0419,GOAT,GI,ORANGE_VERY_URGENT,8.3,36.9,31,191,0,NO,NO,45.0
420,ANM_0840,CATTLE,TRAUMA,GREEN_STANDARD,4.7,40.5,64,76,1,YES,NO,43.0
421,ANM_0843,DOG,OBSTETRIC,ORANGE_VERY_URGENT,7.9,39.4,21,176,2,NO,YES,71.0
422,ANM_0422,DOG,RESPIRATORY,GREEN_STANDARD,6.3,39.9,30,166,3,YES,NO,51.0
423,ANM_0026,DOG,GI,YELLOW_URGENT,10.3,36.8,52,80,1,YES,YES,64.0
424,ANM_0212,BUFFALO,GI,ORANGE_VERY_URGENT,3.1,37.3,35,174,2,NO,NO,61.0
425,ANM_0425,CATTLE,GI,ORANGE_VERY_URGENT,8.7,36.1,53,155,3,NO,NO,78.0
426,ANM_0213,CAT,OBSTETRIC,RED_IMMEDIATE,7.9,39.5,23,90,3,NO,NO,89.0
427,ANM_0854,GOAT,RESPIRATORY,ORANGE_VERY_URGENT,3.0,40.0,62,103,3,NO,YES,87.0
428,ANM_0428,SHEEP,NEURO,ORANGE_VERY_URGENT,1.2,36.3,70,124,0,NO,NO,58.0
429,ANM_0214,DOG,NEURO,GREEN_STANDARD,8.3,39.2,80,135,2,NO,NO,34.0
430,ANM_0860,BUFFALO,GI,ORANGE_VERY_URGENT,5.2,37.9,30,155,2,NO,YES,66.0
431,ANM_0863,CATTLE,FEVER,GREEN_STANDARD,6.3,39.2,70,130,1,YES,YES,43.0
432,ANM_0865,CAT,NEURO,YELLOW_URGENT,3.3,39.9,38,148,3,NO,NO,54.0
433,ANM_0866,CAT,TRAUMA,YELLOW_URGENT,6.2,39.8,29,161,1,YES,NO,50.0
434,ANM_0868,BUFFALO,GI,GREEN_STANDARD,8.4,37.0,48,67,2,YES,NO,42.0
435,ANM_0870,CAT,OBSTETRIC,ORANGE_VERY_URGENT,7.1,38.8,22,95,1,NO,NO,53.0
436,ANM_0872,SHEEP,RESPIRATORY,YELLOW_URGENT,4.1,40.8,60,137,0,YES,NO,46.0
437,ANM_0109,GOAT,OBSTETRIC,YELLOW_URGENT,7.7,37.9,63,119,3,YES,NO,64.0
438,ANM_0438,DOG,NEURO,ORANGE_VERY_URGENT,7.1,38.8,43,140,3,YES,NO,85.0
439,ANM_0878,CAT,TRAUMA,ORANGE_VERY_URGENT,10.6,38.3,64,136,3,NO,NO,77.0
440,ANM_0881,CAT,NEURO,GREEN_STANDARD,10.9,38.1,68,91,2,YES,YES,56.0
441,ANM_0883,SHEEP,GI,ORANGE_VERY_URGENT,4.9,37.0,22,62,2,YES,NO,73.0
442,ANM_0442,CATTLE,OBSTETRIC,ORANGE_VERY_URGENT,10.7,38.7,61,98,2,NO,NO,64.0
443,ANM_0221,BUFFALO,NEURO,GREEN_STANDARD,7.8,38.1,77,157,3,NO,NO,37.0
444,ANM_0013,GOAT,GI,ORANGE_VERY_URGENT,0.2,39.6,66,127,1,NO,YES,71.0
445,ANM_0890,GOAT,FEVER,YELLOW_URGENT,2.4,37.0,54,161,3,YES,NO,65.0
446,ANM_0893,DOG,OBSTETRIC,ORANGE_VERY_URGENT,11.5,39.0,60,159,1,NO,NO,57.0
447,ANM_0895,DOG,OBSTETRIC,GREEN_STANDARD,0.4,36.1,68,91,2,YES,NO,56.0
448,ANM_0448,DOG,GI,YELLOW_URGENT,10.4,38.4,50,61,1,NO,NO,37.0
449,ANM_0449,DOG,NEURO,ORANGE_VERY_URGENT,2.0,36.8,58,90,1,NO,NO,62.0
450,ANM_0225,DOG,TRAUMA,ORANGE_VERY_URGENT,1.0,39.0,48,72,1,NO,NO,57.0
451,ANM_0903,SHEEP,RESPIRATORY,YELLOW_URGENT,5.2,39.0,47,99,3,YES,NO,60.0
452,ANM_0905,DOG,OBSTETRIC,YELLOW_URGENT,4.1,39.6,32,99,1,YES,NO,50.0
453,ANM_0906,CAT,NEURO,YELLOW_URGENT,5.0,38.1,45,155,3,NO,NO,53.0
454,ANM_0908,CAT,FEVER,YELLOW_URGENT,6.0,39.4,64,74,3,NO,NO,57.0
455,ANM_0911,CAT,GI,YELLOW_URGENT,7.1,40.5,53,108,3,YES,NO,75.0
456,ANM_0456,DOG,OBSTETRIC,GREEN_STANDARD,10.8,39.9,61,170,3,NO,YES,57.0
457,ANM_0457,DOG,GI,ORANGE_VERY_URGENT,9.7,39.9,44,149,0,NO,NO,54.0
458,ANM_0028,DOG,FEVER,GREEN_STANDARD,2.6,39.6,35,127,3,YES,NO,51.0
459,ANM_0229,CAT,GI,GREEN_STANDARD,4.0,38.1,29,136,3,YES,NO,46.0
460,ANM_0921,GOAT,TRAUMA,RED_IMMEDIATE,10.5,38.0,73,95,0,NO,NO,68.0
461,ANM_0461,SHEEP,RESPIRATORY,YELLOW_URGENT,6.7,37.3,39,148,3,NO,NO,49.0
462,ANM_0925,BUFFALO,NEURO,ORANGE_VERY_URGENT,6.3,38.9,74,189,0,YES,NO,60.0
463,ANM_0927,BUFFALO,RESPIRATORY,ORANGE_VERY_URGENT,11.3,39.5,26,171,0,YES,NO,52.0
464,ANM_0928,SHEEP,FEVER,ORANGE_VERY_URGENT,3.2,38.4,77,91,1,NO,NO,56.0
465,ANM_0930,CAT,NEURO,YELLOW_URGENT,7.8,38.8,74,171,1,YES,YES,63.0
466,ANM_0933,CAT,RESPIRATORY,YELLOW_URGENT,7.3,37.1,45,62,3,NO,NO,58.0
467,ANM_0467,CAT,TRAUMA,GREEN_STANDARD,1.2,37.4,45,150,3,NO,NO,43.0
468,ANM_0117,BUFFALO,OBSTETRIC,ORANGE_VERY_URGENT,2.3,39.3,21,93,0,NO,NO,40.0
469,ANM_0234,CATTLE,NEURO,GREEN_STANDARD,5.9,37.2,58,112,3,NO,NO,38.0
470,ANM_0470,GOAT,TRAUMA,GREEN_STANDARD,11.5,40.4,72,124,3,NO,NO,47.0
471,ANM_0943,SHEEP,GI,ORANGE_VERY_URGENT,7.2,36.9,67,156,0,NO,NO,53.0
472,ANM_0944,CAT,GI,ORANGE_VERY_URGENT,7.9,37.8,27,89,0,YES,NO,57.0
473,ANM_0946,CAT,GI,ORANGE_VERY_URGENT,1.7,37.6,65,197,1,NO,NO,61.0
474,ANM_0059,CAT,OBSTETRIC,RED_IMMEDIATE,11.4,37.1,24,70,0,NO,NO,70.0
475,ANM_0118,DOG,FEVER,RED_IMMEDIATE,3.3,36.6,46,194,0,NO,NO,74.0
476,ANM_0953,CAT,OBSTETRIC,YELLOW_URGENT,6.7,37.3,61,101,3,NO,NO,62.0
477,ANM_0477,DOG,FEVER,YELLOW_URGENT,11.8,40.6,37,161,1,NO,YES,53.0
478,ANM_0478,DOG,GI,YELLOW_URGENT,6.6,38.5,45,104,3,NO,NO,53.0
479,ANM_0239,GOAT,RESPIRATORY,ORANGE_VERY_URGENT,6.6,36.9,76,198,0,NO,NO,53.0
480,ANM_0480,BUFFALO,OBSTETRIC,ORANGE_VERY_URGENT,3.4,40.8,41,153,1,NO,NO,62.0
481,ANM_0962,SHEEP,RESPIRATORY,YELLOW_URGENT,4.4,38.3,38,130,3,NO,NO,44.0
482,ANM_0482,BUFFALO,OBSTETRIC,YELLOW_URGENT,4.7,36.7,67,98,3,NO,NO,57.0
483,ANM_0483,SHEEP,RESPIRATORY,GREEN_STANDARD,10.2,38.6,66,140,3,NO,NO,37.0
484,ANM_0060,CATTLE,OBSTETRIC,ORANGE_VERY_URGENT,1.7,39.3,56,115,3,NO,NO,68.0
485,ANM_0971,SHEEP,FEVER,RED_IMMEDIATE,5.3,37.0,53,191,1,NO,NO,77.0
486,ANM_0486,CAT,OBSTETRIC,ORANGE_VERY_URGENT,7.0,39.2,31,132,2,NO,NO,61.0
487,ANM_0243,CATTLE,TRAUMA,YELLOW_URGENT,3.0,39.1,36,150,2,NO,YES,46.0
488,ANM_0488,SHEEP,NEURO,YELLOW_URGENT,5.0,40.5,25,101,2,YES,NO,58.0
489,ANM_0979,GOAT,NEURO,ORANGE_VERY_URGENT,9.9,37.0,65,86,1,YES,NO,73.0
490,ANM_0490,CATTLE,RESPIRATORY,GREEN_STANDARD,8.0,40.7,64,80,1,YES,YES,53.0
491,ANM_0122,SHEEP,OBSTETRIC,YELLOW_URGENT,1.4,39.5,74,115,3,NO,NO,52.0
492,ANM_0246,CATTLE,OBSTETRIC,GREEN_STANDARD,2.9,40.5,64,181,2,YES,YES,61.0
493,ANM_0493,CATTLE,NEURO,YELLOW_URGENT,11.0,40.3,49,198,2,NO,YES,60.0
494,ANM_0494,CAT,OBSTETRIC,ORANGE_VERY_URGENT,7.3,39.2,60,171,2,NO,NO,65.0
495,ANM_0247,GOAT,OBSTETRIC,YELLOW_URGENT,0.6,40.6,40,64,1,NO,NO,38.0
496,ANM_0992,CATTLE,RESPIRATORY,YELLOW_URGENT,7.2,36.0,79,191,3,NO,NO,62.0
497,ANM_0994,CATTLE,NEURO,ORANGE_VERY_URGENT,10.6,40.6,37,73,1,NO,NO,58.0
498,ANM_0996,DOG,FEVER,ORANGE_VERY_URGENT,0.9,40.1,72,151,1,NO,NO,71.0
499,ANM_0499,GOAT,GI,ORANGE_VERY_URGENT,1.0,36.7,27,176,3,NO,NO,69.0
500,ANM_0125,DOG,OBSTETRIC,ORANGE_VERY_URGENT,1.6,37.8,62,168,0,NO,NO,53.0
501,ANM_0501,CAT,TRAUMA,ORANGE_VERY_URGENT,2.0,38.5,41,167,2,NO,NO,65.0
502,ANM_0502,GOAT,GI,YELLOW_URGENT,0.6,36.4,68,97,0,NO,NO,38.0
503,ANM_0503,DOG,GI,ORANGE_VERY_URGENT,10.8,37.3,44,63,0,NO,NO,54.0
504,ANM_0252,BUFFALO,GI,GREEN_STANDARD,7.7,39.7,40,152,0,YES,NO,22.0
505,ANM_0505,GOAT,FEVER,ORANGE_VERY_URGENT,8.8,39.7,55,193,0,NO,NO,49.0
506,ANM_0506,BUFFALO,FEVER,GREEN_STANDARD,10.4,37.1,27,120,3,NO,NO,34.0
507,ANM_0126,GOAT,TRAUMA,YELLOW_URGENT,2.7,39.3,34,87,2,NO,NO,36.0
508,ANM_0063,BUFFALO,TRAUMA,YELLOW_URGENT,3.8,39.4,71,90,0,NO,NO,28.0
509,ANM_0254,DOG,TRAUMA,YELLOW_URGENT,9.5,40.3,20,134,3,NO,YES,69.0
510,ANM_0510,SHEEP,FEVER,GREEN_STANDARD,3.2,36.2,65,172,2,NO,NO,39.0
511,ANM_0511,DOG,RESPIRATORY,YELLOW_URGENT,4.0,38.3,75,101,0,NO,NO,33.0
512,ANM_0512,GOAT,OBSTETRIC,YELLOW_URGENT,0.2,39.2,44,107,0,NO,NO,24.0
513,ANM_0256,BUFFALO,GI,ORANGE_VERY_URGENT,3.7,39.9,43,124,1,NO,NO,57.0
514,ANM_0514,DOG,RESPIRATORY,YELLOW_URGENT,4.0,39.2,27,84,0,YES,NO,37.0
515,ANM_0128,GOAT,FEVER,YELLOW_URGENT,2.3,36.7,62,162,0,YES,NO,45.0
516,ANM_0129,CATTLE,TRAUMA,GREEN_STANDARD,2.7,38.1,41,100,2,NO,NO,25.0
517,ANM_0258,GOAT,GI,GREEN_STANDARD,10.3,40.9,28,136,2,NO,NO,31.0
518,ANM_0064,GOAT,TRAUMA,YELLOW_URGENT,4.2,40.2,72,185,0,NO,NO,38.0
519,ANM_0519,BUFFALO,RESPIRATORY,YELLOW_URGENT,3.1,39.1,31,166,0,NO,NO,20.0
520,ANM_0520,CAT,GI,GREEN_STANDARD,5.2,36.5,70,106,3,NO,NO,47.0
521,ANM_0260,SHEEP,FEVER,ORANGE_VERY_URGENT,6.9,39.0,54,106,0,NO,NO,44.0
522,ANM_0016,CATTLE,OBSTETRIC,GREEN_STANDARD,1.7,38.4,55,102,2,NO,NO,25.0
523,ANM_0523,SHEEP,TRAUMA,GREEN_STANDARD,11.8,39.0,53,94,2,YES,NO,37.0
524,ANM_0262,GOAT,NEURO,ORANGE_VERY_URGENT,5.2,37.9,48,182,3,NO,NO,68.0
525,ANM_0525,BUFFALO,RESPIRATORY,ORANGE_VERY_URGENT,10.7,37.2,36,136,0,NO,NO,45.0
526,ANM_0263,CAT,GI,YELLOW_URGENT,9.5,37.8,77,197,0,YES,NO,45.0
527,ANM_0527,SHEEP,TRAUMA,GREEN_STANDARD,11.1,37.7,76,171,3,NO,YES,47.0
528,ANM_0528,BUFFALO,NEURO,YELLOW_URGENT,7.3,36.1,69,157,0,NO,YES,48.0
529,ANM_0066,DOG,FEVER,ORANGE_VERY_URGENT,3.1,40.7,37,175,1,NO,NO,63.0
530,ANM_0530,CATTLE,RESPIRATORY,YELLOW_URGENT,9.5,36.7,41,81,3,NO,YES,63.0
531,ANM_0132,DOG,GI,YELLOW_URGENT,3.8,37.1,58,74,0,YES,NO,46.0
532,ANM_0532,CAT,OBSTETRIC,ORANGE_VERY_URGENT,7.5,39.7,35,122,0,NO,NO,50.0
533,ANM_0133,BUFFALO,FEVER,ORANGE_VERY_URGENT,1.6,38.5,47,104,1,NO,NO,52.0
534,ANM_0534,GOAT,RESPIRATORY,GREEN_STANDARD,7.5,41.0,48,97,3,YES,NO,55.0
535,ANM_0535,BUFFALO,NEURO,YELLOW_URGENT,9.1,40.3,27,73,1,NO,NO,38.0
536,ANM_0268,CAT,NEURO,YELLOW_URGENT,1.0,36.2,65,89,0,NO,NO,43.0
537,ANM_0537,BUFFALO,OBSTETRIC,YELLOW_URGENT,3.3,38.4,66,96,0,NO,NO,28.0
538,ANM_0269,CAT,RESPIRATORY,GREEN_STANDARD,8.9,38.6,55,100,2,NO,NO,30.0
539,ANM_0539,CATTLE,GI,YELLOW_URGENT,8.0,40.6,43,87,0,NO,NO,34.0
540,ANM_0540,SHEEP,RESPIRATORY,GREEN_STANDARD,6.2,39.5,77,140,3,NO,NO,37.0
541,ANM_0270,BUFFALO,GI,YELLOW_URGENT,2.4,39.3,45,67,1,NO,NO,32.0
542,ANM_0542,SHEEP,GI,GREEN_STANDARD,0.4,39.4,42,137,1,NO,NO,17.0
543,ANM_0271,CATTLE,NEURO,ORANGE_VERY_URGENT,3.5,39.5,70,76,0,NO,NO,48.0
544,ANM_0136,DOG,GI,GREEN_STANDARD,11.1,36.4,74,87,1,NO,NO,36.0
545,ANM_0545,GOAT,OBSTETRIC,ORANGE_VERY_URGENT,6.6,37.0,28,198,1,NO,NO,53.0
546,ANM_0546,CAT,OBSTETRIC,GREEN_STANDARD,5.3,40.5,69,97,1,NO,NO,36.0
547,ANM_0068,DOG,NEURO,GREEN_STANDARD,6.8,38.6,32,81,1,NO,NO,18.0
548,ANM_0548,CAT,NEURO,GREEN_STANDARD,3.4,39.9,26,93,1,YES,NO,35.0
549,ANM_0137,CATTLE,GI,GREEN_STANDARD,9.0,37.1,69,103,0,NO,YES,28.0
550,ANM_0550,BUFFALO,OBSTETRIC,GREEN_STANDARD,5.7,39.2,31,159,3,NO,NO,29.0
551,ANM_0551,BUFFALO,TRAUMA,YELLOW_URGENT,11.6,40.6,80,165,1,NO,NO,46.0
552,ANM_0138,DOG,RESPIRATORY,GREEN_STANDARD,4.3,39.6,72,97,1,YES,NO,43.0
553,ANM_0034,CAT,GI,YELLOW_URGENT,1.5,40.7,64,98,0,NO,NO,43.0
554,ANM_0277,SHEEP,GI,YELLOW_URGENT,5.1,40.2,51,102,0,NO,NO,34.0
555,ANM_0555,BUFFALO,OBSTETRIC,YELLOW_URGENT,11.8,36.2,44,192,0,YES,NO,46.0
556,ANM_0556,GOAT,FEVER,YELLOW_URGENT,5.2,39.1,23,192,1,NO,NO,28.0
557,ANM_0557,CATTLE,NEURO,YELLOW_URGENT,2.3,38.9,77,199,1,NO,NO,36.0
558,ANM_0279,CATTLE,FEVER,GREEN_STANDARD,9.9,37.8,72,70,3,NO,NO,37.0
559,ANM_0559,CAT,RESPIRATORY,GREEN_STANDARD,1.7,36.6,48,152,0,NO,NO,19.0
560,ANM_0280,CATTLE,NEURO,GREEN_STANDARD,9.1,37.5,22,175,2,NO,NO,21.0
561,ANM_0561,BUFFALO,RESPIRATORY,GREEN_STANDARD,2.3,39.6,46,138,2,NO,NO,30.0
562,ANM_0562,GOAT,NEURO,ORANGE_VERY_URGENT,10.8,40.8,20,124,0,NO,NO,50.0
563,ANM_0140,SHEEP,NEURO,GREEN_STANDARD,6.9,39.2,59,142,2,YES,YES,47.0
564,ANM_0282,BUFFALO,RESPIRATORY,GREEN_STANDARD,6.9,38.7,58,197,1,NO,NO,17.0
565,ANM_0565,GOAT,TRAUMA,ORANGE_VERY_URGENT,0.6,38.9,58,136,2,NO,YES,70.0
566,ANM_0070,GOAT,NEURO,YELLOW_URGENT,5.8,38.7,47,200,2,NO,NO,40.0
567,ANM_0567,CATTLE,TRAUMA,GREEN_STANDARD,4.0,40.5,72,77,3,NO,YES,57.0
568,ANM_0284,CATTLE,FEVER,GREEN_STANDARD,1.7,40.3,35,97,2,NO,NO,31.0
569,ANM_0569,CATTLE,OBSTETRIC,GREEN_STANDARD,7.6,40.9,50,133,3,NO,NO,43.0
570,ANM_0570,DOG,OBSTETRIC,GREEN_STANDARD,4.4,36.6,56,187,3,NO,NO,43.0
571,ANM_0571,DOG,RESPIRATORY,GREEN_STANDARD,11.8,36.0,21,179,0,NO,NO,20.0
572,ANM_0572,DOG,GI,YELLOW_URGENT,4.1,38.8,60,114,0,NO,NO,29.0
573,ANM_0143,CAT,TRAUMA,YELLOW_URGENT,9.8,39.3,40,181,1,NO,NO,33.0
574,ANM_0574,DOG,TRAUMA,GREEN_STANDARD,2.5,40.2,79,182,3,NO,NO,52.0
575,ANM_0287,CAT,TRAUMA,GREEN_STANDARD,5.6,39.3,42,76,3,YES,NO,50.0
576,ANM_0576,DOG,FEVER,YELLOW_URGENT,8.2,38.8,21,113,2,NO,NO,41.0
577,ANM_0577,GOAT,TRAUMA,GREEN_STANDARD,3.5,36.2,44,196,1,NO,NO,27.0
578,ANM_0578,DOG,TRAUMA,GREEN_STANDARD,9.1,39.5,40,68,2,NO,NO,26.0
579,ANM_0579,BUFFALO,FEVER,YELLOW_URGENT,11.4,37.1,39,104,0,NO,YES,35.0
580,ANM_0580,BUFFALO,TRAUMA,YELLOW_URGENT,0.5,38.4,52,99,1,NO,NO,32.0
581,ANM_0290,SHEEP,RESPIRATORY,GREEN_STANDARD,10.9,40.4,39,100,2,YES,NO,43.0
582,ANM_0582,SHEEP,NEURO,GREEN_STANDARD,1.6,37.6,22,82,2,NO,YES,31.0
583,ANM_0583,DOG,NEURO,GREEN_STANDARD,0.5,39.8,60,113,2,YES,NO,47.0
584,ANM_0584,DOG,FEVER,GREEN_STANDARD,8.1,37.4,30,130,0,YES,NO,27.0
585,ANM_0036,CATTLE,FEVER,GREEN_STANDARD,10.6,38.0,59,99,1,NO,NO,17.0
586,ANM_0293,CATTLE,GI,YELLOW_URGENT,5.8,37.1,25,86,0,NO,NO,25.0
587,ANM_0587,SHEEP,RESPIRATORY,GREEN_STANDARD,10.7,39.1,64,174,2,NO,NO,29.0
588,ANM_0147,GOAT,FEVER,GREEN_STANDARD,8.4,38.0,58,81,2,NO,NO,25.0
589,ANM_0294,BUFFALO,GI,GREEN_STANDARD,9.1,36.7,63,96,0,NO,YES,28.0
590,ANM_0073,CATTLE,NEURO,YELLOW_URGENT,3.4,40.9,55,134,1,NO,NO,42.0
591,ANM_0591,SHEEP,TRAUMA,YELLOW_URGENT,5.6,36.9,69,149,1,NO,NO,41.0
592,ANM_0296,CATTLE,RESPIRATORY,GREEN_STANDARD,7.2,37.9,47,140,1,YES,NO,29.0
593,ANM_0148,GOAT,RESPIRATORY,YELLOW_URGENT,10.0,39.7,63,194,0,NO,NO,33.0
594,ANM_0594,CAT,RESPIRATORY,ORANGE_VERY_URGENT,8.1,39.7,65,184,0,NO,NO,58.0
595,ANM_0595,DOG,TRAUMA,GREEN_STANDARD,2.3,40.8,24,87,3,NO,NO,44.0
596,ANM_0596,CATTLE,TRAUMA,ORANGE_VERY_URGENT,1.8,38.9,68,60,1,NO,NO,56.0
597,ANM_0597,GOAT,GI,YELLOW_URGENT,5.5,37.0,76,141,2,NO,NO,49.0
598,ANM_0074,CATTLE,TRAUMA,YELLOW_URGENT,5.7,38.2,31,73,2,NO,NO,36.0
599,ANM_0599,CATTLE,FEVER,GREEN_STANDARD,11.6,36.0,55,151,0,NO,NO,19.0
600,ANM_0600,BUFFALO,GI,GREEN_STANDARD,4.9,37.6,44,163,3,NO,NO,33.0
601,ANM_0300,SHEEP,FEVER,YELLOW_URGENT,2.2,38.4,69,78,0,NO,YES,38.0
602,ANM_0301,BUFFALO,TRAUMA,GREEN_STANDARD,11.4,38.0,38,188,3,NO,NO,29.0
603,ANM_0150,CATTLE,FEVER,GREEN_STANDARD,1.4,39.9,73,194,0,NO,NO,18.0
604,ANM_0604,SHEEP,GI,YELLOW_URGENT,2.4,39.0,56,187,1,NO,NO,32.0
605,ANM_0605,DOG,OBSTETRIC,YELLOW_URGENT,11.7,38.8,65,154,0,NO,NO,33.0
606,ANM_0606,CATTLE,RESPIRATORY,GREEN_STANDARD,6.4,40.3,68,131,3,NO,NO,47.0
607,ANM_0303,GOAT,GI,YELLOW_URGENT,9.2,39.2,61,76,2,NO,NO,44.0
608,ANM_0608,DOG,TRAUMA,YELLOW_URGENT,6.2,38.3,66,144,3,NO,NO,57.0
609,ANM_0609,GOAT,FEVER,ORANGE_VERY_URGENT,8.4,39.0,39,126,0,NO,NO,40.0
610,ANM_0152,CAT,RESPIRATORY,GREEN_STANDARD,7.4,39.8,70,174,1,NO,NO,31.0
611,ANM_0611,GOAT,FEVER,ORANGE_VERY_URGENT,3.5,40.3,20,88,1,NO,NO,58.0
612,ANM_0612,CAT,GI,YELLOW_URGENT,2.3,39.9,35,184,1,NO,NO,38.0
613,ANM_0306,GOAT,NEURO,GREEN_STANDARD,9.3,36.1,71,169,2,NO,NO,39.0
614,ANM_0038,CATTLE,GI,GREEN_STANDARD,10.3,37.1,72,177,2,NO,NO,34.0
615,ANM_0615,BUFFALO,GI,YELLOW_URGENT,3.8,39.7,68,196,1,NO,NO,41.0
616,ANM_0154,BUFFALO,RESPIRATORY,GREEN_STANDARD,1.8,37.3,61,183,2,NO,YES,44.0
617,ANM_0308,DOG,NEURO,GREEN_STANDARD,2.9,38.5,22,63,1,YES,NO,30.0
618,ANM_0309,BUFFALO,RESPIRATORY,GREEN_STANDARD,10.3,38.8,78,167,1,NO,NO,21.0
619,ANM_0619,BUFFALO,FEVER,YELLOW_URGENT,8.1,40.2,20,165,0,NO,NO,30.0
620,ANM_0620,GOAT,RESPIRATORY,GREEN_STANDARD,3.2,36.2,59,83,0,NO,NO,19.0
621,ANM_0621,BUFFALO,OBSTETRIC,YELLOW_URGENT,8.6,36.6,74,93,3,NO,NO,57.0
622,ANM_0622,DOG,RESPIRATORY,GREEN_STANDARD,8.4,37.3,49,79,3,NO,NO,43.0
623,ANM_0623,SHEEP,NEURO,GREEN_STANDARD,9.3,37.6,30,78,2,NO,NO,21.0
624,ANM_0624,GOAT,TRAUMA,ORANGE_VERY_URGENT,9.8,36.9,24,185,1,NO,NO,53.0
625,ANM_0156,BUFFALO,GI,GREEN_STANDARD,11.2,38.1,45,188,2,YES,NO,37.0
626,ANM_0626,CATTLE,TRAUMA,YELLOW_URGENT,3.2,38.2,77,187,1,NO,YES,46.0
627,ANM_0313,BUFFALO,NEURO,GREEN_STANDARD,9.2,37.2,20,164,0,YES,NO,22.0
628,ANM_0628,CAT,TRAUMA,YELLOW_URGENT,0.2,40.8,72,183,0,NO,NO,43.0
629,ANM_0314,CAT,TRAUMA,GREEN_STANDARD,0.2,39.3,74,138,0,YES,NO,30.0
630,ANM_0630,CATTLE,GI,GREEN_STANDARD,3.6,37.0,55,70,3,NO,NO,38.0
631,ANM_0315,SHEEP,GI,GREEN_STANDARD,11.7,36.7,37,83,0,NO,NO,10.0
632,ANM_0316,DOG,GI,GREEN_STANDARD,4.6,40.9,25,84,1,NO,NO,28.0
633,ANM_0079,CAT,FEVER,GREEN_STANDARD,5.6,39.4,79,127,1,NO,NO,26.0
634,ANM_0634,DOG,GI,GREEN_STANDARD,10.5,38.7,67,119,0,YES,YES,40.0
635,ANM_0158,SHEEP,NEURO,GREEN_STANDARD,9.2,38.3,59,61,0,YES,NO,21.0
636,ANM_0636,GOAT,TRAUMA,YELLOW_URGENT,2.2,39.0,72,87,0,NO,NO,28.0
637,ANM_0637,BUFFALO,TRAUMA,GREEN_STANDARD,5.2,40.1,67,162,2,YES,NO,51.0
638,ANM_0319,SHEEP,FEVER,YELLOW_URGENT,6.5,40.8,33,175,2,NO,NO,46.0
639,ANM_0159,BUFFALO,OBSTETRIC,GREEN_STANDARD,7.4,38.1,69,133,1,NO,YES,31.0
640,ANM_0640,DOG,GI,GREEN_STANDARD,0.4,38.4,20,61,1,NO,NO,18.0
641,ANM_0320,CATTLE,RESPIRATORY,GREEN_STANDARD,3.8,39.5,58,70,1,NO,NO,17.0
642,ANM_0160,SHEEP,NEURO,GREEN_STANDARD,5.6,36.6,77,187,0,NO,NO,18.0
643,ANM_0643,GOAT,FEVER,YELLOW_URGENT,6.8,37.0,53,84,2,NO,NO,45.0
644,ANM_0644,DOG,RESPIRATORY,YELLOW_URGENT,7.6,37.0,23,109,0,NO,NO,30.0
645,ANM_0322,SHEEP,GI,YELLOW_URGENT,6.7,36.5,26,95,0,YES,NO,37.0
646,ANM_0080,CAT,RESPIRATORY,GREEN_STANDARD,10.0,36.4,30,138,2,NO,NO,36.0
647,ANM_0647,BUFFALO,NEURO,YELLOW_URGENT,7.0,38.1,67,143,1,NO,NO,36.0
648,ANM_0648,CATTLE,RESPIRATORY,GREEN_STANDARD,10.5,37.9,34,78,3,NO,YES,39.0
649,ANM_0324,CATTLE,RESPIRATORY,GREEN_STANDARD,5.4,36.6,77,144,0,YES,NO,30.0
650,ANM_0650,GOAT,RESPIRATORY,ORANGE_VERY_URGENT,0.6,38.8,37,94,0,NO,NO,40.0
651,ANM_0325,BUFFALO,OBSTETRIC,YELLOW_URGENT,8.7,38.5,44,169,1,NO,NO,32.0
652,ANM_0326,GOAT,FEVER,YELLOW_URGENT,2.0,39.1,59,122,2,NO,NO,40.0
653,ANM_0653,BUFFALO,OBSTETRIC,GREEN_STANDARD,11.0,40.5,46,71,0,NO,NO,19.0
654,ANM_0081,GOAT,NEURO,YELLOW_URGENT,3.4,38.7,48,80,0,NO,NO,24.0
655,ANM_0655,CATTLE,NEURO,GREEN_STANDARD,11.4,36.7,38,121,0,YES,NO,22.0
656,ANM_0656,BUFFALO,NEURO,YELLOW_URGENT,6.9,38.9,49,178,1,NO,NO,32.0
657,ANM_0328,CATTLE,GI,GREEN_STANDARD,4.4,38.7,51,148,2,NO,NO,25.0
658,ANM_0020,DOG,OBSTETRIC,YELLOW_URGENT,9.5,40.0,32,84,0,NO,NO,30.0
659,ANM_0659,CAT,FEVER,GREEN_STANDARD,1.5,37.8,59,70,2,NO,NO,30.0
660,ANM_0660,CAT,TRAUMA,YELLOW_URGENT,9.3,36.7,41,121,0,NO,NO,34.0
661,ANM_0165,CATTLE,NEURO,GREEN_STANDARD,5.6,37.5,22,111,0,NO,NO,5.0
662,ANM_0331,SHEEP,FEVER,GREEN_STANDARD,11.9,36.9,35,141,2,NO,YES,36.0
663,ANM_0663,CAT,NEURO,GREEN_STANDARD,11.3,36.3,77,177,0,YES,NO,40.0
664,ANM_0332,CAT,FEVER,GREEN_STANDARD,6.9,38.8,32,186,2,YES,YES,48.0
665,ANM_0665,GOAT,GI,GREEN_STANDARD,6.6,36.7,42,167,3,NO,YES,48.0
666,ANM_0333,CATTLE,RESPIRATORY,YELLOW_URGENT,0.4,38.4,41,111,1,NO,NO,32.0
667,ANM_0166,SHEEP,OBSTETRIC,YELLOW_URGENT,0.6,39.2,38,151,0,NO,NO,20.0
668,ANM_0668,GOAT,RESPIRATORY,GREEN_STANDARD,2.9,37.9,38,72,1,NO,NO,13.0
669,ANM_0167,CATTLE,FEVER,YELLOW_URGENT,4.9,38.2,44,146,1,NO,NO,32.0
670,ANM_0041,GOAT,NEURO,GREEN_STANDARD,5.3,40.9,27,158,1,NO,NO,23.0
671,ANM_0671,SHEEP,OBSTETRIC,GREEN_STANDARD,6.5,36.6,21,163,3,NO,NO,34.0
672,ANM_0336,DOG,NEURO,GREEN_STANDARD,7.4,37.8,62,104,3,NO,NO,42.0
673,ANM_0168,DOG,FEVER,GREEN_STANDARD,8.8,36.4,58,106,2,NO,YES,50.0
674,ANM_0021,SHEEP,GI,GREEN_STANDARD,0.8,39.3,61,85,0,NO,NO,13.0
675,ANM_0337,BUFFALO,RESPIRATORY,GREEN_STANDARD,11.4,40.7,45,68,1,NO,NO,27.0
676,ANM_0676,SHEEP,NEURO,YELLOW_URGENT,1.2,38.6,32,185,2,NO,NO,36.0
677,ANM_0338,DOG,RESPIRATORY,YELLOW_URGENT,1.4,38.5,41,79,1,NO,NO,37.0
678,ANM_0339,CAT,TRAUMA,GREEN_STANDARD,8.1,39.6,41,174,0,NO,NO,19.0
679,ANM_0679,SHEEP,NEURO,GREEN_STANDARD,1.8,38.9,25,96,1,NO,NO,13.0
680,ANM_0170,GOAT,OBSTETRIC,GREEN_STANDARD,3.4,40.9,80,74,0,NO,NO,23.0
681,ANM_0042,CATTLE,OBSTETRIC,GREEN_STANDARD,6.6,39.6,67,110,2,NO,NO,34.0
682,ANM_0682,GOAT,OBSTETRIC,ORANGE_VERY_URGENT,6.8,38.3,21,60,1,NO,NO,48.0
683,ANM_0341,SHEEP,GI,YELLOW_URGENT,4.6,40.1,70,117,1,NO,NO,46.0
684,ANM_0171,DOG,NEURO,YELLOW_URGENT,11.4,36.7,58,172,0,YES,NO,46.0
685,ANM_0685,GOAT,OBSTETRIC,GREEN_STANDARD,0.4,37.3,57,74,1,NO,NO,22.0
686,ANM_0085,DOG,TRAUMA,YELLOW_URGENT,3.9,37.6,69,163,0,NO,NO,33.0
687,ANM_0343,CATTLE,FEVER,YELLOW_URGENT,7.4,38.4,21,170,1,NO,NO,28.0
688,ANM_0344,CATTLE,TRAUMA,ORANGE_VERY_URGENT,11.7,38.0,55,198,2,NO,NO,60.0
689,ANM_0689,GOAT,GI,YELLOW_URGENT,11.1,36.8,33,99,1,NO,NO,33.0
690,ANM_0345,CATTLE,TRAUMA,YELLOW_URGENT,6.7,38.5,23,152,0,NO,NO,20.0
691,ANM_0172,CAT,FEVER,YELLOW_URGENT,11.4,36.2,29,175,2,NO,NO,51.0
692,ANM_0173,DOG,RESPIRATORY,YELLOW_URGENT,4.9,39.2,35,89,0,NO,NO,25.0
693,ANM_0693,SHEEP,NEURO,GREEN_STANDARD,1.5,36.1,50,170,0,YES,YES,41.0
694,ANM_0694,CAT,OBSTETRIC,YELLOW_URGENT,5.7,40.5,22,76,2,NO,NO,51.0
695,ANM_0347,SHEEP,GI,YELLOW_URGENT,8.0,36.5,54,159,1,NO,NO,37.0
696,ANM_0696,GOAT,OBSTETRIC,ORANGE_VERY_URGENT,2.1,38.5,66,121,0,YES,NO,60.0
697,ANM_0043,GOAT,OBSTETRIC,ORANGE_VERY_URGENT,10.2,39.6,39,189,2,NO,NO,61.0
698,ANM_0698,BUFFALO,OBSTETRIC,GREEN_STANDARD,5.8,39.5,31,172,0,YES,NO,17.0
699,ANM_0349,CATTLE,TRAUMA,YELLOW_URGENT,9.7,38.1,68,118,0,NO,NO,28.0
700,ANM_0350,SHEEP,OBSTETRIC,YELLOW_URGENT,11.2,38.9,35,181,2,YES,NO,48.0
701,ANM_0701,GOAT,NEURO,GREEN_STANDARD,5.4,38.8,38,169,1,NO,NO,13.0
702,ANM_0351,CAT,TRAUMA,YELLOW_URGENT,10.8,40.0,63,97,0,NO,NO,38.0
703,ANM_0703,CATTLE,TRAUMA,ORANGE_VERY_URGENT,4.9,39.0,26,103,0,NO,NO,40.0
704,ANM_0704,BUFFALO,OBSTETRIC,GREEN_STANDARD,5.0,37.2,47,187,2,NO,NO,30.0
705,ANM_0352,BUFFALO,RESPIRATORY,GREEN_STANDARD,1.7,38.1,63,171,1,NO,NO,21.0
706,ANM_0176,GOAT,FEVER,GREEN_STANDARD,8.6,40.6,60,104,2,NO,YES,45.0
707,ANM_0707,CATTLE,GI,YELLOW_URGENT,11.7,37.9,63,143,1,NO,NO,36.0
708,ANM_0708,CATTLE,NEURO,GREEN_STANDARD,9.3,40.0,32,135,3,NO,NO,34.0
709,ANM_0709,GOAT,OBSTETRIC,YELLOW_URGENT,11.4,36.2,47,90,3,NO,NO,58.0
710,ANM_0355,DOG,OBSTETRIC,YELLOW_URGENT,11.6,36.5,26,85,2,NO,NO,46.0
711,ANM_0711,CAT,GI,YELLOW_URGENT,1.5,39.4,62,198,3,NO,NO,57.0
712,ANM_0356,SHEEP,FEVER,YELLOW_URGENT,5.9,39.0,22,104,2,NO,NO,36.0
713,ANM_0044,CAT,FEVER,YELLOW_URGENT,2.5,39.3,44,104,2,NO,NO,45.0
714,ANM_0714,GOAT,GI,YELLOW_URGENT,8.0,37.2,61,139,0,NO,YES,43.0
715,ANM_0357,CAT,NEURO,YELLOW_URGENT,4.9,40.4,64,120,0,NO,NO,43.0
716,ANM_0179,CATTLE,RESPIRATORY,GREEN_STANDARD,7.8,38.2,63,192,2,YES,NO,41.0
717,ANM_0717,GOAT,GI,YELLOW_URGENT,9.2,37.7,59,136,2,NO,NO,40.0
718,ANM_0359,GOAT,NEURO,YELLOW_URGENT,9.9,37.3,46,82,1,NO,NO,37.0
719,ANM_0719,CATTLE,NEURO,GREEN_STANDARD,1.3,37.7,24,195,3,NO,NO,29.0
720,ANM_0360,SHEEP,NEURO,YELLOW_URGENT,6.3,37.9,23,191,1,YES,NO,40.0
721,ANM_0721,DOG,OBSTETRIC,YELLOW_URGENT,9.2,36.9,21,192,1,NO,NO,38.0
722,ANM_0180,DOG,NEURO,YELLOW_URGENT,9.3,36.6,52,74,0,NO,NO,34.0
723,ANM_0361,SHEEP,RESPIRATORY,GREEN_STANDARD,6.4,38.8,31,109,1,NO,NO,13.0
724,ANM_0724,CAT,RESPIRATORY,GREEN_STANDARD,3.3,37.4,30,125,1,NO,YES,33.0
725,ANM_0181,BUFFALO,FEVER,GREEN_STANDARD,2.9,40.7,53,132,0,NO,NO,19.0
726,ANM_0090,DOG,NEURO,GREEN_STANDARD,10.4,37.4,70,166,2,NO,NO,39.0
727,ANM_0727,CAT,GI,GREEN_STANDARD,0.9,40.5,40,136,0,NO,NO,20.0
728,ANM_0364,GOAT,NEURO,GREEN_STANDARD,1.3,36.1,23,101,1,NO,NO,23.0
729,ANM_0729,CATTLE,OBSTETRIC,YELLOW_URGENT,7.0,39.9,53,124,3,NO,NO,53.0
730,ANM_0091,CATTLE,FEVER,GREEN_STANDARD,10.1,38.9,62,185,1,NO,NO,21.0
731,ANM_0731,BUFFALO,FEVER,YELLOW_URGENT,3.2,38.9,51,196,2,NO,YES,50.0
732,ANM_0183,DOG,FEVER,GREEN_STANDARD,6.9,40.1,21,80,0,NO,NO,20.0
733,ANM_0733,GOAT,TRAUMA,YELLOW_URGENT,10.9,36.2,67,73,1,NO,NO,46.0
734,ANM_0367,SHEEP,FEVER,ORANGE_VERY_URGENT,3.8,38.6,59,161,0,YES,NO,56.0
735,ANM_0735,SHEEP,FEVER,ORANGE_VERY_URGENT,11.2,39.8,39,113,1,NO,NO,53.0
736,ANM_0368,GOAT,OBSTETRIC,YELLOW_URGENT,7.4,37.5,26,183,0,NO,NO,20.0
737,ANM_0737,GOAT,NEURO,YELLOW_URGENT,11.0,36.5,30,126,0,NO,NO,25.0
738,ANM_0046,SHEEP,NEURO,ORANGE_VERY_URGENT,1.2,38.6,60,145,0,NO,NO,44.0
739,ANM_0739,SHEEP,RESPIRATORY,YELLOW_URGENT,3.9,36.4,30,123,1,NO,NO,38.0
740,ANM_0370,CATTLE,OBSTETRIC,YELLOW_URGENT,4.0,36.7,21,187,2,NO,NO,41.0
741,ANM_0741,BUFFALO,GI,GREEN_STANDARD,11.3,40.4,34,65,0,NO,NO,15.0
742,ANM_0742,CAT,RESPIRATORY,GREEN_STANDARD,11.7,37.0,64,103,0,NO,NO,23.0
743,ANM_0092,GOAT,OBSTETRIC,GREEN_STANDARD,4.7,40.7,75,108,1,NO,NO,31.0
744,ANM_0372,SHEEP,NEURO,YELLOW_URGENT,3.7,36.8,62,106,2,YES,YES,71.0
745,ANM_0745,SHEEP,RESPIRATORY,YELLOW_URGENT,11.9,37.4,63,108,3,YES,NO,69.0
746,ANM_0746,CATTLE,FEVER,GREEN_STANDARD,3.0,38.3,35,154,3,YES,NO,41.0
747,ANM_0373,GOAT,NEURO,GREEN_STANDARD,9.2,36.9,63,145,0,YES,NO,30.0
748,ANM_0748,GOAT,RESPIRATORY,YELLOW_URGENT,4.4,39.0,62,71,0,NO,NO,28.0
749,ANM_0374,GOAT,GI,GREEN_STANDARD,4.1,37.3,38,178,0,NO,NO,10.0
750,ANM_0750,GOAT,GI,ORANGE_VERY_URGENT,3.9,38.7,29,126,0,NO,NO,40.0
751,ANM_0751,SHEEP,FEVER,GREEN_STANDARD,11.1,37.4,76,127,2,NO,NO,34.0
752,ANM_0376,BUFFALO,RESPIRATORY,GREEN_STANDARD,4.2,40.9,77,177,1,NO,NO,31.0
753,ANM_0753,BUFFALO,TRAUMA,YELLOW_URGENT,2.1,38.3,27,186,0,NO,NO,20.0
754,ANM_0754,DOG,GI,YELLOW_URGENT,1.5,39.6,29,91,2,YES,NO,58.0
755,ANM_0755,BUFFALO,RESPIRATORY,GREEN_STANDARD,9.9,38.8,62,114,0,NO,NO,13.0
756,ANM_0378,BUFFALO,OBSTETRIC,GREEN_STANDARD,6.0,39.8,25,93,3,NO,NO,34.0
757,ANM_0757,SHEEP,FEVER,YELLOW_URGENT,11.4,40.2,29,67,0,NO,NO,30.0
758,ANM_0758,SHEEP,GI,YELLOW_URGENT,3.4,39.3,41,71,3,NO,NO,48.0
759,ANM_0759,CAT,OBSTETRIC,ORANGE_VERY_URGENT,10.4,40.0,38,142,0,NO,NO,50.0
760,ANM_0011,SHEEP,TRAUMA,GREEN_STANDARD,10.4,36.8,30,168,0,NO,NO,10.0
761,ANM_0761,SHEEP,GI,ORANGE_VERY_URGENT,9.1,39.3,27,136,3,NO,NO,64.0
762,ANM_0762,GOAT,NEURO,YELLOW_URGENT,4.4,36.5,43,191,1,NO,NO,37.0
763,ANM_0763,SHEEP,FEVER,YELLOW_URGENT,5.2,39.8,71,154,1,NO,NO,41.0
764,ANM_0382,BUFFALO,FEVER,GREEN_STANDARD,6.0,39.8,30,163,0,YES,NO,22.0
765,ANM_0765,CATTLE,FEVER,YELLOW_URGENT,1.1,40.0,39,98,1,NO,NO,33.0
766,ANM_0766,BUFFALO,OBSTETRIC,YELLOW_URGENT,6.9,38.8,78,71,0,NO,NO,28.0
767,ANM_0767,SHEEP,NEURO,GREEN_STANDARD,9.8,37.8,57,80,0,YES,NO,21.0
768,ANM_0768,BUFFALO,RESPIRATORY,GREEN_STANDARD,0.7,38.1,65,136,2,NO,NO,29.0
769,ANM_0006,SHEEP,FEVER,YELLOW_URGENT,10.0,36.8,42,113,2,NO,NO,45.0
770,ANM_0770,DOG,FEVER,GREEN_STANDARD,1.5,38.7,20,161,0,YES,NO,22.0
771,ANM_0771,SHEEP,NEURO,YELLOW_URGENT,8.0,39.7,66,184,2,NO,NO,49.0
772,ANM_0386,DOG,FEVER,YELLOW_URGENT,8.5,38.1,77,86,0,NO,NO,33.0
773,ANM_0773,CATTLE,NEURO,GREEN_STANDARD,10.3,37.0,61,97,1,NO,NO,26.0
774,ANM_0096,DOG,GI,GREEN_STANDARD,7.6,40.4,51,198,0,NO,NO,24.0
775,ANM_0775,CAT,GI,GREEN_STANDARD,5.8,40.3,57,122,1,NO,NO,32.0
776,ANM_0024,BUFFALO,GI,GREEN_STANDARD,2.1,36.0,44,127,3,NO,NO,43.0
777,ANM_0388,SHEEP,RESPIRATORY,YELLOW_URGENT,5.9,37.2,20,82,0,NO,NO,25.0
778,ANM_0389,BUFFALO,TRAUMA,GREEN_STANDARD,1.1,39.6,77,125,1,NO,NO,26.0
779,ANM_0779,GOAT,GI,YELLOW_URGENT,0.4,37.4,32,180,2,NO,NO,41.0
780,ANM_0048,DOG,RESPIRATORY,GREEN_STANDARD,4.7,38.0,29,61,0,NO,NO,10.0
781,ANM_0781,SHEEP,GI,GREEN_STANDARD,8.1,39.7,70,180,1,NO,NO,26.0
782,ANM_0782,CAT,TRAUMA,YELLOW_URGENT,1.7,37.0,58,185,0,NO,NO,34.0
783,ANM_0097,CAT,FEVER,GREEN_STANDARD,9.0,38.2,26,85,3,YES,NO,46.0
784,ANM_0784,DOG,TRAUMA,GREEN_STANDARD,4.2,36.6,34,90,1,NO,NO,23.0
785,ANM_0785,GOAT,TRAUMA,GREEN_STANDARD,6.8,40.5,74,191,0,NO,NO,23.0
786,ANM_0786,SHEEP,GI,GREEN_STANDARD,9.1,40.9,70,86,0,NO,NO,23.0
787,ANM_0393,SHEEP,NEURO,GREEN_STANDARD,9.6,39.2,71,102,0,YES,NO,25.0
788,ANM_0394,BUFFALO,TRAUMA,YELLOW_URGENT,7.2,40.0,63,172,1,NO,NO,41.0
789,ANM_0789,GOAT,FEVER,YELLOW_URGENT,1.2,37.9,68,166,2,NO,NO,44.0
790,ANM_0790,DOG,GI,GREEN_STANDARD,1.8,38.1,78,164,3,NO,NO,42.0
791,ANM_0791,CAT,FEVER,GREEN_STANDARD,5.4,39.9,65,192,0,YES,NO,35.0
792,ANM_0198,DOG,NEURO,ORANGE_VERY_URGENT,0.4,37.6,29,165,1,NO,NO,53.0
793,ANM_0049,CAT,OBSTETRIC,YELLOW_URGENT,6.8,40.6,27,176,1,NO,NO,43.0
794,ANM_0794,GOAT,OBSTETRIC,YELLOW_URGENT,1.9,38.0,61,112,3,NO,NO,52.0
795,ANM_0795,CAT,GI,GREEN_STANDARD,10.6,36.4,54,145,3,NO,NO,48.0
796,ANM_0796,BUFFALO,OBSTETRIC,GREEN_STANDARD,3.6,36.5,55,139,2,NO,NO,30.0
797,ANM_0398,SHEEP,RESPIRATORY,GREEN_STANDARD,6.8,40.9,23,62,1,NO,NO,23.0
798,ANM_0199,SHEEP,NEURO,GREEN_STANDARD,8.5,38.6,55,143,3,NO,NO,33.0
799,ANM_0799,SHEEP,FEVER,GREEN_STANDARD,9.7,40.9,56,196,1,NO,NO,27.0
800,ANM_0800,CAT,OBSTETRIC,YELLOW_URGENT,8.6,38.6,35,86,2,NO,NO,41.0
801,ANM_0400,BUFFALO,TRAUMA,YELLOW_URGENT,9.7,38.2,74,187,3,NO,NO,52.0
802,ANM_0200,BUFFALO,GI,GREEN_STANDARD,4.2,37.8,69,127,3,YES,NO,49.0
803,ANM_0025,CAT,OBSTETRIC,YELLOW_URGENT,5.9,36.9,33,74,0,NO,YES,40.0
804,ANM_0402,CAT,FEVER,GREEN_STANDARD,6.8,39.3,49,147,2,NO,NO,30.0
805,ANM_0805,DOG,FEVER,GREEN_STANDARD,1.6,40.3,27,90,2,NO,YES,46.0
806,ANM_0806,BUFFALO,TRAUMA,YELLOW_URGENT,11.9,37.5,51,67,1,YES,NO,44.0
807,ANM_0807,CATTLE,FEVER,GREEN_STANDARD,2.7,40.1,51,60,0,NO,YES,29.0
808,ANM_0808,CATTLE,GI,YELLOW_URGENT,3.9,38.3,41,156,3,NO,NO,48.0
809,ANM_0809,BUFFALO,RESPIRATORY,YELLOW_URGENT,5.6,38.2,48,98,2,YES,NO,52.0
810,ANM_0810,DOG,GI,YELLOW_URGENT,10.8,37.7,22,173,2,NO,NO,41.0
811,ANM_0811,CAT,TRAUMA,YELLOW_URGENT,9.6,39.5,55,91,0,YES,NO,41.0
812,ANM_0812,DOG,TRAUMA,GREEN_STANDARD,6.4,39.8,52,64,0,NO,NO,19.0
813,ANM_0813,CATTLE,FEVER,GREEN_STANDARD,3.1,39.5,76,173,0,NO,NO,13.0
814,ANM_0407,DOG,TRAUMA,GREEN_STANDARD,5.5,39.3,52,94,3,YES,NO,50.0
815,ANM_0101,SHEEP,FEVER,GREEN_STANDARD,3.7,40.8,64,124,3,NO,NO,47.0
816,ANM_0408,DOG,GI,GREEN_STANDARD,5.9,38.5,78,105,1,NO,YES,36.0
817,ANM_0817,BUFFALO,GI,GREEN_STANDARD,3.2,40.7,77,90,0,YES,NO,35.0
818,ANM_0818,DOG,RESPIRATORY,YELLOW_URGENT,9.1,37.9,27,128,0,NO,NO,25.0
819,ANM_0409,SHEEP,NEURO,YELLOW_URGENT,10.6,38.5,44,167,1,NO,NO,32.0
820,ANM_0410,GOAT,GI,GREEN_STANDARD,1.8,39.0,76,191,2,NO,NO,29.0
821,ANM_0821,BUFFALO,OBSTETRIC,GREEN_STANDARD,11.5,38.8,22,60,3,NO,NO,29.0
822,ANM_0411,GOAT,NEURO,GREEN_STANDARD,6.7,37.1,33,134,2,NO,YES,36.0
823,ANM_0102,SHEEP,GI,ORANGE_VERY_URGENT,4.7,37.8,38,135,0,NO,NO,40.0
824,ANM_0824,BUFFALO,NEURO,YELLOW_URGENT,3.5,38.2,59,189,2,NO,NO,40.0
825,ANM_0412,CAT,NEURO,GREEN_STANDARD,2.3,38.7,60,142,0,NO,NO,14.0
826,ANM_0826,GOAT,TRAUMA,GREEN_STANDARD,1.8,40.6,58,181,0,NO,NO,19.0
827,ANM_0827,SHEEP,OBSTETRIC,GREEN_STANDARD,8.5,39.8,54,80,0,NO,NO,14.0
828,ANM_0207,CATTLE,NEURO,YELLOW_URGENT,6.5,39.6,79,69,1,NO,NO,41.0
829,ANM_0103,GOAT,TRAUMA,YELLOW_URGENT,8.3,39.7,23,187,2,NO,NO,41.0
830,ANM_0415,GOAT,NEURO,ORANGE_VERY_URGENT,10.1,39.5,38,112,0,NO,NO,40.0
831,ANM_0831,CATTLE,FEVER,YELLOW_URGENT,8.5,39.0,20,110,3,YES,NO,56.0
832,ANM_0416,DOG,NEURO,GREEN_STANDARD,10.4,39.7,55,159,1,NO,NO,27.0
833,ANM_0208,CATTLE,GI,GREEN_STANDARD,2.4,39.7,75,134,0,YES,NO,30.0
834,ANM_0834,CAT,NEURO,YELLOW_URGENT,3.2,38.8,49,60,3,NO,NO,53.0
835,ANM_0417,CAT,FEVER,YELLOW_URGENT,0.8,37.9,46,140,0,YES,NO,41.0
836,ANM_0418,DOG,GI,GREEN_STANDARD,11.0,39.5,61,154,1,NO,NO,26.0
837,ANM_0837,DOG,TRAUMA,GREEN_STANDARD,2.9,39.4,24,123,1,YES,NO,30.0
838,ANM_0104,GOAT,RESPIRATORY,YELLOW_URGENT,7.5,39.4,66,95,0,NO,NO,28.0
839,ANM_0839,GOAT,TRAUMA,GREEN_STANDARD,6.3,37.2,24,172,0,NO,NO,10.0
840,ANM_0210,GOAT,RESPIRATORY,GREEN_STANDARD,7.8,39.6,20,146,2,NO,NO,26.0
841,ANM_0841,CATTLE,FEVER,YELLOW_URGENT,5.3,36.5,23,73,2,NO,NO,41.0
842,ANM_0842,DOG,GI,ORANGE_VERY_URGENT,7.3,39.3,20,176,3,NO,NO,69.0
843,ANM_0421,DOG,TRAUMA,GREEN_STANDARD,7.6,40.2,39,185,2,YES,NO,48.0
844,ANM_0844,CATTLE,OBSTETRIC,GREEN_STANDARD,7.2,40.2,77,92,2,NO,NO,39.0
845,ANM_0211,BUFFALO,OBSTETRIC,GREEN_STANDARD,10.8,40.1,52,143,0,NO,YES,29.0
846,ANM_0846,GOAT,FEVER,YELLOW_URGENT,6.6,36.7,50,139,2,NO,NO,45.0
847,ANM_0847,DOG,OBSTETRIC,YELLOW_URGENT,1.9,37.2,72,73,3,NO,NO,62.0
848,ANM_0848,CAT,RESPIRATORY,GREEN_STANDARD,4.2,39.3,64,179,2,NO,NO,34.0
849,ANM_0424,CAT,TRAUMA,ORANGE_VERY_URGENT,4.3,37.2,61,122,0,NO,NO,58.0
850,ANM_0106,BUFFALO,OBSTETRIC,GREEN_STANDARD,4.5,38.5,37,102,2,NO,NO,21.0
851,ANM_0053,BUFFALO,NEURO,ORANGE_VERY_URGENT,5.1,37.7,49,166,0,YES,NO,56.0
852,ANM_0852,GOAT,TRAUMA,GREEN_STANDARD,2.5,37.4,34,127,1,NO,NO,18.0
853,ANM_0426,CAT,RESPIRATORY,ORANGE_VERY_URGENT,1.2,36.5,69,197,0,NO,NO,58.0
854,ANM_0427,CAT,RESPIRATORY,GREEN_STANDARD,5.2,36.5,54,171,0,NO,NO,19.0
855,ANM_0855,BUFFALO,RESPIRATORY,GREEN_STANDARD,2.5,37.9,43,141,3,NO,NO,33.0
856,ANM_0856,CATTLE,OBSTETRIC,YELLOW_URGENT,10.3,37.5,29,143,1,YES,NO,40.0
857,ANM_0857,BUFFALO,OBSTETRIC,GREEN_STANDARD,10.7,37.0,25,180,0,YES,NO,22.0
858,ANM_0429,GOAT,GI,YELLOW_URGENT,7.6,38.2,21,159,0,NO,NO,20.0
859,ANM_0859,GOAT,OBSTETRIC,YELLOW_URGENT,11.1,38.9,22,113,1,NO,NO,28.0
860,ANM_0430,DOG,TRAUMA,GREEN_STANDARD,7.1,39.5,24,151,0,NO,NO,10.0
861,ANM_0861,CATTLE,FEVER,YELLOW_URGENT,4.3,38.9,49,191,2,NO,NO,40.0
862,ANM_0862,SHEEP,FEVER,GREEN_STANDARD,3.9,37.9,31,173,1,NO,YES,23.0
863,ANM_0107,GOAT,NEURO,GREEN_STANDARD,9.7,38.3,24,96,1,NO,NO,13.0
864,ANM_0864,CATTLE,OBSTETRIC,ORANGE_VERY_URGENT,2.5,37.6,39,130,1,NO,NO,48.0
865,ANM_0432,CAT,GI,GREEN_STANDARD,10.2,37.5,60,96,2,NO,NO,30.0
866,ANM_0433,CAT,NEURO,YELLOW_URGENT,11.4,38.8,55,96,0,YES,NO,41.0
867,ANM_0867,SHEEP,RESPIRATORY,YELLOW_URGENT,9.5,39.8,66,178,2,NO,NO,49.0
868,ANM_0217,CATTLE,OBSTETRIC,GREEN_STANDARD,2.6,38.7,30,143,3,YES,NO,41.0
869,ANM_0434,SHEEP,OBSTETRIC,YELLOW_URGENT,1.2,37.1,67,148,1,NO,NO,41.0
870,ANM_0027,BUFFALO,GI,ORANGE_VERY_URGENT,10.7,37.2,58,70,0,NO,NO,49.0
871,ANM_0871,DOG,NEURO,GREEN_STANDARD,11.0,38.9,45,157,1,NO,YES,32.0
872,ANM_0436,CATTLE,OBSTETRIC,YELLOW_URGENT,6.7,37.5,24,124,0,YES,NO,32.0
873,ANM_0873,BUFFALO,TRAUMA,GREEN_STANDARD,7.3,36.1,32,77,3,NO,NO,39.0
874,ANM_0437,GOAT,FEVER,ORANGE_VERY_URGENT,7.9,36.5,59,77,1,NO,NO,57.0
875,ANM_0875,BUFFALO,OBSTETRIC,YELLOW_URGENT,9.0,37.9,77,112,1,NO,NO,36.0
876,ANM_0876,CAT,NEURO,YELLOW_URGENT,7.3,40.7,57,111,3,NO,YES,73.0
877,ANM_0219,SHEEP,NEURO,GREEN_STANDARD,8.7,38.0,72,60,1,NO,YES,31.0
878,ANM_0439,BUFFALO,NEURO,GREEN_STANDARD,5.3,40.2,28,144,3,NO,NO,39.0
879,ANM_0879,BUFFALO,GI,ORANGE_VERY_URGENT,10.8,39.7,49,158,1,NO,YES,67.0
880,ANM_0440,GOAT,GI,YELLOW_URGENT,2.3,39.0,73,131,1,NO,NO,36.0
881,ANM_0110,DOG,FEVER,GREEN_STANDARD,2.8,36.3,72,178,2,NO,YES,54.0
882,ANM_0882,GOAT,GI,YELLOW_URGENT,3.2,38.5,49,66,0,NO,NO,24.0
883,ANM_0220,GOAT,NEURO,RED_IMMEDIATE,11.9,40.7,24,180,0,NO,NO,70.0
884,ANM_0884,GOAT,NEURO,GREEN_STANDARD,5.9,36.3,55,122,3,YES,NO,55.0
885,ANM_0885,BUFFALO,RESPIRATORY,GREEN_STANDARD,7.4,36.9,27,196,3,YES,NO,46.0
886,ANM_0055,SHEEP,OBSTETRIC,GREEN_STANDARD,6.6,39.0,34,184,1,NO,NO,13.0
887,ANM_0443,DOG,NEURO,GREEN_STANDARD,1.8,38.5,25,161,2,NO,NO,26.0
888,ANM_0888,SHEEP,RESPIRATORY,GREEN_STANDARD,4.6,37.2,25,64,3,YES,YES,56.0
889,ANM_0889,BUFFALO,NEURO,YELLOW_URGENT,2.8,40.4,71,102,1,YES,NO,58.0
890,ANM_0111,CATTLE,TRAUMA,ORANGE_VERY_URGENT,6.0,36.5,76,197,1,NO,NO,61.0
891,ANM_0222,SHEEP,TRAUMA,YELLOW_URGENT,8.0,38.7,61,149,0,YES,NO,40.0
892,ANM_0446,CATTLE,TRAUMA,GREEN_STANDARD,4.0,39.5,53,130,2,NO,NO,25.0
893,ANM_0223,DOG,RESPIRATORY,GREEN_STANDARD,2.8,36.0,21,136,3,NO,NO,44.0
894,ANM_0894,CAT,FEVER,GREEN_STANDARD,8.1,36.3,21,174,3,NO,NO,44.0
895,ANM_0447,SHEEP,NEURO,YELLOW_URGENT,7.1,40.5,24,192,2,NO,NO,46.0
896,ANM_0224,DOG,GI,GREEN_STANDARD,3.1,37.7,37,108,0,YES,NO,22.0
897,ANM_0897,CAT,OBSTETRIC,GREEN_STANDARD,5.4,40.4,28,131,2,NO,NO,36.0
898,ANM_0112,CAT,NEURO,GREEN_STANDARD,5.1,39.7,29,166,0,NO,NO,15.0
899,ANM_0899,CAT,RESPIRATORY,GREEN_STANDARD,8.4,37.1,75,157,2,YES,NO,51.0
900,ANM_0450,CATTLE,GI,YELLOW_URGENT,5.9,39.0,61,165,0,YES,YES,50.0
901,ANM_0901,BUFFALO,RESPIRATORY,YELLOW_URGENT,5.2,38.3,30,110,1,NO,NO,28.0
902,ANM_0902,GOAT,FEVER,YELLOW_URGENT,11.6,37.0,75,183,0,NO,NO,33.0
903,ANM_0056,SHEEP,FEVER,YELLOW_URGENT,9.6,39.6,73,179,1,NO,NO,41.0
904,ANM_0904,CATTLE,FEVER,YELLOW_URGENT,2.0,39.6,36,157,3,NO,NO,49.0
905,ANM_0452,SHEEP,OBSTETRIC,GREEN_STANDARD,7.7,40.4,66,132,0,YES,NO,35.0
906,ANM_0014,CAT,FEVER,GREEN_STANDARD,6.2,37.0,43,101,0,NO,NO,19.0
907,ANM_0907,DOG,TRAUMA,YELLOW_URGENT,0.7,40.6,44,101,1,NO,NO,47.0
908,ANM_0113,GOAT,TRAUMA,YELLOW_URGENT,2.8,38.2,35,152,0,NO,NO,20.0
909,ANM_0454,SHEEP,OBSTETRIC,YELLOW_URGENT,2.9,37.9,26,64,1,NO,NO,28.0
910,ANM_0455,CAT,GI,GREEN_STANDARD,7.3,36.9,77,69,0,YES,NO,35.0
911,ANM_0227,GOAT,OBSTETRIC,YELLOW_URGENT,8.1,37.6,39,96,1,NO,NO,28.0
912,ANM_0228,DOG,OBSTETRIC,GREEN_STANDARD,11.0,39.1,47,186,0,NO,NO,14.0
913,ANM_0913,CATTLE,TRAUMA,YELLOW_URGENT,9.4,37.7,29,128,1,NO,NO,28.0
914,ANM_0914,GOAT,TRAUMA,GREEN_STANDARD,9.8,36.0,24,166,3,NO,NO,39.0
915,ANM_0915,BUFFALO,RESPIRATORY,YELLOW_URGENT,8.5,37.0,31,188,0,NO,NO,25.0
916,ANM_0458,BUFFALO,TRAUMA,ORANGE_VERY_URGENT,10.5,38.0,32,61,0,NO,YES,50.0
917,ANM_0007,CATTLE,OBSTETRIC,YELLOW_URGENT,6.5,37.2,49,157,2,NO,NO,45.0
918,ANM_0459,CATTLE,GI,YELLOW_URGENT,8.3,37.6,43,87,1,NO,NO,32.0
919,ANM_0919,SHEEP,OBSTETRIC,YELLOW_URGENT,11.6,37.3,51,181,2,NO,NO,45.0
920,ANM_0920,CAT,FEVER,GREEN_STANDARD,9.8,40.7,62,162,3,NO,NO,52.0
921,ANM_0460,GOAT,OBSTETRIC,YELLOW_URGENT,4.5,37.4,63,161,1,NO,NO,41.0
922,ANM_0922,GOAT,NEURO,GREEN_STANDARD,3.1,38.3,63,181,3,NO,YES,47.0
923,ANM_0057,SHEEP,OBSTETRIC,YELLOW_URGENT,0.5,39.2,28,178,1,YES,NO,40.0
924,ANM_0924,CAT,OBSTETRIC,GREEN_STANDARD,4.3,40.7,80,181,0,NO,NO,28.0
925,ANM_0462,CAT,TRAUMA,GREEN_STANDARD,5.5,39.5,30,85,1,NO,NO,18.0
926,ANM_0926,GOAT,NEURO,GREEN_STANDARD,11.8,38.3,77,174,0,NO,NO,13.0
927,ANM_0463,DOG,OBSTETRIC,YELLOW_URGENT,8.5,36.8,60,61,0,NO,NO,34.0
928,ANM_0116,DOG,RESPIRATORY,GREEN_STANDARD,2.9,39.9,70,60,2,NO,YES,49.0
929,ANM_0929,SHEEP,TRAUMA,GREEN_STANDARD,4.1,37.1,56,76,2,NO,NO,30.0
930,ANM_0003,CATTLE,RESPIRATORY,YELLOW_URGENT,4.2,36.8,68,146,0,YES,YES,55.0
931,ANM_0232,BUFFALO,TRAUMA,ORANGE_VERY_URGENT,8.1,39.0,75,78,1,NO,NO,56.0
932,ANM_0932,SHEEP,OBSTETRIC,GREEN_STANDARD,3.9,39.0,32,159,3,NO,NO,29.0
933,ANM_0466,CAT,OBSTETRIC,ORANGE_VERY_URGENT,0.6,39.0,53,119,1,NO,NO,57.0
934,ANM_0934,GOAT,RESPIRATORY,YELLOW_URGENT,5.6,39.0,29,68,2,NO,NO,36.0
935,ANM_0935,CATTLE,FEVER,GREEN_STANDARD,8.5,38.4,73,115,3,NO,NO,37.0
936,ANM_0468,CATTLE,NEURO,GREEN_STANDARD,11.0,38.7,66,149,2,NO,NO,29.0
937,ANM_0937,SHEEP,NEURO,YELLOW_URGENT,11.8,39.3,74,100,0,NO,NO,28.0
938,ANM_0938,CAT,GI,GREEN_STANDARD,9.1,38.0,53,132,2,NO,NO,30.0
939,ANM_0469,DOG,RESPIRATORY,YELLOW_URGENT,5.0,36.0,31,164,0,NO,NO,35.0
940,ANM_0940,BUFFALO,GI,YELLOW_URGENT,3.6,36.7,33,110,0,NO,NO,25.0
941,ANM_0941,CATTLE,NEURO,GREEN_STANDARD,10.3,37.9,47,103,0,YES,NO,21.0
942,ANM_0235,GOAT,GI,YELLOW_URGENT,7.9,37.5,43,191,3,NO,NO,48.0
943,ANM_0029,SHEEP,FEVER,GREEN_STANDARD,11.2,36.0,59,85,0,NO,NO,19.0
944,ANM_0236,CAT,GI,GREEN_STANDARD,4.0,37.0,40,165,0,NO,NO,15.0
945,ANM_0472,CAT,RESPIRATORY,YELLOW_URGENT,2.9,37.6,42,192,0,NO,NO,29.0
946,ANM_0473,GOAT,TRAUMA,YELLOW_URGENT,9.0,37.7,55,105,3,NO,NO,48.0
947,ANM_0947,SHEEP,OBSTETRIC,GREEN_STANDARD,9.4,38.7,24,192,0,NO,NO,5.0
948,ANM_0237,BUFFALO,TRAUMA,ORANGE_VERY_URGENT,11.2,38.9,46,135,1,YES,NO,64.0
949,ANM_0949,BUFFALO,NEURO,ORANGE_VERY_URGENT,6.8,40.3,22,81,0,NO,NO,50.0
950,ANM_0950,DOG,RESPIRATORY,YELLOW_URGENT,11.4,36.0,39,71,2,NO,NO,51.0
951,ANM_0951,DOG,GI,YELLOW_URGENT,6.4,40.9,42,197,1,NO,NO,47.0
952,ANM_0476,CAT,GI,YELLOW_URGENT,9.2,38.7,22,183,2,NO,NO,41.0
953,ANM_0238,DOG,RESPIRATORY,YELLOW_URGENT,7.9,39.4,36,185,3,NO,NO,49.0
954,ANM_0954,CAT,GI,GREEN_STANDARD,1.9,37.0,60,128,1,NO,NO,27.0
955,ANM_0119,GOAT,OBSTETRIC,YELLOW_URGENT,5.5,37.1,59,71,2,NO,NO,45.0
956,ANM_0956,CATTLE,FEVER,ORANGE_VERY_URGENT,1.5,38.7,24,144,0,NO,NO,40.0
957,ANM_0957,GOAT,RESPIRATORY,GREEN_STANDARD,2.9,36.0,44,116,3,NO,NO,43.0
958,ANM_0958,CATTLE,RESPIRATORY,YELLOW_URGENT,10.5,38.9,71,185,0,NO,NO,28.0
959,ANM_0479,SHEEP,FEVER,YELLOW_URGENT,0.3,37.1,57,85,2,NO,NO,45.0
960,ANM_0960,DOG,OBSTETRIC,YELLOW_URGENT,10.2,38.4,28,126,0,NO,NO,25.0
961,ANM_0120,CATTLE,GI,GREEN_STANDARD,5.2,36.5,65,173,0,NO,NO,18.0
962,ANM_0481,CAT,FEVER,YELLOW_URGENT,4.9,38.3,56,93,1,NO,NO,37.0
963,ANM_0963,BUFFALO,FEVER,YELLOW_URGENT,1.2,37.5,69,140,0,NO,YES,38.0
964,ANM_0964,BUFFALO,TRAUMA,ORANGE_VERY_URGENT,0.9,39.7,55,186,0,NO,NO,49.0
965,ANM_0965,DOG,NEURO,ORANGE_VERY_URGENT,6.1,39.4,63,196,0,NO,NO,53.0
966,ANM_0966,CAT,TRAUMA,GREEN_STANDARD,8.5,39.7,35,195,0,NO,NO,15.0
967,ANM_0967,CAT,OBSTETRIC,GREEN_STANDARD,2.3,37.8,28,191,2,NO,NO,26.0
968,ANM_0968,SHEEP,RESPIRATORY,YELLOW_URGENT,1.5,40.6,35,198,0,NO,NO,30.0
969,ANM_0969,GOAT,RESPIRATORY,RED_IMMEDIATE,7.6,38.0,79,138,0,NO,NO,68.0
970,ANM_0970,SHEEP,TRAUMA,YELLOW_URGENT,7.5,37.6,42,87,0,NO,NO,24.0
971,ANM_0121,BUFFALO,TRAUMA,ORANGE_VERY_URGENT,7.6,38.9,65,143,3,NO,NO,72.0
972,ANM_0972,CATTLE,RESPIRATORY,GREEN_STANDARD,3.2,38.4,43,136,2,NO,NO,25.0
973,ANM_0973,GOAT,TRAUMA,GREEN_STANDARD,7.9,38.2,28,150,3,YES,NO,41.0
974,ANM_0487,CAT,GI,GREEN_STANDARD,4.7,37.4,60,97,1,NO,NO,27.0
975,ANM_0975,SHEEP,NEURO,GREEN_STANDARD,1.6,38.4,51,92,2,NO,NO,25.0
976,ANM_0976,SHEEP,OBSTETRIC,GREEN_STANDARD,9.0,40.1,28,88,0,NO,YES,25.0
977,ANM_0244,SHEEP,GI,YELLOW_URGENT,11.9,37.1,63,80,0,YES,NO,45.0
978,ANM_0978,SHEEP,GI,ORANGE_VERY_URGENT,5.9,39.8,35,99,1,YES,NO,65.0
979,ANM_0061,BUFFALO,OBSTETRIC,YELLOW_URGENT,9.0,36.6,72,101,2,YES,YES,71.0
980,ANM_0980,CAT,NEURO,ORANGE_VERY_URGENT,1.6,38.0,37,109,1,NO,NO,53.0
981,ANM_0981,CATTLE,TRAUMA,YELLOW_URGENT,6.4,39.5,34,116,2,NO,YES,46.0
982,ANM_0491,CATTLE,GI,YELLOW_URGENT,0.5,38.0,68,81,0,NO,NO,28.0
983,ANM_0030,BUFFALO,FEVER,GREEN_STANDARD,10.6,37.8,30,172,2,NO,NO,21.0
984,ANM_0984,BUFFALO,FEVER,GREEN_STANDARD,4.5,37.5,26,63,1,NO,NO,13.0
985,ANM_0985,GOAT,NEURO,GREEN_STANDARD,6.4,37.9,61,130,1,NO,YES,31.0
986,ANM_0986,CATTLE,RESPIRATORY,YELLOW_URGENT,7.3,36.2,78,108,1,NO,NO,46.0
987,ANM_0987,CATTLE,OBSTETRIC,YELLOW_URGENT,3.8,38.4,68,111,1,YES,NO,48.0
988,ANM_0123,GOAT,GI,YELLOW_URGENT,8.8,37.6,40,125,2,NO,NO,36.0
989,ANM_0989,SHEEP,TRAUMA,YELLOW_URGENT,6.4,40.8,70,65,1,NO,NO,46.0
990,ANM_0495,BUFFALO,TRAUMA,YELLOW_URGENT,4.5,37.3,39,62,0,NO,NO,25.0
991,ANM_0015,CATTLE,FEVER,GREEN_STANDARD,10.0,37.5,23,121,0,YES,NO,17.0
992,ANM_0062,GOAT,OBSTETRIC,YELLOW_URGENT,11.5,38.0,65,110,0,NO,NO,28.0
993,ANM_0993,GOAT,FEVER,GREEN_STANDARD,3.7,37.3,27,103,1,YES,NO,30.0
994,ANM_0248,CAT,GI,GREEN_STANDARD,3.7,38.8,56,159,2,NO,NO,30.0
995,ANM_0995,CATTLE,TRAUMA,YELLOW_URGENT,7.7,40.9,40,81,2,NO,NO,46.0
996,ANM_0498,CAT,GI,GREEN_STANDARD,2.8,36.4,60,121,2,NO,NO,40.0
997,ANM_0997,GOAT,TRAUMA,YELLOW_URGENT,11.7,39.9,69,87,3,NO,NO,57.0
998,ANM_0998,CAT,NEURO,YELLOW_URGENT,2.6,38.2,40,128,1,NO,NO,33.0
999,ANM_0999,SHEEP,RESPIRATORY,YELLOW_URGENT,8.8,38.2,29,182,0,NO,NO,20.0
1000,ANM_1000,BUFFALO,RESPIRATORY,YELLOW_URGENT,11.3,36.9,38,65,2,YES,NO,53.0
