app_id,zone,plot_area_sqm,road_width_m,proposed_far,proposed_height_m,priority,status,phase,processed_order,fast_tracked
APP0997,RZ_RES_LOW,190.8,8.8,2.33,25.4,PRIORITY,APPROVED,PHASE_1,1,YES
APP0996,RZ_COMM_MAIN,176.5,23.6,3.94,31.1,PRIORITY,DEFERRED,PHASE_1,2,YES
APP0990,RZ_RES_LOW,222.5,17.1,1.76,24.5,PRIORITY,APPROVED,PHASE_1,3,YES
APP0981,RZ_RES_MED,374.3,9.3,3.41,30.9,PRIORITY,DEFERRED,PHASE_1,4,YES
APP0964,RZ_RES_HIGH,244.2,23.9,2.18,26.0,PRIORITY,APPROVED,PHASE_1,5,YES
APP0954,RZ_RES_MED,249.8,18.7,3.03,26.1,PRIORITY,APPROVED,PHASE_1,6,YES
APP0953,RZ_COMM_MAIN,108.4,19.3,3.56,15.0,PRIORITY,DEFERRED,PHASE_1,7,YES
APP0950,RZ_RES_LOW,78.8,12.9,3.96,23.8,PRIORITY,DEFERRED,PHASE_1,8,YES
APP0942,RZ_COMM_MAIN,209.4,9.6,1.58,26.5,PRIORITY,APPROVED,PHASE_1,9,YES
APP0929,RZ_COMM_MAIN,384.9,6.7,1.41,19.2,PRIORITY,APPROVED,PHASE_1,10,YES
APP0926,RZ_RES_HIGH,226.8,8.0,2.23,21.6,PRIORITY,APPROVED,PHASE_1,11,YES
APP0923,RZ_RES_LOW,304.2,7.9,2.58,14.2,PRIORITY,APPROVED,PHASE_1,12,YES
APP0920,RZ_COMM_MAIN,139.6,6.2,3.77,25.6,PRIORITY,DEFERRED,PHASE_1,13,YES
APP0918,RZ_RES_MED,81.5,17.5,2.73,22.7,PRIORITY,APPROVED,PHASE_1,14,YES
APP0912,RZ_RES_HIGH,214.2,21.0,1.34,11.7,PRIORITY,APPROVED,PHASE_1,15,YES
APP0911,RZ_RES_LOW,162.3,13.8,3.74,17.9,PRIORITY,DEFERRED,PHASE_1,16,YES
APP0910,RZ_COMM_MAIN,354.8,19.0,1.39,13.4,PRIORITY,APPROVED,PHASE_1,17,YES
APP0909,RZ_RES_MED,121.2,10.8,3.98,25.5,PRIORITY,DEFERRED,PHASE_1,18,YES
APP0901,RZ_RES_LOW,169.9,11.8,1.23,17.6,PRIORITY,APPROVED,PHASE_1,19,YES
APP0892,RZ_RES_MED,109.5,22.6,3.46,8.8,PRIORITY,APPROVED,PHASE_1,20,YES
APP0891,RZ_RES_MED,158.4,20.7,1.17,12.3,PRIORITY,APPROVED,PHASE_1,21,YES
APP0890,RZ_RES_LOW,235.3,8.8,1.67,25.7,PRIORITY,APPROVED,PHASE_1,22,YES
APP0887,RZ_RES_LOW,251.4,16.5,1.39,19.9,PRIORITY,APPROVED,PHASE_1,23,YES
APP0882,RZ_RES_MED,165.5,19.6,2.25,16.0,PRIORITY,APPROVED,PHASE_1,24,YES
APP0881,RZ_RES_HIGH,225.3,9.2,3.68,22.7,PRIORITY,DEFERRED,PHASE_1,25,YES
APP0871,RZ_RES_HIGH,184.5,22.1,1.73,8.2,PRIORITY,APPROVED,PHASE_1,26,YES
APP0869,RZ_RES_LOW,385.1,14.9,1.06,10.5,PRIORITY,APPROVED,PHASE_1,27,YES
APP0867,RZ_RES_HIGH,65.4,20.8,2.18,26.2,PRIORITY,APPROVED,PHASE_1,28,YES
APP0866,RZ_COMM_MAIN,209.8,11.7,2.94,23.3,PRIORITY,APPROVED,PHASE_1,29,YES
APP0861,RZ_RES_HIGH,292.4,6.2,2.34,22.1,PRIORITY,APPROVED,PHASE_1,30,YES
APP0854,RZ_RES_LOW,316.5,13.8,3.37,13.5,PRIORITY,APPROVED,PHASE_1,31,YES
APP0838,RZ_RES_HIGH,126.9,9.0,2.13,11.5,PRIORITY,APPROVED,PHASE_1,32,YES
APP0832,RZ_RES_MED,337.9,7.3,2.84,31.4,PRIORITY,DEFERRED,PHASE_1,33,YES
APP0829,RZ_COMM_MAIN,249.4,7.4,3.56,16.8,PRIORITY,DEFERRED,PHASE_1,34,YES
APP0813,RZ_RES_HIGH,149.1,8.5,1.98,13.0,PRIORITY,APPROVED,PHASE_1,35,YES
APP0812,RZ_RES_LOW,93.1,23.5,2.06,11.0,PRIORITY,APPROVED,PHASE_1,36,YES
APP0811,RZ_COMM_MAIN,249.1,8.9,2.81,17.4,PRIORITY,APPROVED,PHASE_1,37,YES
APP0809,RZ_RES_HIGH,137.4,11.4,2.48,24.6,PRIORITY,APPROVED,PHASE_1,38,YES
APP0807,RZ_RES_MED,396.0,14.6,3.09,18.4,PRIORITY,APPROVED,PHASE_1,39,YES
APP0804,RZ_RES_HIGH,168.5,6.1,2.05,14.9,PRIORITY,APPROVED,PHASE_1,40,YES
APP0803,RZ_RES_MED,320.3,6.1,3.78,29.8,PRIORITY,DEFERRED,PHASE_1,41,YES
APP0797,RZ_RES_HIGH,199.2,23.5,3.85,29.4,PRIORITY,DEFERRED,PHASE_1,42,YES
APP0791,RZ_COMM_MAIN,87.1,7.5,2.67,9.7,PRIORITY,APPROVED,PHASE_1,43,YES
APP0785,RZ_RES_LOW,254.9,21.4,1.43,11.3,PRIORITY,APPROVED,PHASE_1,44,YES
APP0783,RZ_RES_HIGH,265.6,18.5,1.51,21.2,PRIORITY,APPROVED,PHASE_1,45,YES
APP0777,RZ_RES_LOW,232.0,23.2,3.88,24.7,PRIORITY,DEFERRED,PHASE_1,46,YES
APP0775,RZ_RES_MED,223.0,20.4,1.16,21.1,PRIORITY,APPROVED,PHASE_1,47,YES
APP0770,RZ_RES_LOW,121.6,14.1,3.05,26.6,PRIORITY,APPROVED,PHASE_1,48,YES
APP0764,RZ_COMM_MAIN,356.2,16.3,3.34,11.4,PRIORITY,APPROVED,PHASE_1,49,YES
APP0756,RZ_RES_LOW,103.6,6.5,1.37,16.8,PRIORITY,APPROVED,PHASE_1,50,YES
APP0753,RZ_RES_HIGH,136.9,20.5,1.55,11.8,PRIORITY,APPROVED,PHASE_1,51,YES
APP0748,RZ_COMM_MAIN,248.7,6.9,3.73,9.2,PRIORITY,DEFERRED,PHASE_1,52,YES
APP0747,RZ_RES_HIGH,252.2,6.8,1.04,29.2,PRIORITY,DEFERRED,PHASE_1,53,YES
APP0737,RZ_COMM_MAIN,114.0,9.8,2.56,14.9,PRIORITY,APPROVED,PHASE_1,54,YES
APP0734,RZ_RES_LOW,247.6,22.2,2.55,30.5,PRIORITY,DEFERRED,PHASE_1,55,YES
APP0732,RZ_RES_HIGH,310.2,11.0,1.37,16.1,PRIORITY,APPROVED,PHASE_1,56,YES
APP0731,RZ_RES_LOW,317.1,7.7,2.39,10.9,PRIORITY,APPROVED,PHASE_1,57,YES
APP0729,RZ_RES_HIGH,127.0,19.4,2.94,27.8,PRIORITY,APPROVED,PHASE_1,58,YES
APP0727,RZ_RES_LOW,95.3,20.3,2.88,29.8,PRIORITY,DEFERRED,PHASE_1,59,YES
APP0726,RZ_RES_MED,223.0,11.1,1.29,8.2,PRIORITY,APPROVED,PHASE_1,60,YES
APP0723,RZ_RES_MED,114.4,11.5,2.45,20.5,PRIORITY,APPROVED,PHASE_1,61,YES
APP0722,RZ_RES_MED,314.0,18.3,1.25,30.8,PRIORITY,DEFERRED,PHASE_1,62,YES
APP0711,RZ_COMM_MAIN,266.8,13.4,3.17,21.0,PRIORITY,APPROVED,PHASE_1,63,YES
APP0706,RZ_RES_MED,342.1,16.2,3.47,21.3,PRIORITY,APPROVED,PHASE_1,64,YES
APP0702,RZ_RES_LOW,63.6,7.1,2.09,9.6,PRIORITY,APPROVED,PHASE_1,65,YES
APP0700,RZ_RES_LOW,156.3,12.3,1.55,14.9,PRIORITY,APPROVED,PHASE_1,66,YES
APP0696,RZ_RES_LOW,363.7,10.7,2.93,29.2,PRIORITY,DEFERRED,PHASE_1,67,YES
APP0692,RZ_RES_MED,296.1,23.1,1.1,28.0,PRIORITY,APPROVED,PHASE_1,68,YES
APP0691,RZ_COMM_MAIN,225.4,15.7,1.41,25.8,PRIORITY,APPROVED,PHASE_1,69,YES
APP0690,RZ_RES_LOW,72.3,21.0,1.68,19.3,PRIORITY,APPROVED,PHASE_1,70,YES
APP0689,RZ_RES_LOW,210.1,15.4,2.34,29.8,PRIORITY,DEFERRED,PHASE_1,71,YES
APP0687,RZ_RES_HIGH,261.7,10.3,3.77,29.4,PRIORITY,DEFERRED,PHASE_1,72,YES
APP0686,RZ_COMM_MAIN,306.9,23.5,2.85,26.7,PRIORITY,APPROVED,PHASE_1,73,YES
APP0675,RZ_RES_MED,390.4,12.7,1.34,28.7,PRIORITY,DEFERRED,PHASE_1,74,YES
APP0674,RZ_RES_MED,312.5,9.0,2.41,24.7,PRIORITY,APPROVED,PHASE_1,75,YES
APP0670,RZ_RES_HIGH,253.1,15.4,1.86,23.1,PRIORITY,APPROVED,PHASE_1,76,YES
APP0669,RZ_RES_MED,240.4,13.2,3.47,26.8,PRIORITY,APPROVED,PHASE_1,77,YES
APP0665,RZ_RES_HIGH,380.8,18.4,3.61,18.8,PRIORITY,DEFERRED,PHASE_1,78,YES
APP0658,RZ_RES_LOW,234.0,8.0,3.44,10.2,PRIORITY,APPROVED,PHASE_1,79,YES
APP0655,RZ_RES_MED,107.6,9.2,2.19,16.2,PRIORITY,APPROVED,PHASE_1,80,YES
APP0654,RZ_RES_LOW,195.0,20.2,2.82,31.2,PRIORITY,DEFERRED,PHASE_1,81,YES
APP0640,RZ_RES_LOW,267.2,14.7,3.76,10.7,PRIORITY,DEFERRED,PHASE_1,82,YES
APP0637,RZ_COMM_MAIN,314.5,20.9,1.92,23.0,PRIORITY,APPROVED,PHASE_1,83,YES
APP0622,RZ_RES_HIGH,318.7,6.1,1.43,29.2,PRIORITY,DEFERRED,PHASE_1,84,YES
APP0615,RZ_RES_MED,281.0,19.0,3.43,24.1,PRIORITY,APPROVED,PHASE_1,85,YES
APP0612,RZ_RES_HIGH,189.5,18.0,3.07,8.9,PRIORITY,APPROVED,PHASE_1,86,YES
APP0606,RZ_RES_HIGH,210.9,17.1,2.84,25.1,PRIORITY,APPROVED,PHASE_1,87,YES
APP0604,RZ_COMM_MAIN,343.1,16.9,3.97,31.0,PRIORITY,DEFERRED,PHASE_1,88,YES
APP0603,RZ_RES_LOW,204.5,13.1,1.81,23.9,PRIORITY,APPROVED,PHASE_1,89,YES
APP0601,RZ_RES_HIGH,212.4,10.1,3.7,21.7,PRIORITY,DEFERRED,PHASE_1,90,YES
APP0592,RZ_RES_HIGH,200.9,20.5,1.19,19.0,PRIORITY,APPROVED,PHASE_1,91,YES
APP0585,RZ_RES_LOW,144.5,13.4,3.31,11.0,PRIORITY,APPROVED,PHASE_1,92,YES
APP0582,RZ_RES_MED,300.7,6.4,3.39,16.3,PRIORITY,APPROVED,PHASE_1,93,YES
APP0579,RZ_RES_HIGH,326.5,19.3,3.61,17.0,PRIORITY,DEFERRED,PHASE_1,94,YES
APP0576,RZ_COMM_MAIN,76.0,10.4,1.34,19.1,PRIORITY,APPROVED,PHASE_1,95,YES
APP0574,RZ_COMM_MAIN,279.4,13.2,2.03,17.2,PRIORITY,APPROVED,PHASE_1,96,YES
APP0572,RZ_RES_MED,243.6,23.0,3.07,30.0,PRIORITY,DEFERRED,PHASE_1,97,YES
APP0566,RZ_RES_MED,399.6,18.8,3.58,22.0,PRIORITY,DEFERRED,PHASE_1,98,YES
APP0565,RZ_RES_LOW,159.5,7.5,1.58,9.1,PRIORITY,APPROVED,PHASE_1,99,YES
APP0564,RZ_RES_MED,177.4,6.9,2.79,12.7,PRIORITY,APPROVED,PHASE_1,100,YES
APP0563,RZ_COMM_MAIN,375.0,22.8,3.71,28.2,PRIORITY,DEFERRED,PHASE_1,101,YES
APP0555,RZ_RES_LOW,66.9,12.2,2.6,18.2,PRIORITY,APPROVED,PHASE_1,102,YES
APP0543,RZ_RES_MED,255.9,6.3,3.92,25.4,PRIORITY,DEFERRED,PHASE_1,103,YES
APP0533,RZ_RES_LOW,379.5,7.7,2.01,8.4,PRIORITY,APPROVED,PHASE_1,104,YES
APP0526,RZ_RES_MED,307.2,11.5,3.96,8.4,PRIORITY,DEFERRED,PHASE_1,105,YES
APP0525,RZ_RES_LOW,118.7,19.5,2.64,12.3,PRIORITY,APPROVED,PHASE_1,106,YES
APP0520,RZ_RES_LOW,100.1,22.9,3.31,20.0,PRIORITY,APPROVED,PHASE_1,107,YES
APP0509,RZ_RES_MED,65.3,14.1,1.42,12.8,PRIORITY,APPROVED,PHASE_1,108,YES
APP0507,RZ_RES_LOW,249.2,9.8,1.69,26.9,PRIORITY,APPROVED,PHASE_1,109,YES
APP0502,RZ_RES_HIGH,398.3,22.0,2.84,12.4,PRIORITY,APPROVED,PHASE_1,110,YES
APP0494,RZ_RES_LOW,283.8,14.8,3.25,17.4,PRIORITY,APPROVED,PHASE_1,111,YES
APP0484,RZ_RES_MED,203.3,9.1,1.1,15.8,PRIORITY,APPROVED,PHASE_1,112,YES
APP0479,RZ_RES_HIGH,147.4,9.1,1.84,20.9,PRIORITY,APPROVED,PHASE_1,113,YES
APP0476,RZ_RES_MED,131.9,13.6,3.48,17.1,PRIORITY,APPROVED,PHASE_1,114,YES
APP0474,RZ_COMM_MAIN,279.9,13.2,3.34,8.2,PRIORITY,APPROVED,PHASE_1,115,YES
APP0471,RZ_RES_LOW,378.6,19.8,2.35,18.9,PRIORITY,APPROVED,PHASE_1,116,YES
APP0470,RZ_RES_HIGH,316.2,10.8,3.38,29.8,PRIORITY,DEFERRED,PHASE_1,117,YES
APP0461,RZ_COMM_MAIN,64.1,13.5,1.82,31.3,PRIORITY,DEFERRED,PHASE_1,118,YES
APP0460,RZ_COMM_MAIN,218.2,9.2,3.63,15.4,PRIORITY,DEFERRED,PHASE_1,119,YES
APP0457,RZ_RES_MED,374.7,10.1,1.32,26.4,PRIORITY,APPROVED,PHASE_1,120,YES
APP0442,RZ_RES_HIGH,161.3,8.8,3.93,13.9,PRIORITY,DEFERRED,PHASE_1,121,YES
APP0441,RZ_RES_LOW,79.3,11.0,3.83,8.4,PRIORITY,DEFERRED,PHASE_1,122,YES
APP0438,RZ_RES_MED,204.7,14.8,3.52,10.9,PRIORITY,DEFERRED,PHASE_1,123,YES
APP0432,RZ_RES_LOW,398.1,12.4,2.03,30.0,PRIORITY,DEFERRED,PHASE_1,124,YES
APP0431,RZ_COMM_MAIN,135.3,7.5,3.09,21.6,PRIORITY,APPROVED,PHASE_1,125,YES
APP0419,RZ_RES_HIGH,95.3,23.8,2.79,15.0,PRIORITY,APPROVED,PHASE_1,126,YES
APP0411,RZ_RES_LOW,87.0,13.4,3.21,28.4,PRIORITY,DEFERRED,PHASE_1,127,YES
APP0399,RZ_RES_MED,92.2,6.7,1.47,25.5,PRIORITY,APPROVED,PHASE_1,128,YES
APP0398,RZ_RES_HIGH,130.7,21.7,1.58,22.3,PRIORITY,APPROVED,PHASE_1,129,YES
APP0393,RZ_RES_MED,121.0,21.0,1.9,15.0,PRIORITY,APPROVED,PHASE_1,130,YES
APP0391,RZ_COMM_MAIN,194.5,18.3,2.8,29.2,PRIORITY,DEFERRED,PHASE_1,131,YES
APP0390,RZ_RES_MED,92.5,11.2,2.13,24.0,PRIORITY,APPROVED,PHASE_1,132,YES
APP0383,RZ_COMM_MAIN,348.1,13.2,3.49,20.0,PRIORITY,APPROVED,PHASE_1,133,YES
APP0382,RZ_COMM_MAIN,223.3,21.3,2.42,9.2,PRIORITY,APPROVED,PHASE_1,134,YES
APP0359,RZ_COMM_MAIN,145.9,6.8,2.36,16.9,PRIORITY,APPROVED,PHASE_1,135,YES
APP0358,RZ_RES_LOW,360.1,14.1,2.12,24.8,PRIORITY,APPROVED,PHASE_1,136,YES
APP0341,RZ_RES_MED,138.2,7.5,1.11,23.0,PRIORITY,APPROVED,PHASE_1,137,YES
APP0333,RZ_COMM_MAIN,329.5,6.5,1.22,22.1,PRIORITY,APPROVED,PHASE_1,138,YES
APP0326,RZ_RES_LOW,89.0,14.2,3.69,18.3,PRIORITY,DEFERRED,PHASE_1,139,YES
APP0322,RZ_RES_HIGH,264.9,18.3,2.18,13.2,PRIORITY,APPROVED,PHASE_1,140,YES
APP0313,RZ_RES_MED,109.3,7.6,2.56,25.8,PRIORITY,APPROVED,PHASE_1,141,YES
APP0307,RZ_RES_HIGH,107.0,8.6,2.24,26.6,PRIORITY,APPROVED,PHASE_1,142,YES
APP0304,RZ_RES_HIGH,139.3,15.7,2.36,20.7,PRIORITY,APPROVED,PHASE_1,143,YES
APP0303,RZ_COMM_MAIN,388.4,21.0,3.79,21.5,PRIORITY,DEFERRED,PHASE_1,144,YES
APP0302,RZ_COMM_MAIN,165.8,18.6,1.38,25.4,PRIORITY,APPROVED,PHASE_1,145,YES
APP0297,RZ_COMM_MAIN,189.1,10.1,2.15,29.1,PRIORITY,DEFERRED,PHASE_1,146,YES
APP0295,RZ_RES_MED,152.9,9.9,2.71,16.0,PRIORITY,APPROVED,PHASE_1,147,YES
APP0293,RZ_RES_LOW,170.8,7.4,1.13,12.1,PRIORITY,APPROVED,PHASE_1,148,YES
APP0287,RZ_COMM_MAIN,304.3,21.1,3.66,17.9,PRIORITY,DEFERRED,PHASE_1,149,YES
APP0286,RZ_RES_LOW,317.1,12.9,1.36,22.6,PRIORITY,APPROVED,PHASE_1,150,YES
APP0285,RZ_RES_HIGH,74.4,11.8,3.33,24.6,PRIORITY,APPROVED,PHASE_1,151,YES
APP0282,RZ_RES_HIGH,197.2,18.5,1.6,20.9,PRIORITY,APPROVED,PHASE_1,152,YES
APP0278,RZ_RES_LOW,328.4,13.9,1.27,30.0,PRIORITY,DEFERRED,PHASE_1,153,YES
APP0275,RZ_COMM_MAIN,188.6,10.8,1.18,21.8,PRIORITY,APPROVED,PHASE_1,154,YES
APP0269,RZ_RES_MED,166.7,13.2,1.62,26.6,PRIORITY,APPROVED,PHASE_1,155,YES
APP0267,RZ_RES_MED,191.7,20.9,3.73,15.5,PRIORITY,DEFERRED,PHASE_1,156,YES
APP0259,RZ_RES_MED,120.2,15.8,1.87,13.4,PRIORITY,APPROVED,PHASE_1,157,YES
APP0255,RZ_RES_HIGH,329.0,16.8,3.62,10.5,PRIORITY,DEFERRED,PHASE_1,158,YES
APP0253,RZ_RES_LOW,158.6,6.9,2.03,23.8,PRIORITY,APPROVED,PHASE_1,159,YES
APP0252,RZ_COMM_MAIN,257.0,11.8,3.5,21.4,PRIORITY,APPROVED,PHASE_1,160,YES
APP0245,RZ_RES_HIGH,295.8,14.6,1.48,14.5,PRIORITY,APPROVED,PHASE_1,161,YES
APP0244,RZ_RES_MED,252.8,6.9,1.73,19.4,PRIORITY,APPROVED,PHASE_1,162,YES
APP0242,RZ_COMM_MAIN,62.6,21.0,3.43,22.2,PRIORITY,APPROVED,PHASE_1,163,YES
APP0240,RZ_RES_MED,304.0,13.9,2.89,14.5,PRIORITY,APPROVED,PHASE_1,164,YES
APP0234,RZ_RES_MED,221.3,12.0,3.57,12.9,PRIORITY,DEFERRED,PHASE_1,165,YES
APP0228,RZ_RES_HIGH,198.0,21.6,1.08,21.1,PRIORITY,APPROVED,PHASE_1,166,YES
APP0225,RZ_RES_LOW,87.4,19.3,1.53,9.9,PRIORITY,APPROVED,PHASE_1,167,YES
APP0224,RZ_RES_LOW,155.3,22.7,2.86,12.0,PRIORITY,APPROVED,PHASE_1,168,YES
APP0223,RZ_COMM_MAIN,112.4,22.4,3.42,27.5,PRIORITY,APPROVED,PHASE_1,169,YES
APP0221,RZ_COMM_MAIN,347.1,9.8,2.36,30.0,PRIORITY,DEFERRED,PHASE_1,170,YES
APP0220,RZ_COMM_MAIN,286.4,23.6,2.15,13.4,PRIORITY,APPROVED,PHASE_1,171,YES
APP0214,RZ_COMM_MAIN,205.5,18.1,2.57,25.1,PRIORITY,APPROVED,PHASE_1,172,YES
APP0207,RZ_RES_HIGH,300.3,23.7,1.84,12.4,PRIORITY,APPROVED,PHASE_1,173,YES
APP0206,RZ_RES_HIGH,226.6,16.8,1.29,9.6,PRIORITY,APPROVED,PHASE_1,174,YES
APP0197,RZ_RES_MED,224.7,7.4,3.0,31.3,PRIORITY,DEFERRED,PHASE_1,175,YES
APP0195,RZ_RES_LOW,244.2,10.4,1.35,29.5,PRIORITY,DEFERRED,PHASE_1,176,YES
APP0194,RZ_RES_MED,346.4,7.0,3.91,28.2,PRIORITY,DEFERRED,PHASE_1,177,YES
APP0184,RZ_RES_LOW,250.2,18.5,1.44,17.2,PRIORITY,APPROVED,PHASE_1,178,YES
APP0182,RZ_RES_LOW,371.2,12.1,2.7,31.1,PRIORITY,DEFERRED,PHASE_1,179,YES
APP0172,RZ_RES_MED,76.0,21.6,2.24,26.2,PRIORITY,APPROVED,PHASE_1,180,YES
APP0166,RZ_RES_HIGH,112.4,15.0,3.7,31.9,PRIORITY,DEFERRED,PHASE_1,181,YES
APP0163,RZ_RES_HIGH,148.9,10.5,2.71,8.9,PRIORITY,APPROVED,PHASE_1,182,YES
APP0155,RZ_COMM_MAIN,284.3,20.3,2.57,12.8,PRIORITY,APPROVED,PHASE_1,183,YES
APP0154,RZ_RES_HIGH,290.5,16.5,2.1,31.0,PRIORITY,DEFERRED,PHASE_1,184,YES
APP0144,RZ_COMM_MAIN,171.5,12.2,2.34,30.5,PRIORITY,DEFERRED,PHASE_1,185,YES
APP0124,RZ_RES_HIGH,61.8,14.9,2.75,24.5,PRIORITY,APPROVED,PHASE_1,186,YES
APP0118,RZ_COMM_MAIN,323.2,11.5,3.87,22.3,PRIORITY,DEFERRED,PHASE_1,187,YES
APP0115,RZ_RES_HIGH,186.4,19.2,2.41,17.7,PRIORITY,APPROVED,PHASE_1,188,YES
APP0095,RZ_RES_MED,60.8,10.4,3.01,25.2,PRIORITY,APPROVED,PHASE_1,189,YES
APP0087,RZ_RES_HIGH,374.3,6.8,2.25,26.4,PRIORITY,APPROVED,PHASE_1,190,YES
APP0083,RZ_RES_LOW,182.3,11.6,3.75,8.8,PRIORITY,DEFERRED,PHASE_1,191,YES
APP0080,RZ_RES_MED,397.2,21.0,3.21,21.2,PRIORITY,APPROVED,PHASE_1,192,YES
APP0075,RZ_RES_HIGH,206.6,6.4,3.44,26.0,PRIORITY,APPROVED,PHASE_1,193,YES
APP0073,RZ_COMM_MAIN,72.0,19.1,2.6,20.1,PRIORITY,APPROVED,PHASE_1,194,YES
APP0068,RZ_COMM_MAIN,354.3,15.3,2.38,11.4,PRIORITY,APPROVED,PHASE_1,195,YES
APP0064,RZ_RES_HIGH,65.1,8.3,2.98,21.1,PRIORITY,APPROVED,PHASE_1,196,YES
APP0050,RZ_RES_MED,136.9,21.6,1.98,24.9,PRIORITY,APPROVED,PHASE_1,197,YES
APP0049,RZ_COMM_MAIN,113.1,14.2,1.89,25.7,PRIORITY,APPROVED,PHASE_1,198,YES
APP0047,RZ_RES_MED,108.3,19.0,2.22,31.1,PRIORITY,DEFERRED,PHASE_1,199,YES
APP0044,RZ_COMM_MAIN,109.3,13.6,1.47,22.7,PRIORITY,APPROVED,PHASE_1,200,YES
APP0041,RZ_COMM_MAIN,221.4,15.0,1.37,25.8,PRIORITY,APPROVED,PHASE_1,201,YES
APP0039,RZ_RES_LOW,261.9,18.5,3.21,22.5,PRIORITY,APPROVED,PHASE_1,202,YES
APP0036,RZ_RES_HIGH,361.2,9.4,2.34,31.8,PRIORITY,DEFERRED,PHASE_1,203,YES
APP0035,RZ_COMM_MAIN,298.2,8.6,1.13,26.2,PRIORITY,APPROVED,PHASE_1,204,YES
APP0034,RZ_COMM_MAIN,202.6,9.6,3.09,15.2,PRIORITY,APPROVED,PHASE_1,205,YES
APP0033,RZ_RES_MED,76.6,16.4,1.88,18.7,PRIORITY,APPROVED,PHASE_1,206,YES
APP0025,RZ_RES_HIGH,380.6,7.0,1.7,16.1,PRIORITY,APPROVED,PHASE_1,207,YES
APP0023,RZ_RES_MED,246.5,9.1,1.47,12.5,PRIORITY,APPROVED,PHASE_1,208,YES
APP0014,RZ_RES_MED,62.8,15.3,2.52,22.8,PRIORITY,APPROVED,PHASE_1,209,YES
APP0012,RZ_RES_HIGH,70.3,6.7,2.76,13.4,PRIORITY,APPROVED,PHASE_1,210,YES
APP0010,RZ_RES_LOW,273.4,14.4,2.13,29.4,PRIORITY,DEFERRED,PHASE_1,211,YES
APP0009,RZ_RES_LOW,163.3,12.1,1.54,28.8,PRIORITY,DEFERRED,PHASE_1,212,YES
APP0008,RZ_RES_LOW,143.8,10.4,3.77,23.7,PRIORITY,DEFERRED,PHASE_1,213,YES
APP0004,RZ_COMM_MAIN,210.6,19.3,3.85,19.1,PRIORITY,DEFERRED,PHASE_1,214,YES
APP0001,RZ_COMM_MAIN,123.6,10.8,3.85,24.9,NORMAL,DEFERRED,PHASE_1,215,NO
APP0002,RZ_RES_LOW,132.1,12.0,1.87,9.1,NORMAL,APPROVED,PHASE_1,216,NO
APP0003,RZ_RES_LOW,189.7,15.3,2.57,18.6,NORMAL,APPROVED,PHASE_1,217,NO
APP0005,RZ_RES_LOW,133.0,23.1,1.06,30.4,NORMAL,DEFERRED,PHASE_1,218,NO
APP0006,RZ_RES_HIGH,303.5,13.4,2.76,28.3,NORMAL,DEFERRED,PHASE_1,219,NO
APP0007,RZ_RES_LOW,379.7,22.7,2.84,28.0,NORMAL,APPROVED,PHASE_1,220,NO
APP0011,RZ_RES_HIGH,190.4,11.0,3.98,15.4,NORMAL,DEFERRED,PHASE_1,221,NO
APP0013,RZ_RES_LOW,356.7,12.7,1.56,29.6,NORMAL,DEFERRED,PHASE_1,222,NO
APP0015,RZ_RES_LOW,326.4,13.6,3.24,26.0,NORMAL,APPROVED,PHASE_1,223,NO
APP0016,RZ_RES_HIGH,156.7,11.0,1.21,25.7,NORMAL,APPROVED,PHASE_1,224,NO
APP0017,RZ_COMM_MAIN,327.3,16.4,2.52,31.4,NORMAL,DEFERRED,PHASE_1,225,NO
APP0018,RZ_RES_MED,115.4,8.9,2.84,25.9,NORMAL,APPROVED,PHASE_1,226,NO
APP0019,RZ_RES_LOW,388.4,17.3,3.01,14.5,NORMAL,APPROVED,PHASE_1,227,NO
APP0020,RZ_RES_LOW,309.4,16.1,3.81,22.5,NORMAL,DEFERRED,PHASE_1,228,NO
APP0021,RZ_COMM_MAIN,225.9,15.1,3.49,10.1,NORMAL,APPROVED,PHASE_1,229,NO
APP0022,RZ_COMM_MAIN,103.3,9.3,1.37,27.6,NORMAL,APPROVED,PHASE_1,230,NO
APP0024,RZ_COMM_MAIN,377.4,20.3,2.79,11.8,NORMAL,APPROVED,PHASE_1,231,NO
APP0026,RZ_COMM_MAIN,387.0,12.9,3.73,28.3,NORMAL,DEFERRED,PHASE_1,232,NO
APP0027,RZ_COMM_MAIN,281.1,7.2,1.02,22.6,NORMAL,APPROVED,PHASE_1,233,NO
APP0028,RZ_COMM_MAIN,298.2,16.2,3.28,27.5,NORMAL,APPROVED,PHASE_1,234,NO
APP0029,RZ_RES_MED,147.9,17.8,3.21,9.6,NORMAL,APPROVED,PHASE_1,235,NO
APP0030,RZ_RES_LOW,106.9,9.6,2.3,10.3,NORMAL,APPROVED,PHASE_1,236,NO
APP0031,RZ_COMM_MAIN,135.0,6.9,2.67,25.1,NORMAL,APPROVED,PHASE_1,237,NO
APP0032,RZ_RES_MED,220.6,9.9,3.34,25.4,NORMAL,APPROVED,PHASE_1,238,NO
APP0037,RZ_RES_LOW,177.5,19.2,2.6,11.0,NORMAL,APPROVED,PHASE_1,239,NO
APP0038,RZ_RES_MED,214.9,10.0,3.54,27.7,NORMAL,DEFERRED,PHASE_1,240,NO
APP0040,RZ_RES_MED,377.6,23.4,1.91,10.8,NORMAL,APPROVED,PHASE_1,241,NO
APP0042,RZ_RES_MED,199.2,19.0,3.78,27.2,NORMAL,DEFERRED,PHASE_1,242,NO
APP0043,RZ_COMM_MAIN,222.1,23.1,1.57,18.3,NORMAL,APPROVED,PHASE_1,243,NO
APP0045,RZ_RES_HIGH,318.6,7.8,2.52,31.4,NORMAL,DEFERRED,PHASE_1,244,NO
APP0046,RZ_COMM_MAIN,65.0,7.2,2.56,26.5,NORMAL,APPROVED,PHASE_1,245,NO
APP0048,RZ_RES_MED,115.6,11.0,2.64,22.4,NORMAL,APPROVED,PHASE_1,246,NO
APP0051,RZ_RES_MED,153.9,12.2,2.36,29.4,NORMAL,DEFERRED,PHASE_1,247,NO
APP0052,RZ_RES_LOW,223.4,22.2,2.45,23.3,NORMAL,APPROVED,PHASE_1,248,NO
APP0053,RZ_RES_HIGH,246.2,19.7,4.0,30.1,NORMAL,DEFERRED,PHASE_1,249,NO
APP0054,RZ_RES_HIGH,94.0,16.8,3.28,14.0,NORMAL,APPROVED,PHASE_1,250,NO
APP0055,RZ_RES_HIGH,78.9,17.4,3.09,11.3,NORMAL,APPROVED,PHASE_1,251,NO
APP0056,RZ_RES_MED,250.8,23.4,3.91,22.4,NORMAL,DEFERRED,PHASE_1,252,NO
APP0057,RZ_RES_MED,341.9,23.5,3.76,29.7,NORMAL,DEFERRED,PHASE_1,253,NO
APP0058,RZ_COMM_MAIN,383.8,6.1,3.09,11.0,NORMAL,APPROVED,PHASE_1,254,NO
APP0059,RZ_RES_LOW,168.9,16.0,3.83,25.0,NORMAL,DEFERRED,PHASE_1,255,NO
APP0060,RZ_RES_MED,221.5,12.1,2.27,31.6,NORMAL,DEFERRED,PHASE_1,256,NO
APP0061,RZ_COMM_MAIN,326.5,11.5,3.22,14.3,NORMAL,APPROVED,PHASE_1,257,NO
APP0062,RZ_RES_LOW,266.9,8.2,1.44,10.3,NORMAL,APPROVED,PHASE_1,258,NO
APP0063,RZ_RES_HIGH,254.7,12.6,1.55,13.4,NORMAL,APPROVED,PHASE_1,259,NO
APP0065,RZ_RES_MED,310.6,7.7,1.2,17.3,NORMAL,APPROVED,PHASE_1,260,NO
APP0066,RZ_RES_HIGH,232.4,23.3,2.46,25.5,NORMAL,APPROVED,PHASE_1,261,NO
APP0067,RZ_RES_MED,138.0,15.4,3.59,10.4,NORMAL,DEFERRED,PHASE_1,262,NO
APP0069,RZ_RES_LOW,153.2,13.4,2.77,9.7,NORMAL,APPROVED,PHASE_1,263,NO
APP0070,RZ_RES_LOW,300.7,8.6,2.69,9.0,NORMAL,APPROVED,PHASE_1,264,NO
APP0071,RZ_RES_LOW,397.5,16.7,2.25,22.6,NORMAL,APPROVED,PHASE_1,265,NO
APP0072,RZ_COMM_MAIN,208.2,18.3,3.74,16.9,NORMAL,DEFERRED,PHASE_1,266,NO
APP0074,RZ_RES_HIGH,279.5,12.2,3.7,11.4,NORMAL,DEFERRED,PHASE_1,267,NO
APP0076,RZ_RES_HIGH,66.3,20.3,3.19,28.7,NORMAL,DEFERRED,PHASE_1,268,NO
APP0077,RZ_RES_MED,280.6,17.9,1.78,11.9,NORMAL,APPROVED,PHASE_1,269,NO
APP0078,RZ_RES_LOW,316.6,10.8,2.41,21.9,NORMAL,APPROVED,PHASE_1,270,NO
APP0079,RZ_RES_MED,114.7,12.6,2.24,30.4,NORMAL,DEFERRED,PHASE_1,271,NO
APP0081,RZ_RES_MED,250.2,18.7,3.68,27.6,NORMAL,DEFERRED,PHASE_1,272,NO
APP0082,RZ_RES_MED,111.2,17.8,1.68,14.7,NORMAL,APPROVED,PHASE_1,273,NO
APP0084,RZ_RES_LOW,391.4,7.3,1.01,22.4,NORMAL,APPROVED,PHASE_1,274,NO
APP0085,RZ_RES_HIGH,300.6,10.8,3.93,17.8,NORMAL,DEFERRED,PHASE_1,275,NO
APP0086,RZ_RES_MED,269.0,8.6,4.0,12.8,NORMAL,DEFERRED,PHASE_1,276,NO
APP0088,RZ_RES_LOW,138.5,12.4,3.22,14.6,NORMAL,APPROVED,PHASE_1,277,NO
APP0089,RZ_RES_MED,320.1,8.9,3.01,29.6,NORMAL,DEFERRED,PHASE_1,278,NO
APP0090,RZ_COMM_MAIN,107.3,21.6,3.2,12.0,NORMAL,APPROVED,PHASE_1,279,NO
APP0091,RZ_RES_LOW,352.2,20.4,2.48,12.9,NORMAL,APPROVED,PHASE_1,280,NO
APP0092,RZ_COMM_MAIN,105.3,6.0,2.9,23.7,NORMAL,APPROVED,PHASE_1,281,NO
APP0093,RZ_RES_HIGH,182.6,20.6,1.62,30.2,NORMAL,DEFERRED,PHASE_1,282,NO
APP0094,RZ_COMM_MAIN,304.4,23.1,1.99,25.5,NORMAL,APPROVED,PHASE_1,283,NO
APP0096,RZ_RES_LOW,75.0,6.3,3.53,14.9,NORMAL,DEFERRED,PHASE_1,284,NO
APP0097,RZ_RES_HIGH,233.9,6.7,3.75,10.8,NORMAL,DEFERRED,PHASE_1,285,NO
APP0098,RZ_COMM_MAIN,159.0,23.4,1.83,30.8,NORMAL,DEFERRED,PHASE_1,286,NO
APP0099,RZ_RES_HIGH,357.1,20.8,1.47,12.6,NORMAL,APPROVED,PHASE_1,287,NO
APP0100,RZ_RES_MED,100.5,23.4,3.04,19.6,NORMAL,APPROVED,PHASE_1,288,NO
APP0101,RZ_RES_LOW,289.5,9.2,2.66,31.5,NORMAL,DEFERRED,PHASE_1,289,NO
APP0102,RZ_COMM_MAIN,323.2,13.5,1.07,27.4,NORMAL,APPROVED,PHASE_1,290,NO
APP0103,RZ_RES_MED,345.3,19.4,3.46,14.8,NORMAL,APPROVED,PHASE_1,291,NO
APP0104,RZ_RES_MED,213.9,15.2,1.12,18.8,NORMAL,APPROVED,PHASE_1,292,NO
APP0105,RZ_RES_MED,295.7,9.6,1.72,16.1,NORMAL,APPROVED,PHASE_1,293,NO
APP0106,RZ_RES_LOW,395.1,12.3,3.49,16.9,NORMAL,APPROVED,PHASE_1,294,NO
APP0107,RZ_RES_HIGH,373.0,6.9,3.8,27.2,NORMAL,DEFERRED,PHASE_1,295,NO
APP0108,RZ_RES_LOW,118.0,16.5,2.24,8.9,NORMAL,APPROVED,PHASE_1,296,NO
APP0109,RZ_COMM_MAIN,396.5,21.5,2.99,30.4,NORMAL,DEFERRED,PHASE_1,297,NO
APP0110,RZ_COMM_MAIN,375.5,14.0,1.26,19.0,NORMAL,APPROVED,PHASE_1,298,NO
APP0111,RZ_RES_LOW,283.0,8.9,3.24,17.9,NORMAL,APPROVED,PHASE_1,299,NO
APP0112,RZ_RES_HIGH,135.0,9.7,3.79,20.5,NORMAL,DEFERRED,PHASE_1,300,NO
APP0113,RZ_COMM_MAIN,275.3,21.4,2.52,30.3,NORMAL,DEFERRED,PHASE_1,301,NO
APP0114,RZ_RES_MED,372.5,6.5,1.84,26.0,NORMAL,APPROVED,PHASE_1,302,NO
APP0116,RZ_RES_MED,137.7,16.8,2.34,20.4,NORMAL,APPROVED,PHASE_1,303,NO
APP0117,RZ_RES_MED,210.7,14.0,3.93,12.5,NORMAL,DEFERRED,PHASE_1,304,NO
APP0119,RZ_RES_LOW,92.8,17.5,2.4,10.3,NORMAL,APPROVED,PHASE_1,305,NO
APP0120,RZ_COMM_MAIN,96.9,23.4,1.57,16.9,NORMAL,APPROVED,PHASE_1,306,NO
APP0121,RZ_COMM_MAIN,240.8,10.8,3.17,20.1,NORMAL,APPROVED,PHASE_1,307,NO
APP0122,RZ_RES_MED,206.5,10.4,3.01,20.6,NORMAL,APPROVED,PHASE_1,308,NO
APP0123,RZ_RES_HIGH,392.8,15.9,2.32,9.5,NORMAL,APPROVED,PHASE_1,309,NO
APP0125,RZ_COMM_MAIN,88.5,22.5,1.96,21.2,NORMAL,APPROVED,PHASE_1,310,NO
APP0126,RZ_RES_LOW,374.2,14.6,2.15,19.6,NORMAL,APPROVED,PHASE_1,311,NO
APP0127,RZ_RES_MED,268.0,23.1,2.36,30.5,NORMAL,DEFERRED,PHASE_1,312,NO
APP0128,RZ_RES_HIGH,247.8,19.3,2.6,8.4,NORMAL,APPROVED,PHASE_1,313,NO
APP0129,RZ_RES_HIGH,368.4,15.5,3.6,18.8,NORMAL,DEFERRED,PHASE_1,314,NO
APP0130,RZ_RES_LOW,311.5,8.9,3.66,22.3,NORMAL,DEFERRED,PHASE_1,315,NO
APP0131,RZ_RES_HIGH,256.0,18.5,1.15,27.5,NORMAL,APPROVED,PHASE_1,316,NO
APP0132,RZ_RES_LOW,341.6,11.2,3.44,23.3,NORMAL,APPROVED,PHASE_1,317,NO
APP0133,RZ_RES_HIGH,122.6,10.3,1.96,18.1,NORMAL,APPROVED,PHASE_1,318,NO
APP0134,RZ_RES_HIGH,320.8,14.5,3.8,28.3,NORMAL,DEFERRED,PHASE_1,319,NO
APP0135,RZ_COMM_MAIN,355.8,23.2,3.93,16.9,NORMAL,DEFERRED,PHASE_1,320,NO
APP0136,RZ_RES_LOW,359.0,8.3,2.67,24.1,NORMAL,APPROVED,PHASE_1,321,NO
APP0137,RZ_COMM_MAIN,97.1,23.3,1.23,15.3,NORMAL,APPROVED,PHASE_1,322,NO
APP0138,RZ_COMM_MAIN,358.8,19.0,2.53,27.7,NORMAL,APPROVED,PHASE_1,323,NO
APP0139,RZ_RES_LOW,258.1,20.4,4.0,29.4,NORMAL,DEFERRED,PHASE_1,324,NO
APP0140,RZ_COMM_MAIN,175.4,17.2,2.07,17.2,NORMAL,APPROVED,PHASE_1,325,NO
APP0141,RZ_RES_LOW,227.1,9.3,1.93,25.6,NORMAL,APPROVED,PHASE_1,326,NO
APP0142,RZ_RES_HIGH,233.5,13.2,3.48,8.5,NORMAL,APPROVED,PHASE_1,327,NO
APP0143,RZ_RES_LOW,126.1,11.4,3.22,18.7,NORMAL,APPROVED,PHASE_1,328,NO
APP0145,RZ_RES_LOW,185.9,11.1,3.16,15.9,NORMAL,APPROVED,PHASE_1,329,NO
APP0146,RZ_COMM_MAIN,336.3,8.9,3.15,28.5,NORMAL,DEFERRED,PHASE_1,330,NO
APP0147,RZ_RES_LOW,320.6,7.0,2.31,31.8,NORMAL,DEFERRED,PHASE_1,331,NO
APP0148,RZ_RES_MED,200.2,21.9,2.21,22.6,NORMAL,APPROVED,PHASE_1,332,NO
APP0149,RZ_RES_HIGH,147.2,12.9,3.52,21.5,NORMAL,DEFERRED,PHASE_1,333,NO
APP0150,RZ_RES_HIGH,163.7,11.9,3.01,31.8,NORMAL,DEFERRED,PHASE_1,334,NO
APP0151,RZ_RES_HIGH,332.0,22.7,1.35,18.9,NORMAL,APPROVED,PHASE_1,335,NO
APP0152,RZ_RES_HIGH,335.6,9.5,3.53,23.8,NORMAL,DEFERRED,PHASE_1,336,NO
APP0153,RZ_RES_MED,266.3,7.2,3.82,18.4,NORMAL,DEFERRED,PHASE_1,337,NO
APP0156,RZ_RES_MED,364.1,8.0,3.17,31.6,NORMAL,DEFERRED,PHASE_1,338,NO
APP0157,RZ_COMM_MAIN,320.9,19.0,1.22,15.7,NORMAL,APPROVED,PHASE_1,339,NO
APP0158,RZ_RES_LOW,147.4,11.7,1.89,22.2,NORMAL,APPROVED,PHASE_1,340,NO
APP0159,RZ_COMM_MAIN,225.5,17.6,2.54,11.9,NORMAL,APPROVED,PHASE_1,341,NO
APP0160,RZ_COMM_MAIN,182.6,6.9,3.62,19.4,NORMAL,DEFERRED,PHASE_1,342,NO
APP0161,RZ_RES_LOW,381.8,12.5,1.74,10.4,NORMAL,APPROVED,PHASE_1,343,NO
APP0162,RZ_COMM_MAIN,367.2,9.2,1.42,26.7,NORMAL,APPROVED,PHASE_1,344,NO
APP0164,RZ_RES_LOW,151.7,22.8,2.74,11.6,NORMAL,APPROVED,PHASE_1,345,NO
APP0165,RZ_RES_MED,212.7,17.2,3.44,14.8,NORMAL,APPROVED,PHASE_1,346,NO
APP0167,RZ_RES_MED,95.4,15.5,1.53,28.2,NORMAL,DEFERRED,PHASE_1,347,NO
APP0168,RZ_RES_MED,262.4,9.9,1.17,25.6,NORMAL,APPROVED,PHASE_1,348,NO
APP0169,RZ_RES_HIGH,357.8,7.3,3.04,17.9,NORMAL,APPROVED,PHASE_1,349,NO
APP0170,RZ_RES_LOW,359.8,23.6,3.24,11.7,NORMAL,APPROVED,PHASE_1,350,NO
APP0171,RZ_RES_MED,368.6,17.0,2.89,22.2,NORMAL,APPROVED,PHASE_1,351,NO
APP0173,RZ_RES_LOW,208.1,6.0,1.49,28.0,NORMAL,APPROVED,PHASE_1,352,NO
APP0174,RZ_RES_HIGH,179.1,10.8,1.44,16.9,NORMAL,APPROVED,PHASE_1,353,NO
APP0175,RZ_RES_LOW,206.4,15.8,1.26,22.9,NORMAL,APPROVED,PHASE_1,354,NO
APP0176,RZ_RES_MED,96.0,11.4,1.2,16.2,NORMAL,APPROVED,PHASE_1,355,NO
APP0177,RZ_COMM_MAIN,267.3,13.4,2.37,28.8,NORMAL,DEFERRED,PHASE_1,356,NO
APP0178,RZ_RES_LOW,192.3,23.2,1.39,15.1,NORMAL,APPROVED,PHASE_1,357,NO
APP0179,RZ_RES_MED,103.1,8.4,2.68,21.2,NORMAL,APPROVED,PHASE_1,358,NO
APP0180,RZ_RES_LOW,353.9,20.1,1.23,31.5,NORMAL,DEFERRED,PHASE_1,359,NO
APP0181,RZ_RES_HIGH,274.4,22.2,3.68,18.0,NORMAL,DEFERRED,PHASE_1,360,NO
APP0183,RZ_RES_MED,288.0,7.6,3.13,11.8,NORMAL,APPROVED,PHASE_1,361,NO
APP0185,RZ_RES_HIGH,381.2,6.0,2.28,31.1,NORMAL,DEFERRED,PHASE_1,362,NO
APP0186,RZ_RES_MED,86.5,6.9,3.75,11.4,NORMAL,DEFERRED,PHASE_1,363,NO
APP0187,RZ_RES_HIGH,361.5,15.8,2.45,11.9,NORMAL,APPROVED,PHASE_1,364,NO
APP0188,RZ_RES_MED,209.5,14.6,1.5,16.4,NORMAL,APPROVED,PHASE_1,365,NO
APP0189,RZ_RES_MED,347.5,23.0,3.36,10.7,NORMAL,APPROVED,PHASE_1,366,NO
APP0190,RZ_RES_LOW,389.4,23.0,1.16,9.1,NORMAL,APPROVED,PHASE_1,367,NO
APP0191,RZ_COMM_MAIN,359.7,17.7,3.0,24.6,NORMAL,APPROVED,PHASE_1,368,NO
APP0192,RZ_RES_HIGH,212.8,15.6,2.03,31.5,NORMAL,DEFERRED,PHASE_1,369,NO
APP0193,RZ_RES_HIGH,74.1,15.9,2.74,31.6,NORMAL,DEFERRED,PHASE_1,370,NO
APP0196,RZ_RES_MED,232.0,12.2,2.69,27.7,NORMAL,APPROVED,PHASE_1,371,NO
APP0198,RZ_RES_LOW,66.4,14.6,1.84,31.9,NORMAL,DEFERRED,PHASE_1,372,NO
APP0199,RZ_RES_LOW,390.4,9.6,1.36,16.4,NORMAL,APPROVED,PHASE_1,373,NO
APP0200,RZ_COMM_MAIN,250.6,8.9,1.55,12.8,NORMAL,APPROVED,PHASE_1,374,NO
APP0201,RZ_RES_HIGH,239.3,17.9,3.07,10.5,NORMAL,APPROVED,PHASE_1,375,NO
APP0202,RZ_RES_LOW,285.1,17.5,2.46,27.9,NORMAL,APPROVED,PHASE_1,376,NO
APP0203,RZ_COMM_MAIN,119.4,19.9,1.56,8.5,NORMAL,APPROVED,PHASE_1,377,NO
APP0204,RZ_RES_MED,88.8,16.6,1.48,11.0,NORMAL,APPROVED,PHASE_1,378,NO
APP0205,RZ_RES_HIGH,195.0,18.6,1.69,23.1,NORMAL,APPROVED,PHASE_1,379,NO
APP0208,RZ_RES_MED,97.0,21.9,3.26,19.4,NORMAL,APPROVED,PHASE_1,380,NO
APP0209,RZ_RES_LOW,364.8,12.3,3.5,19.6,NORMAL,APPROVED,PHASE_1,381,NO
APP0210,RZ_RES_HIGH,93.7,19.0,1.21,17.9,NORMAL,APPROVED,PHASE_1,382,NO
APP0211,RZ_RES_MED,389.6,22.2,3.22,20.4,NORMAL,APPROVED,PHASE_1,383,NO
APP0212,RZ_RES_LOW,171.6,16.2,1.3,13.8,NORMAL,APPROVED,PHASE_1,384,NO
APP0213,RZ_RES_MED,159.0,20.4,1.05,11.9,NORMAL,APPROVED,PHASE_1,385,NO
APP0215,RZ_COMM_MAIN,273.2,20.5,3.36,10.6,NORMAL,APPROVED,PHASE_1,386,NO
APP0216,RZ_RES_LOW,131.6,24.0,2.76,19.2,NORMAL,APPROVED,PHASE_1,387,NO
APP0217,RZ_RES_MED,254.3,23.4,2.71,28.4,NORMAL,DEFERRED,PHASE_1,388,NO
APP0218,RZ_RES_MED,355.8,16.0,2.63,26.9,NORMAL,APPROVED,PHASE_1,389,NO
APP0219,RZ_RES_LOW,235.0,23.8,3.38,20.8,NORMAL,APPROVED,PHASE_1,390,NO
APP0222,RZ_RES_MED,315.6,17.3,2.25,15.9,NORMAL,APPROVED,PHASE_1,391,NO
APP0226,RZ_COMM_MAIN,154.8,12.9,1.31,19.1,NORMAL,APPROVED,PHASE_1,392,NO
APP0227,RZ_RES_LOW,247.1,8.2,3.27,23.7,NORMAL,APPROVED,PHASE_1,393,NO
APP0229,RZ_RES_HIGH,354.9,21.4,3.51,27.9,NORMAL,DEFERRED,PHASE_1,394,NO
APP0230,RZ_COMM_MAIN,386.8,16.8,2.1,17.1,NORMAL,APPROVED,PHASE_1,395,NO
APP0231,RZ_RES_MED,250.0,15.9,3.59,31.3,NORMAL,DEFERRED,PHASE_1,396,NO
APP0232,RZ_RES_HIGH,289.8,13.5,2.79,26.6,NORMAL,APPROVED,PHASE_1,397,NO
APP0233,RZ_COMM_MAIN,132.0,14.9,2.51,29.6,NORMAL,DEFERRED,PHASE_1,398,NO
APP0235,RZ_RES_LOW,134.3,18.4,1.03,10.8,NORMAL,APPROVED,PHASE_1,399,NO
APP0236,RZ_RES_LOW,379.2,16.0,2.15,26.7,NORMAL,APPROVED,PHASE_1,400,NO
APP0237,RZ_COMM_MAIN,152.9,12.3,3.76,11.1,NORMAL,DEFERRED,PHASE_1,401,NO
APP0238,RZ_RES_MED,120.0,12.0,1.44,9.9,NORMAL,APPROVED,PHASE_1,402,NO
APP0239,RZ_RES_LOW,88.2,9.8,2.57,31.6,NORMAL,DEFERRED,PHASE_1,403,NO
APP0241,RZ_RES_MED,208.6,7.3,2.32,10.6,NORMAL,APPROVED,PHASE_1,404,NO
APP0243,RZ_RES_LOW,281.1,23.8,3.83,25.8,NORMAL,DEFERRED,PHASE_1,405,NO
APP0246,RZ_COMM_MAIN,248.1,11.8,3.96,14.9,NORMAL,DEFERRED,PHASE_1,406,NO
APP0247,RZ_RES_LOW,125.7,9.6,3.84,18.1,NORMAL,DEFERRED,PHASE_1,407,NO
APP0248,RZ_RES_LOW,258.0,20.5,1.51,22.7,NORMAL,APPROVED,PHASE_1,408,NO
APP0249,RZ_RES_HIGH,62.4,13.3,1.21,18.7,NORMAL,APPROVED,PHASE_1,409,NO
APP0250,RZ_RES_MED,320.4,16.6,3.63,15.3,NORMAL,DEFERRED,PHASE_1,410,NO
APP0251,RZ_RES_LOW,276.6,17.0,3.15,26.4,NORMAL,APPROVED,PHASE_1,411,NO
APP0254,RZ_RES_MED,174.3,21.4,1.2,31.6,NORMAL,DEFERRED,PHASE_1,412,NO
APP0256,RZ_RES_LOW,104.2,22.4,3.14,8.6,NORMAL,APPROVED,PHASE_1,413,NO
APP0257,RZ_RES_MED,78.4,8.4,2.81,27.8,NORMAL,APPROVED,PHASE_1,414,NO
APP0258,RZ_RES_HIGH,148.5,22.4,1.08,24.0,NORMAL,APPROVED,PHASE_1,415,NO
APP0260,RZ_RES_LOW,227.7,20.3,1.67,28.8,NORMAL,DEFERRED,PHASE_1,416,NO
APP0261,RZ_RES_MED,218.9,17.2,1.86,24.8,NORMAL,APPROVED,PHASE_1,417,NO
APP0262,RZ_RES_HIGH,185.7,21.2,2.1,23.7,NORMAL,APPROVED,PHASE_1,418,NO
APP0263,RZ_COMM_MAIN,167.1,10.9,2.17,25.2,NORMAL,APPROVED,PHASE_1,419,NO
APP0264,RZ_RES_LOW,89.9,12.5,3.22,17.0,NORMAL,APPROVED,PHASE_1,420,NO
APP0265,RZ_RES_HIGH,147.6,20.0,2.47,10.8,NORMAL,APPROVED,PHASE_1,421,NO
APP0266,RZ_RES_LOW,285.6,18.2,1.64,23.7,NORMAL,APPROVED,PHASE_1,422,NO
APP0268,RZ_RES_HIGH,191.9,13.7,1.46,20.2,NORMAL,APPROVED,PHASE_1,423,NO
APP0270,RZ_RES_MED,333.7,11.9,2.25,31.1,NORMAL,DEFERRED,PHASE_1,424,NO
APP0271,RZ_RES_LOW,211.7,6.9,3.82,9.2,NORMAL,DEFERRED,PHASE_1,425,NO
APP0272,RZ_RES_LOW,289.1,23.6,1.66,9.8,NORMAL,APPROVED,PHASE_1,426,NO
APP0273,RZ_RES_MED,169.8,17.5,3.2,29.1,NORMAL,DEFERRED,PHASE_1,427,NO
APP0274,RZ_RES_MED,176.9,21.5,2.34,12.7,NORMAL,APPROVED,PHASE_1,428,NO
APP0276,RZ_RES_MED,244.4,19.6,1.88,30.0,NORMAL,DEFERRED,PHASE_1,429,NO
APP0277,RZ_RES_LOW,222.4,11.9,1.87,29.9,NORMAL,DEFERRED,PHASE_1,430,NO
APP0279,RZ_COMM_MAIN,220.2,7.6,1.44,29.8,NORMAL,DEFERRED,PHASE_1,431,NO
APP0280,RZ_RES_MED,341.3,21.3,3.29,14.3,NORMAL,APPROVED,PHASE_1,432,NO
APP0281,RZ_RES_MED,217.7,11.2,1.48,10.6,NORMAL,APPROVED,PHASE_1,433,NO
APP0283,RZ_RES_MED,192.4,15.7,1.68,12.0,NORMAL,APPROVED,PHASE_1,434,NO
APP0284,RZ_RES_MED,131.0,20.4,2.94,26.4,NORMAL,APPROVED,PHASE_1,435,NO
APP0288,RZ_RES_HIGH,68.9,9.1,1.17,28.2,NORMAL,DEFERRED,PHASE_1,436,NO
APP0289,RZ_RES_LOW,396.1,19.5,3.75,26.1,NORMAL,DEFERRED,PHASE_1,437,NO
APP0290,RZ_COMM_MAIN,116.1,12.5,2.84,12.0,NORMAL,APPROVED,PHASE_1,438,NO
APP0291,RZ_RES_HIGH,60.6,16.6,3.92,23.0,NORMAL,DEFERRED,PHASE_1,439,NO
APP0292,RZ_RES_LOW,290.2,15.2,2.03,30.8,NORMAL,DEFERRED,PHASE_1,440,NO
APP0294,RZ_RES_HIGH,79.3,20.6,1.93,17.7,NORMAL,APPROVED,PHASE_1,441,NO
APP0296,RZ_COMM_MAIN,204.7,13.0,3.42,19.2,NORMAL,APPROVED,PHASE_1,442,NO
APP0298,RZ_COMM_MAIN,217.6,17.5,3.88,9.8,NORMAL,DEFERRED,PHASE_1,443,NO
APP0299,RZ_RES_MED,111.2,13.6,2.63,24.1,NORMAL,APPROVED,PHASE_1,444,NO
APP0300,RZ_RES_MED,130.1,6.6,1.05,30.0,NORMAL,DEFERRED,PHASE_1,445,NO
APP0301,RZ_COMM_MAIN,392.9,7.8,2.94,24.8,NORMAL,APPROVED,PHASE_1,446,NO
APP0305,RZ_RES_HIGH,129.0,18.9,1.97,20.5,NORMAL,APPROVED,PHASE_1,447,NO
APP0306,RZ_RES_HIGH,352.0,23.4,3.52,26.8,NORMAL,DEFERRED,PHASE_1,448,NO
APP0308,RZ_RES_MED,295.9,22.0,3.74,28.1,NORMAL,DEFERRED,PHASE_1,449,NO
APP0309,RZ_RES_HIGH,207.7,10.7,2.43,29.2,NORMAL,DEFERRED,PHASE_1,450,NO
APP0310,RZ_RES_HIGH,96.5,12.6,1.67,9.2,NORMAL,APPROVED,PHASE_1,451,NO
APP0311,RZ_COMM_MAIN,259.8,18.4,1.03,11.7,NORMAL,APPROVED,PHASE_1,452,NO
APP0312,RZ_RES_HIGH,204.8,8.7,3.03,21.5,NORMAL,APPROVED,PHASE_1,453,NO
APP0314,RZ_COMM_MAIN,170.6,7.6,2.22,8.1,NORMAL,APPROVED,PHASE_1,454,NO
APP0315,RZ_RES_HIGH,150.4,13.9,3.07,24.9,NORMAL,APPROVED,PHASE_1,455,NO
APP0316,RZ_RES_HIGH,230.7,15.6,1.09,16.3,NORMAL,APPROVED,PHASE_1,456,NO
APP0317,RZ_COMM_MAIN,191.6,10.6,1.3,22.7,NORMAL,APPROVED,PHASE_1,457,NO
APP0318,RZ_RES_LOW,255.6,9.6,1.91,22.2,NORMAL,APPROVED,PHASE_1,458,NO
APP0319,RZ_COMM_MAIN,166.7,17.2,3.18,13.5,NORMAL,APPROVED,PHASE_1,459,NO
APP0320,RZ_RES_HIGH,250.8,7.2,2.71,16.8,NORMAL,APPROVED,PHASE_1,460,NO
APP0321,RZ_RES_LOW,369.4,14.8,3.36,30.6,NORMAL,DEFERRED,PHASE_1,461,NO
APP0323,RZ_RES_LOW,255.6,14.9,1.68,18.5,NORMAL,APPROVED,PHASE_1,462,NO
APP0324,RZ_RES_HIGH,190.1,13.6,1.76,30.6,NORMAL,DEFERRED,PHASE_1,463,NO
APP0325,RZ_RES_LOW,302.5,23.8,3.99,15.8,NORMAL,DEFERRED,PHASE_1,464,NO
APP0327,RZ_COMM_MAIN,372.5,15.8,2.56,23.4,NORMAL,APPROVED,PHASE_1,465,NO
APP0328,RZ_RES_MED,254.8,10.1,1.24,13.3,NORMAL,APPROVED,PHASE_1,466,NO
APP0329,RZ_COMM_MAIN,107.3,11.0,2.09,26.8,NORMAL,APPROVED,PHASE_1,467,NO
APP0330,RZ_RES_HIGH,261.8,15.8,3.51,11.1,NORMAL,DEFERRED,PHASE_1,468,NO
APP0331,RZ_RES_HIGH,137.0,22.6,1.96,10.5,NORMAL,APPROVED,PHASE_1,469,NO
APP0332,RZ_RES_LOW,247.1,15.6,2.06,28.6,NORMAL,DEFERRED,PHASE_1,470,NO
APP0334,RZ_RES_LOW,213.7,9.0,2.38,13.8,NORMAL,APPROVED,PHASE_1,471,NO
APP0335,RZ_RES_LOW,268.1,18.0,2.92,11.5,NORMAL,APPROVED,PHASE_1,472,NO
APP0336,RZ_RES_HIGH,233.0,24.0,1.75,30.5,NORMAL,DEFERRED,PHASE_1,473,NO
APP0337,RZ_COMM_MAIN,184.0,11.5,3.28,28.2,NORMAL,DEFERRED,PHASE_1,474,NO
APP0338,RZ_RES_MED,214.4,23.5,1.7,10.5,NORMAL,APPROVED,PHASE_1,475,NO
APP0339,RZ_COMM_MAIN,337.3,7.2,2.62,14.8,NORMAL,APPROVED,PHASE_1,476,NO
APP0340,RZ_RES_MED,101.5,23.3,1.91,20.4,NORMAL,APPROVED,PHASE_1,477,NO
APP0342,RZ_RES_HIGH,287.5,10.1,1.03,13.6,NORMAL,APPROVED,PHASE_1,478,NO
APP0343,RZ_RES_MED,88.5,20.0,3.29,23.8,NORMAL,APPROVED,PHASE_1,479,NO
APP0344,RZ_RES_HIGH,69.6,16.1,1.69,8.1,NORMAL,APPROVED,PHASE_1,480,NO
APP0345,RZ_RES_HIGH,207.5,13.3,1.3,19.9,NORMAL,APPROVED,PHASE_1,481,NO
APP0346,RZ_COMM_MAIN,284.1,19.1,2.33,15.9,NORMAL,APPROVED,PHASE_1,482,NO
APP0347,RZ_RES_HIGH,185.1,9.0,1.51,22.2,NORMAL,APPROVED,PHASE_1,483,NO
APP0348,RZ_RES_LOW,180.5,16.6,1.4,11.7,NORMAL,APPROVED,PHASE_1,484,NO
APP0349,RZ_RES_LOW,365.4,12.4,2.45,13.2,NORMAL,APPROVED,PHASE_1,485,NO
APP0350,RZ_COMM_MAIN,259.2,18.1,1.81,27.8,NORMAL,APPROVED,PHASE_1,486,NO
APP0351,RZ_RES_MED,295.5,12.5,1.69,8.4,NORMAL,APPROVED,PHASE_1,487,NO
APP0352,RZ_COMM_MAIN,321.8,13.5,1.02,11.4,NORMAL,APPROVED,PHASE_1,488,NO
APP0353,RZ_RES_LOW,267.2,8.1,1.42,10.7,NORMAL,APPROVED,PHASE_1,489,NO
APP0354,RZ_RES_MED,84.6,14.9,3.41,18.8,NORMAL,APPROVED,PHASE_1,490,NO
APP0355,RZ_RES_MED,269.2,18.0,1.24,17.6,NORMAL,APPROVED,PHASE_1,491,NO
APP0356,RZ_COMM_MAIN,101.2,23.6,1.58,26.7,NORMAL,APPROVED,PHASE_1,492,NO
APP0357,RZ_COMM_MAIN,112.1,17.5,2.53,16.4,NORMAL,APPROVED,PHASE_1,493,NO
APP0360,RZ_RES_LOW,278.6,12.8,1.84,15.3,NORMAL,APPROVED,PHASE_1,494,NO
APP0361,RZ_COMM_MAIN,360.9,13.3,3.86,23.2,NORMAL,DEFERRED,PHASE_1,495,NO
APP0362,RZ_RES_MED,317.0,15.9,2.71,29.9,NORMAL,DEFERRED,PHASE_1,496,NO
APP0363,RZ_RES_HIGH,297.1,15.4,2.93,14.7,NORMAL,APPROVED,PHASE_1,497,NO
APP0364,RZ_COMM_MAIN,380.8,14.3,1.69,18.8,NORMAL,APPROVED,PHASE_1,498,NO
APP0365,RZ_COMM_MAIN,228.9,12.7,2.01,16.5,NORMAL,APPROVED,PHASE_1,499,NO
APP0366,RZ_COMM_MAIN,213.3,16.1,1.6,19.8,NORMAL,APPROVED,PHASE_1,500,NO
APP0367,RZ_RES_MED,86.8,19.9,3.22,24.0,NORMAL,APPROVED,PHASE_1,501,NO
APP0368,RZ_RES_LOW,102.1,6.1,2.68,14.3,NORMAL,APPROVED,PHASE_1,502,NO
APP0369,RZ_RES_MED,341.1,11.1,1.02,30.1,NORMAL,DEFERRED,PHASE_1,503,NO
APP0370,RZ_COMM_MAIN,291.4,23.4,1.75,19.4,NORMAL,APPROVED,PHASE_1,504,NO
APP0371,RZ_RES_LOW,215.7,13.7,2.05,25.5,NORMAL,APPROVED,PHASE_1,505,NO
APP0372,RZ_RES_LOW,154.1,6.5,1.87,11.9,NORMAL,APPROVED,PHASE_1,506,NO
APP0373,RZ_RES_HIGH,253.5,14.3,1.92,22.3,NORMAL,APPROVED,PHASE_1,507,NO
APP0374,RZ_COMM_MAIN,277.6,7.8,2.82,25.3,NORMAL,APPROVED,PHASE_1,508,NO
APP0375,RZ_RES_HIGH,391.1,12.0,1.63,10.0,NORMAL,APPROVED,PHASE_1,509,NO
APP0376,RZ_RES_MED,261.6,18.7,3.86,11.2,NORMAL,DEFERRED,PHASE_1,510,NO
APP0377,RZ_RES_LOW,190.1,13.4,1.6,27.4,NORMAL,APPROVED,PHASE_1,511,NO
APP0378,RZ_RES_LOW,215.5,10.9,3.45,14.6,NORMAL,APPROVED,PHASE_1,512,NO
APP0379,RZ_RES_MED,342.1,14.3,2.57,27.6,NORMAL,APPROVED,PHASE_1,513,NO
APP0380,RZ_RES_LOW,353.9,10.9,2.02,17.3,NORMAL,APPROVED,PHASE_1,514,NO
APP0381,RZ_RES_LOW,164.2,14.5,1.3,19.5,NORMAL,APPROVED,PHASE_1,515,NO
APP0384,RZ_RES_LOW,347.4,20.4,2.24,13.5,NORMAL,APPROVED,PHASE_1,516,NO
APP0385,RZ_RES_HIGH,227.4,9.5,2.85,28.0,NORMAL,APPROVED,PHASE_1,517,NO
APP0386,RZ_RES_HIGH,370.9,19.7,3.18,25.8,NORMAL,APPROVED,PHASE_1,518,NO
APP0387,RZ_RES_HIGH,339.7,21.8,3.4,27.7,NORMAL,APPROVED,PHASE_1,519,NO
APP0388,RZ_RES_MED,64.6,20.5,2.59,18.4,NORMAL,APPROVED,PHASE_1,520,NO
APP0389,RZ_RES_HIGH,270.4,13.2,1.09,26.9,NORMAL,APPROVED,PHASE_1,521,NO
APP0392,RZ_RES_MED,131.4,16.6,1.54,27.8,NORMAL,APPROVED,PHASE_1,522,NO
APP0394,RZ_RES_MED,311.7,14.7,3.11,12.3,NORMAL,APPROVED,PHASE_1,523,NO
APP0395,RZ_RES_HIGH,317.4,16.6,2.93,13.2,NORMAL,APPROVED,PHASE_1,524,NO
APP0396,RZ_RES_HIGH,307.2,22.4,3.68,21.5,NORMAL,DEFERRED,PHASE_1,525,NO
APP0397,RZ_RES_HIGH,145.1,12.2,1.6,28.1,NORMAL,DEFERRED,PHASE_1,526,NO
APP0400,RZ_RES_LOW,116.5,21.6,2.79,16.9,NORMAL,APPROVED,PHASE_1,527,NO
APP0401,RZ_RES_LOW,380.3,13.0,1.36,23.1,NORMAL,APPROVED,PHASE_1,528,NO
APP0402,RZ_RES_HIGH,65.6,13.5,2.32,24.9,NORMAL,APPROVED,PHASE_1,529,NO
APP0403,RZ_COMM_MAIN,337.6,19.0,3.29,21.5,NORMAL,APPROVED,PHASE_1,530,NO
APP0404,RZ_RES_MED,309.0,18.3,3.8,14.0,NORMAL,DEFERRED,PHASE_1,531,NO
APP0405,RZ_COMM_MAIN,152.9,16.2,2.11,23.9,NORMAL,APPROVED,PHASE_1,532,NO
APP0406,RZ_RES_HIGH,156.2,18.5,2.16,12.0,NORMAL,APPROVED,PHASE_1,533,NO
APP0407,RZ_COMM_MAIN,272.3,17.1,3.38,18.1,NORMAL,APPROVED,PHASE_1,534,NO
APP0408,RZ_RES_LOW,257.1,22.6,1.96,12.5,NORMAL,APPROVED,PHASE_1,535,NO
APP0409,RZ_RES_MED,152.4,12.9,2.48,28.0,NORMAL,APPROVED,PHASE_1,536,NO
APP0410,RZ_RES_LOW,306.8,12.2,3.64,30.3,NORMAL,DEFERRED,PHASE_1,537,NO
APP0412,RZ_RES_HIGH,260.6,23.5,1.11,28.7,NORMAL,DEFERRED,PHASE_1,538,NO
APP0413,RZ_RES_MED,247.5,17.4,1.72,28.6,NORMAL,DEFERRED,PHASE_1,539,NO
APP0414,RZ_COMM_MAIN,287.6,15.0,3.4,13.2,NORMAL,APPROVED,PHASE_1,540,NO
APP0415,RZ_RES_MED,255.2,17.6,2.17,25.4,NORMAL,APPROVED,PHASE_1,541,NO
APP0416,RZ_RES_LOW,316.1,16.9,2.79,11.5,NORMAL,APPROVED,PHASE_1,542,NO
APP0417,RZ_RES_HIGH,160.5,9.0,2.86,27.2,NORMAL,APPROVED,PHASE_1,543,NO
APP0418,RZ_RES_MED,231.5,17.5,3.25,13.6,NORMAL,APPROVED,PHASE_1,544,NO
APP0420,RZ_RES_MED,210.0,18.9,1.06,15.3,NORMAL,APPROVED,PHASE_1,545,NO
APP0421,RZ_RES_HIGH,213.1,18.5,2.18,25.3,NORMAL,APPROVED,PHASE_1,546,NO
APP0422,RZ_RES_MED,138.7,7.7,1.23,11.4,NORMAL,APPROVED,PHASE_1,547,NO
APP0423,RZ_RES_MED,198.5,9.5,1.62,17.3,NORMAL,APPROVED,PHASE_1,548,NO
APP0424,RZ_RES_LOW,398.5,15.4,2.1,29.3,NORMAL,DEFERRED,PHASE_1,549,NO
APP0425,RZ_RES_MED,395.5,9.2,3.62,8.3,NORMAL,DEFERRED,PHASE_1,550,NO
APP0426,RZ_COMM_MAIN,213.5,8.9,1.56,20.1,NORMAL,APPROVED,PHASE_1,551,NO
APP0427,RZ_COMM_MAIN,187.0,13.5,2.64,23.5,NORMAL,APPROVED,PHASE_1,552,NO
APP0428,RZ_RES_HIGH,240.4,10.0,1.7,23.7,NORMAL,APPROVED,PHASE_1,553,NO
APP0429,RZ_RES_MED,135.4,18.2,3.6,18.3,NORMAL,DEFERRED,PHASE_1,554,NO
APP0430,RZ_RES_HIGH,347.3,19.3,2.09,16.8,NORMAL,APPROVED,PHASE_1,555,NO
APP0433,RZ_COMM_MAIN,122.5,16.3,2.94,11.8,NORMAL,APPROVED,PHASE_1,556,NO
APP0434,RZ_RES_HIGH,363.9,23.6,1.42,10.4,NORMAL,APPROVED,PHASE_1,557,NO
APP0435,RZ_RES_HIGH,261.8,13.0,2.78,27.6,NORMAL,APPROVED,PHASE_1,558,NO
APP0436,RZ_RES_LOW,186.3,20.8,2.65,25.8,NORMAL,APPROVED,PHASE_1,559,NO
APP0437,RZ_RES_HIGH,375.4,14.5,3.95,10.3,NORMAL,DEFERRED,PHASE_1,560,NO
APP0439,RZ_COMM_MAIN,127.0,15.8,3.71,27.3,NORMAL,DEFERRED,PHASE_1,561,NO
APP0440,RZ_RES_LOW,257.3,14.2,3.77,8.0,NORMAL,DEFERRED,PHASE_1,562,NO
APP0443,RZ_RES_MED,148.5,16.0,3.91,24.2,NORMAL,DEFERRED,PHASE_1,563,NO
APP0444,RZ_RES_MED,104.0,11.9,3.11,24.7,NORMAL,APPROVED,PHASE_1,564,NO
APP0445,RZ_RES_LOW,118.0,11.4,2.66,24.2,NORMAL,APPROVED,PHASE_1,565,NO
APP0446,RZ_RES_LOW,382.5,9.9,2.52,24.0,NORMAL,APPROVED,PHASE_1,566,NO
APP0447,RZ_COMM_MAIN,254.6,13.5,3.07,31.9,NORMAL,DEFERRED,PHASE_1,567,NO
APP0448,RZ_RES_MED,182.1,11.3,3.03,26.7,NORMAL,APPROVED,PHASE_1,568,NO
APP0449,RZ_RES_LOW,280.7,10.7,1.12,19.6,NORMAL,APPROVED,PHASE_1,569,NO
APP0450,RZ_RES_MED,167.0,7.3,1.79,8.2,NORMAL,APPROVED,PHASE_1,570,NO
APP0451,RZ_RES_LOW,235.0,11.9,1.84,22.4,NORMAL,APPROVED,PHASE_1,571,NO
APP0452,RZ_RES_MED,302.7,10.3,3.27,19.6,NORMAL,APPROVED,PHASE_1,572,NO
APP0453,RZ_COMM_MAIN,311.9,10.3,2.11,22.9,NORMAL,APPROVED,PHASE_1,573,NO
APP0454,RZ_RES_LOW,241.6,8.1,3.13,10.8,NORMAL,APPROVED,PHASE_1,574,NO
APP0455,RZ_RES_MED,362.9,13.8,3.54,26.1,NORMAL,DEFERRED,PHASE_1,575,NO
APP0456,RZ_RES_HIGH,226.5,22.5,1.36,30.5,NORMAL,DEFERRED,PHASE_1,576,NO
APP0458,RZ_RES_HIGH,75.9,7.3,1.46,25.4,NORMAL,APPROVED,PHASE_1,577,NO
APP0459,RZ_COMM_MAIN,245.3,19.2,3.62,23.6,NORMAL,DEFERRED,PHASE_1,578,NO
APP0462,RZ_COMM_MAIN,167.6,11.8,3.27,14.6,NORMAL,APPROVED,PHASE_1,579,NO
APP0463,RZ_RES_MED,278.7,11.0,1.91,25.5,NORMAL,APPROVED,PHASE_1,580,NO
APP0464,RZ_RES_MED,171.9,10.6,1.49,15.7,NORMAL,APPROVED,PHASE_1,581,NO
APP0465,RZ_RES_MED,70.5,19.9,2.38,11.8,NORMAL,APPROVED,PHASE_1,582,NO
APP0466,RZ_RES_LOW,253.5,18.9,1.31,21.0,NORMAL,APPROVED,PHASE_1,583,NO
APP0467,RZ_RES_HIGH,260.9,20.1,2.82,30.4,NORMAL,DEFERRED,PHASE_1,584,NO
APP0468,RZ_COMM_MAIN,360.4,21.8,1.41,22.9,NORMAL,APPROVED,PHASE_1,585,NO
APP0469,RZ_RES_MED,118.7,23.0,2.91,14.7,NORMAL,APPROVED,PHASE_1,586,NO
APP0472,RZ_RES_HIGH,321.5,10.7,2.53,23.0,NORMAL,APPROVED,PHASE_1,587,NO
APP0473,RZ_RES_HIGH,235.3,9.2,3.19,9.9,NORMAL,APPROVED,PHASE_1,588,NO
APP0475,RZ_RES_MED,103.8,8.0,2.67,22.0,NORMAL,APPROVED,PHASE_1,589,NO
APP0477,RZ_COMM_MAIN,160.9,11.1,1.45,17.6,NORMAL,APPROVED,PHASE_1,590,NO
APP0478,RZ_RES_MED,292.4,17.9,1.34,14.0,NORMAL,APPROVED,PHASE_1,591,NO
APP0480,RZ_RES_MED,224.6,22.6,2.83,25.3,NORMAL,APPROVED,PHASE_1,592,NO
APP0481,RZ_COMM_MAIN,163.7,21.2,3.09,21.1,NORMAL,APPROVED,PHASE_1,593,NO
APP0482,RZ_RES_HIGH,272.8,9.7,1.76,14.5,NORMAL,APPROVED,PHASE_1,594,NO
APP0483,RZ_RES_LOW,320.8,6.3,2.45,10.4,NORMAL,APPROVED,PHASE_1,595,NO
APP0485,RZ_RES_MED,140.1,9.0,1.9,24.8,NORMAL,APPROVED,PHASE_1,596,NO
APP0486,RZ_RES_HIGH,189.2,21.7,1.65,23.5,NORMAL,APPROVED,PHASE_1,597,NO
APP0487,RZ_RES_LOW,165.6,17.9,1.97,23.0,NORMAL,APPROVED,PHASE_1,598,NO
APP0488,RZ_RES_LOW,141.6,14.3,2.01,15.8,NORMAL,APPROVED,PHASE_1,599,NO
APP0489,RZ_RES_HIGH,347.2,23.2,2.95,25.0,NORMAL,APPROVED,PHASE_1,600,NO
APP0490,RZ_RES_HIGH,294.4,7.9,2.8,17.2,NORMAL,APPROVED,PHASE_1,601,NO
APP0491,RZ_COMM_MAIN,268.2,6.9,2.1,14.9,NORMAL,APPROVED,PHASE_1,602,NO
APP0492,RZ_RES_HIGH,214.6,9.7,1.92,10.7,NORMAL,APPROVED,PHASE_1,603,NO
APP0493,RZ_COMM_MAIN,353.2,9.0,3.36,25.0,NORMAL,APPROVED,PHASE_1,604,NO
APP0495,RZ_COMM_MAIN,242.3,10.2,2.48,8.8,NORMAL,APPROVED,PHASE_1,605,NO
APP0496,RZ_RES_LOW,76.0,14.3,3.29,16.8,NORMAL,APPROVED,PHASE_1,606,NO
APP0497,RZ_RES_LOW,108.7,17.7,2.98,24.0,NORMAL,APPROVED,PHASE_1,607,NO
APP0498,RZ_COMM_MAIN,363.9,23.8,2.55,21.4,NORMAL,APPROVED,PHASE_1,608,NO
APP0499,RZ_RES_MED,254.5,11.8,3.24,14.9,NORMAL,APPROVED,PHASE_1,609,NO
APP0500,RZ_RES_MED,347.0,20.7,3.42,16.5,NORMAL,APPROVED,PHASE_1,610,NO
APP0501,RZ_RES_HIGH,168.4,16.7,1.1,8.8,NORMAL,APPROVED,PHASE_1,611,NO
APP0503,RZ_COMM_MAIN,194.9,11.5,2.22,15.5,NORMAL,APPROVED,PHASE_1,612,NO
APP0504,RZ_RES_MED,158.1,19.2,3.01,12.2,NORMAL,APPROVED,PHASE_1,613,NO
APP0505,RZ_COMM_MAIN,142.7,18.9,2.04,17.6,NORMAL,APPROVED,PHASE_1,614,NO
APP0506,RZ_RES_HIGH,302.4,21.9,2.42,12.4,NORMAL,APPROVED,PHASE_1,615,NO
APP0508,RZ_RES_LOW,242.8,11.9,2.13,28.6,NORMAL,DEFERRED,PHASE_1,616,NO
APP0510,RZ_RES_MED,227.0,15.4,3.17,30.4,NORMAL,DEFERRED,PHASE_1,617,NO
APP0511,RZ_COMM_MAIN,303.2,22.3,2.85,9.4,NORMAL,APPROVED,PHASE_1,618,NO
APP0512,RZ_RES_MED,299.3,12.4,2.52,17.0,NORMAL,APPROVED,PHASE_1,619,NO
APP0513,RZ_RES_HIGH,346.9,19.9,2.56,31.4,NORMAL,DEFERRED,PHASE_1,620,NO
APP0514,RZ_RES_HIGH,256.5,14.5,3.64,28.0,NORMAL,DEFERRED,PHASE_1,621,NO
APP0515,RZ_COMM_MAIN,274.8,20.6,1.83,21.7,NORMAL,APPROVED,PHASE_1,622,NO
APP0516,RZ_RES_MED,123.6,23.3,1.34,23.1,NORMAL,APPROVED,PHASE_1,623,NO
APP0517,RZ_COMM_MAIN,287.5,23.8,3.03,9.0,NORMAL,APPROVED,PHASE_1,624,NO
APP0518,RZ_RES_LOW,311.7,9.9,2.24,8.9,NORMAL,APPROVED,PHASE_1,625,NO
APP0519,RZ_RES_HIGH,283.0,8.0,2.2,26.1,NORMAL,APPROVED,PHASE_1,626,NO
APP0521,RZ_COMM_MAIN,332.5,8.0,1.07,22.3,NORMAL,APPROVED,PHASE_1,627,NO
APP0522,RZ_RES_LOW,357.4,16.1,3.0,10.7,NORMAL,APPROVED,PHASE_1,628,NO
APP0523,RZ_RES_MED,375.6,20.3,3.9,31.8,NORMAL,DEFERRED,PHASE_1,629,NO
APP0524,RZ_RES_HIGH,275.8,18.2,1.96,24.1,NORMAL,APPROVED,PHASE_1,630,NO
APP0527,RZ_COMM_MAIN,104.8,15.1,3.16,8.8,NORMAL,APPROVED,PHASE_1,631,NO
APP0528,RZ_RES_HIGH,70.6,18.1,2.45,17.6,NORMAL,APPROVED,PHASE_1,632,NO
APP0529,RZ_RES_LOW,355.5,22.4,3.0,18.3,NORMAL,APPROVED,PHASE_1,633,NO
APP0530,RZ_COMM_MAIN,310.4,12.3,1.69,29.6,NORMAL,DEFERRED,PHASE_1,634,NO
APP0531,RZ_RES_HIGH,62.4,19.1,2.57,13.9,NORMAL,APPROVED,PHASE_1,635,NO
APP0532,RZ_RES_MED,271.2,21.7,3.24,9.5,NORMAL,APPROVED,PHASE_1,636,NO
APP0534,RZ_RES_HIGH,390.8,10.6,2.85,8.1,NORMAL,APPROVED,PHASE_1,637,NO
APP0535,RZ_RES_MED,245.5,22.6,2.34,24.7,NORMAL,APPROVED,PHASE_1,638,NO
APP0536,RZ_RES_LOW,245.4,16.0,2.05,31.3,NORMAL,DEFERRED,PHASE_1,639,NO
APP0537,RZ_RES_LOW,156.7,19.8,3.43,16.6,NORMAL,APPROVED,PHASE_1,640,NO
APP0538,RZ_RES_HIGH,203.6,14.0,3.49,28.3,NORMAL,DEFERRED,PHASE_1,641,NO
APP0539,RZ_RES_HIGH,234.6,22.4,3.91,14.4,NORMAL,DEFERRED,PHASE_1,642,NO
APP0540,RZ_RES_HIGH,213.1,20.5,2.79,24.3,NORMAL,APPROVED,PHASE_1,643,NO
APP0541,RZ_RES_LOW,284.6,17.0,1.08,8.6,NORMAL,APPROVED,PHASE_1,644,NO
APP0542,RZ_RES_LOW,392.8,18.1,1.25,16.6,NORMAL,APPROVED,PHASE_1,645,NO
APP0544,RZ_RES_MED,170.1,15.1,2.9,15.5,NORMAL,APPROVED,PHASE_1,646,NO
APP0545,RZ_RES_LOW,253.3,10.2,2.84,27.0,NORMAL,APPROVED,PHASE_1,647,NO
APP0546,RZ_COMM_MAIN,342.5,13.4,2.59,11.3,NORMAL,APPROVED,PHASE_1,648,NO
APP0547,RZ_COMM_MAIN,119.3,12.1,3.78,8.4,NORMAL,DEFERRED,PHASE_1,649,NO
APP0548,RZ_RES_HIGH,103.3,20.8,3.22,24.3,NORMAL,APPROVED,PHASE_1,650,NO
APP0549,RZ_RES_LOW,344.6,19.8,2.91,12.8,NORMAL,APPROVED,PHASE_1,651,NO
APP0550,RZ_RES_HIGH,107.7,12.2,3.68,17.9,NORMAL,DEFERRED,PHASE_1,652,NO
APP0551,RZ_RES_HIGH,326.9,13.7,1.74,22.4,NORMAL,APPROVED,PHASE_1,653,NO
APP0552,RZ_RES_HIGH,317.8,11.2,1.81,9.1,NORMAL,APPROVED,PHASE_1,654,NO
APP0553,RZ_COMM_MAIN,279.6,23.4,3.85,16.2,NORMAL,DEFERRED,PHASE_1,655,NO
APP0554,RZ_RES_MED,380.0,7.7,3.31,20.4,NORMAL,APPROVED,PHASE_1,656,NO
APP0556,RZ_RES_LOW,200.0,10.7,3.04,25.0,NORMAL,APPROVED,PHASE_1,657,NO
APP0557,RZ_RES_MED,333.0,19.8,3.89,30.0,NORMAL,DEFERRED,PHASE_1,658,NO
APP0558,RZ_COMM_MAIN,226.7,14.9,3.54,17.4,NORMAL,DEFERRED,PHASE_1,659,NO
APP0559,RZ_COMM_MAIN,65.6,10.4,2.96,20.2,NORMAL,APPROVED,PHASE_1,660,NO
APP0560,RZ_COMM_MAIN,334.6,8.8,3.97,27.4,NORMAL,DEFERRED,PHASE_1,661,NO
APP0561,RZ_RES_HIGH,168.7,16.6,3.12,23.1,NORMAL,APPROVED,PHASE_1,662,NO
APP0562,RZ_COMM_MAIN,161.5,19.3,3.95,21.6,NORMAL,DEFERRED,PHASE_1,663,NO
APP0567,RZ_RES_HIGH,366.5,22.4,1.03,11.1,NORMAL,APPROVED,PHASE_1,664,NO
APP0568,RZ_COMM_MAIN,392.6,23.1,1.69,13.6,NORMAL,APPROVED,PHASE_1,665,NO
APP0569,RZ_RES_MED,296.9,20.2,3.92,9.4,NORMAL,DEFERRED,PHASE_1,666,NO
APP0570,RZ_RES_HIGH,248.2,18.8,2.57,29.2,NORMAL,DEFERRED,PHASE_1,667,NO
APP0571,RZ_RES_LOW,144.5,9.1,3.76,28.7,NORMAL,DEFERRED,PHASE_1,668,NO
APP0573,RZ_RES_HIGH,97.3,20.2,2.83,25.8,NORMAL,APPROVED,PHASE_1,669,NO
APP0575,RZ_RES_HIGH,183.3,21.2,1.26,14.4,NORMAL,APPROVED,PHASE_1,670,NO
APP0577,RZ_COMM_MAIN,121.9,16.2,3.78,19.9,NORMAL,DEFERRED,PHASE_1,671,NO
APP0578,RZ_RES_LOW,280.9,20.8,1.89,15.3,NORMAL,APPROVED,PHASE_1,672,NO
APP0580,RZ_RES_MED,391.3,21.7,1.1,31.9,NORMAL,DEFERRED,PHASE_1,673,NO
APP0581,RZ_RES_LOW,92.6,17.1,3.63,9.5,NORMAL,DEFERRED,PHASE_1,674,NO
APP0583,RZ_RES_MED,207.4,14.8,2.56,27.9,NORMAL,APPROVED,PHASE_1,675,NO
APP0584,RZ_RES_HIGH,146.0,23.3,3.18,21.9,NORMAL,APPROVED,PHASE_1,676,NO
APP0586,RZ_RES_MED,87.2,23.6,3.05,31.0,NORMAL,DEFERRED,PHASE_1,677,NO
APP0587,RZ_RES_LOW,84.3,9.2,3.86,27.8,NORMAL,DEFERRED,PHASE_1,678,NO
APP0588,RZ_RES_MED,332.7,17.9,2.64,14.5,NORMAL,APPROVED,PHASE_1,679,NO
APP0589,RZ_RES_LOW,307.1,23.0,2.49,12.2,NORMAL,APPROVED,PHASE_1,680,NO
APP0590,RZ_RES_MED,322.1,11.9,1.56,9.9,NORMAL,APPROVED,PHASE_1,681,NO
APP0591,RZ_RES_HIGH,104.2,20.0,1.34,14.4,NORMAL,APPROVED,PHASE_1,682,NO
APP0593,RZ_RES_HIGH,334.5,9.7,3.43,25.9,NORMAL,APPROVED,PHASE_1,683,NO
APP0594,RZ_RES_HIGH,322.1,10.9,1.55,10.8,NORMAL,APPROVED,PHASE_1,684,NO
APP0595,RZ_RES_HIGH,233.1,10.9,1.02,10.2,NORMAL,APPROVED,PHASE_1,685,NO
APP0596,RZ_COMM_MAIN,65.0,12.7,3.71,21.1,NORMAL,DEFERRED,PHASE_1,686,NO
APP0597,RZ_RES_LOW,162.0,23.4,2.64,31.1,NORMAL,DEFERRED,PHASE_1,687,NO
APP0598,RZ_RES_MED,283.5,13.2,1.32,10.5,NORMAL,APPROVED,PHASE_1,688,NO
APP0599,RZ_RES_MED,292.4,8.1,1.75,8.2,NORMAL,APPROVED,PHASE_1,689,NO
APP0600,RZ_RES_HIGH,212.9,16.8,1.54,29.2,NORMAL,DEFERRED,PHASE_1,690,NO
APP0602,RZ_COMM_MAIN,196.3,23.0,1.64,30.2,NORMAL,DEFERRED,PHASE_1,691,NO
APP0605,RZ_COMM_MAIN,83.9,10.3,2.16,10.4,NORMAL,APPROVED,PHASE_1,692,NO
APP0607,RZ_RES_HIGH,384.8,19.2,3.17,23.3,NORMAL,APPROVED,PHASE_1,693,NO
APP0608,RZ_COMM_MAIN,113.0,17.2,2.06,26.7,NORMAL,APPROVED,PHASE_1,694,NO
APP0609,RZ_RES_MED,392.7,17.9,1.89,24.3,NORMAL,APPROVED,PHASE_1,695,NO
APP0610,RZ_RES_LOW,257.3,18.6,2.59,27.6,NORMAL,APPROVED,PHASE_1,696,NO
APP0611,RZ_COMM_MAIN,209.9,19.9,1.82,26.4,NORMAL,APPROVED,PHASE_1,697,NO
APP0613,RZ_RES_LOW,389.1,19.0,2.06,11.0,NORMAL,APPROVED,PHASE_1,698,NO
APP0614,RZ_COMM_MAIN,159.6,15.9,1.44,31.6,NORMAL,DEFERRED,PHASE_1,699,NO
APP0616,RZ_COMM_MAIN,273.6,21.9,2.12,25.4,NORMAL,APPROVED,PHASE_1,700,NO
APP0617,RZ_RES_HIGH,301.8,21.9,1.52,30.8,NORMAL,DEFERRED,PHASE_1,701,NO
APP0618,RZ_RES_HIGH,256.2,18.6,1.79,9.1,NORMAL,APPROVED,PHASE_1,702,NO
APP0619,RZ_RES_HIGH,343.4,16.9,2.33,12.3,NORMAL,APPROVED,PHASE_1,703,NO
APP0620,RZ_RES_HIGH,337.0,19.2,1.24,14.4,NORMAL,APPROVED,PHASE_1,704,NO
APP0621,RZ_RES_HIGH,226.9,18.8,2.75,22.9,NORMAL,APPROVED,PHASE_1,705,NO
APP0623,RZ_COMM_MAIN,294.3,10.9,2.27,12.8,NORMAL,APPROVED,PHASE_1,706,NO
APP0624,RZ_RES_MED,257.0,7.6,1.86,18.4,NORMAL,APPROVED,PHASE_1,707,NO
APP0625,RZ_COMM_MAIN,76.9,9.2,1.08,16.1,NORMAL,APPROVED,PHASE_1,708,NO
APP0626,RZ_RES_HIGH,292.7,14.6,2.82,21.8,NORMAL,APPROVED,PHASE_1,709,NO
APP0627,RZ_RES_MED,62.0,12.2,1.39,30.9,NORMAL,DEFERRED,PHASE_1,710,NO
APP0628,RZ_RES_HIGH,224.1,22.0,1.35,11.8,NORMAL,APPROVED,PHASE_1,711,NO
APP0629,RZ_RES_LOW,211.6,6.5,2.07,11.7,NORMAL,APPROVED,PHASE_1,712,NO
APP0630,RZ_COMM_MAIN,260.2,15.3,1.19,30.3,NORMAL,DEFERRED,PHASE_1,713,NO
APP0631,RZ_RES_LOW,65.6,22.4,3.81,23.6,NORMAL,DEFERRED,PHASE_1,714,NO
APP0632,RZ_COMM_MAIN,87.4,15.9,2.17,16.3,NORMAL,APPROVED,PHASE_1,715,NO
APP0633,RZ_RES_LOW,178.8,12.3,1.97,25.0,NORMAL,APPROVED,PHASE_1,716,NO
APP0634,RZ_COMM_MAIN,125.7,21.7,1.64,21.1,NORMAL,APPROVED,PHASE_1,717,NO
APP0635,RZ_RES_LOW,237.3,16.8,2.27,23.0,NORMAL,APPROVED,PHASE_1,718,NO
APP0636,RZ_RES_MED,316.1,11.0,3.33,23.9,NORMAL,APPROVED,PHASE_1,719,NO
APP0638,RZ_RES_LOW,156.1,16.9,2.89,19.4,NORMAL,APPROVED,PHASE_1,720,NO
APP0639,RZ_RES_HIGH,92.5,21.5,1.8,10.7,NORMAL,APPROVED,PHASE_1,721,NO
APP0641,RZ_RES_HIGH,340.1,20.1,1.0,26.6,NORMAL,APPROVED,PHASE_1,722,NO
APP0642,RZ_COMM_MAIN,294.7,10.1,3.52,27.7,NORMAL,DEFERRED,PHASE_1,723,NO
APP0643,RZ_RES_LOW,119.9,20.0,3.95,27.6,NORMAL,DEFERRED,PHASE_1,724,NO
APP0644,RZ_RES_LOW,257.7,18.0,3.29,14.1,NORMAL,APPROVED,PHASE_1,725,NO
APP0645,RZ_RES_LOW,349.6,19.9,1.08,18.1,NORMAL,APPROVED,PHASE_1,726,NO
APP0646,RZ_RES_LOW,93.4,20.7,3.02,9.5,NORMAL,APPROVED,PHASE_1,727,NO
APP0647,RZ_RES_HIGH,345.8,16.4,2.25,18.3,NORMAL,APPROVED,PHASE_1,728,NO
APP0648,RZ_RES_LOW,80.3,18.3,2.91,26.0,NORMAL,APPROVED,PHASE_1,729,NO
APP0649,RZ_COMM_MAIN,78.6,20.6,2.3,25.2,NORMAL,APPROVED,PHASE_1,730,NO
APP0650,RZ_COMM_MAIN,153.1,9.3,3.14,25.1,NORMAL,APPROVED,PHASE_1,731,NO
APP0651,RZ_RES_MED,197.0,8.7,2.12,21.0,NORMAL,APPROVED,PHASE_1,732,NO
APP0652,RZ_COMM_MAIN,123.6,18.6,3.27,28.5,NORMAL,DEFERRED,PHASE_1,733,NO
APP0653,RZ_RES_MED,373.8,16.2,3.79,16.2,NORMAL,DEFERRED,PHASE_1,734,NO
APP0656,RZ_RES_HIGH,215.0,16.5,3.47,29.1,NORMAL,DEFERRED,PHASE_1,735,NO
APP0657,RZ_RES_MED,293.2,8.4,1.48,30.2,NORMAL,DEFERRED,PHASE_1,736,NO
APP0659,RZ_RES_HIGH,149.2,11.8,2.19,14.4,NORMAL,APPROVED,PHASE_1,737,NO
APP0660,RZ_RES_HIGH,142.8,6.4,2.18,18.7,NORMAL,APPROVED,PHASE_1,738,NO
APP0661,RZ_COMM_MAIN,156.7,6.1,1.68,11.0,NORMAL,APPROVED,PHASE_1,739,NO
APP0662,RZ_COMM_MAIN,327.2,7.6,2.32,17.5,NORMAL,APPROVED,PHASE_1,740,NO
APP0663,RZ_RES_LOW,150.5,12.3,3.5,15.6,NORMAL,APPROVED,PHASE_1,741,NO
APP0664,RZ_COMM_MAIN,274.0,12.5,1.87,13.9,NORMAL,APPROVED,PHASE_1,742,NO
APP0666,RZ_RES_HIGH,379.1,12.5,3.35,29.2,NORMAL,DEFERRED,PHASE_1,743,NO
APP0667,RZ_RES_MED,264.4,19.8,3.55,12.1,NORMAL,DEFERRED,PHASE_1,744,NO
APP0668,RZ_RES_MED,353.5,11.9,3.66,16.8,NORMAL,DEFERRED,PHASE_1,745,NO
APP0671,RZ_RES_LOW,290.9,6.4,1.69,25.5,NORMAL,APPROVED,PHASE_1,746,NO
APP0672,RZ_RES_HIGH,131.4,23.0,2.23,29.2,NORMAL,DEFERRED,PHASE_1,747,NO
APP0673,RZ_RES_MED,95.9,10.9,3.5,27.0,NORMAL,APPROVED,PHASE_1,748,NO
APP0676,RZ_RES_LOW,399.7,15.0,2.2,27.3,NORMAL,APPROVED,PHASE_1,749,NO
APP0677,RZ_RES_MED,133.2,16.3,3.16,31.1,NORMAL,DEFERRED,PHASE_1,750,NO
APP0678,RZ_RES_MED,337.5,7.5,3.24,25.1,NORMAL,APPROVED,PHASE_1,751,NO
APP0679,RZ_COMM_MAIN,190.4,23.5,1.73,10.1,NORMAL,APPROVED,PHASE_1,752,NO
APP0680,RZ_RES_LOW,209.8,13.3,2.1,18.5,NORMAL,APPROVED,PHASE_1,753,NO
APP0681,RZ_RES_LOW,105.0,8.7,3.44,22.3,NORMAL,APPROVED,PHASE_1,754,NO
APP0682,RZ_RES_MED,365.9,20.2,3.75,21.0,NORMAL,DEFERRED,PHASE_1,755,NO
APP0683,RZ_RES_HIGH,323.3,8.2,3.17,15.8,NORMAL,APPROVED,PHASE_1,756,NO
APP0684,RZ_RES_MED,192.8,6.1,2.8,8.1,NORMAL,APPROVED,PHASE_1,757,NO
APP0685,RZ_RES_LOW,248.2,22.6,2.72,16.1,NORMAL,APPROVED,PHASE_1,758,NO
APP0688,RZ_RES_LOW,180.6,10.4,2.73,25.1,NORMAL,APPROVED,PHASE_1,759,NO
APP0693,RZ_RES_MED,82.2,23.4,2.22,14.3,NORMAL,APPROVED,PHASE_1,760,NO
APP0694,RZ_COMM_MAIN,212.5,8.2,2.99,30.8,NORMAL,DEFERRED,PHASE_1,761,NO
APP0695,RZ_RES_HIGH,206.4,14.5,2.4,16.1,NORMAL,APPROVED,PHASE_1,762,NO
APP0697,RZ_COMM_MAIN,396.5,12.6,1.98,15.5,NORMAL,APPROVED,PHASE_1,763,NO
APP0698,RZ_RES_LOW,251.7,9.9,3.09,25.7,NORMAL,APPROVED,PHASE_1,764,NO
APP0699,RZ_RES_MED,265.8,8.7,3.97,20.5,NORMAL,DEFERRED,PHASE_1,765,NO
APP0701,RZ_RES_LOW,257.4,9.1,2.39,10.6,NORMAL,APPROVED,PHASE_1,766,NO
APP0703,RZ_RES_HIGH,213.3,23.1,1.62,18.0,NORMAL,APPROVED,PHASE_1,767,NO
APP0704,RZ_RES_HIGH,133.4,21.2,2.98,16.1,NORMAL,APPROVED,PHASE_1,768,NO
APP0705,RZ_COMM_MAIN,120.4,11.2,3.6,31.0,NORMAL,DEFERRED,PHASE_1,769,NO
APP0707,RZ_RES_LOW,130.7,22.5,1.49,29.4,NORMAL,DEFERRED,PHASE_1,770,NO
APP0708,RZ_RES_MED,106.2,6.4,2.84,11.8,NORMAL,APPROVED,PHASE_1,771,NO
APP0709,RZ_RES_LOW,288.1,16.5,3.7,20.4,NORMAL,DEFERRED,PHASE_1,772,NO
APP0710,RZ_COMM_MAIN,175.1,19.7,3.55,13.3,NORMAL,DEFERRED,PHASE_1,773,NO
APP0712,RZ_COMM_MAIN,77.2,18.2,1.06,24.2,NORMAL,APPROVED,PHASE_1,774,NO
APP0713,RZ_COMM_MAIN,290.9,19.7,2.83,22.4,NORMAL,APPROVED,PHASE_1,775,NO
APP0714,RZ_RES_MED,375.8,7.4,2.96,11.7,NORMAL,APPROVED,PHASE_1,776,NO
APP0715,RZ_RES_HIGH,344.3,10.6,2.12,10.4,NORMAL,APPROVED,PHASE_1,777,NO
APP0716,RZ_RES_MED,234.1,6.4,1.4,28.3,NORMAL,DEFERRED,PHASE_1,778,NO
APP0717,RZ_RES_HIGH,84.3,20.2,3.08,30.5,NORMAL,DEFERRED,PHASE_1,779,NO
APP0718,RZ_COMM_MAIN,292.9,12.5,2.4,20.6,NORMAL,APPROVED,PHASE_1,780,NO
APP0719,RZ_RES_HIGH,235.5,9.2,2.55,15.1,NORMAL,APPROVED,PHASE_1,781,NO
APP0720,RZ_RES_MED,92.3,20.3,1.62,10.9,NORMAL,APPROVED,PHASE_1,782,NO
APP0721,RZ_RES_MED,189.1,15.3,1.19,29.5,NORMAL,DEFERRED,PHASE_1,783,NO
APP0724,RZ_RES_MED,207.7,15.1,2.72,21.9,NORMAL,APPROVED,PHASE_1,784,NO
APP0725,RZ_RES_MED,199.5,11.5,3.16,16.2,NORMAL,APPROVED,PHASE_1,785,NO
APP0728,RZ_RES_HIGH,246.8,10.1,2.88,11.8,NORMAL,APPROVED,PHASE_1,786,NO
APP0730,RZ_RES_MED,364.6,10.6,2.78,19.1,NORMAL,APPROVED,PHASE_1,787,NO
APP0733,RZ_RES_LOW,345.7,19.8,3.08,21.0,NORMAL,APPROVED,PHASE_1,788,NO
APP0735,RZ_RES_MED,148.2,7.4,2.01,22.7,NORMAL,APPROVED,PHASE_1,789,NO
APP0736,RZ_RES_HIGH,185.4,17.5,2.18,25.9,NORMAL,APPROVED,PHASE_1,790,NO
APP0738,RZ_COMM_MAIN,89.6,10.4,3.67,25.0,NORMAL,DEFERRED,PHASE_1,791,NO
APP0739,RZ_RES_LOW,247.9,10.7,2.32,19.8,NORMAL,APPROVED,PHASE_1,792,NO
APP0740,RZ_RES_HIGH,92.2,14.2,2.98,15.1,NORMAL,APPROVED,PHASE_1,793,NO
APP0741,RZ_RES_LOW,160.0,14.5,1.98,24.6,NORMAL,APPROVED,PHASE_1,794,NO
APP0742,RZ_RES_LOW,277.0,8.9,2.54,15.6,NORMAL,APPROVED,PHASE_1,795,NO
APP0743,RZ_RES_MED,345.4,6.7,1.94,30.4,NORMAL,DEFERRED,PHASE_1,796,NO
APP0744,RZ_RES_LOW,276.8,19.2,3.99,11.1,NORMAL,DEFERRED,PHASE_1,797,NO
APP0745,RZ_COMM_MAIN,368.6,12.9,1.67,30.9,NORMAL,DEFERRED,PHASE_1,798,NO
APP0746,RZ_RES_HIGH,205.1,7.1,3.71,27.8,NORMAL,DEFERRED,PHASE_1,799,NO
APP0749,RZ_RES_HIGH,65.9,23.6,3.17,22.8,NORMAL,APPROVED,PHASE_1,800,NO
APP0750,RZ_RES_HIGH,87.6,18.3,3.6,25.0,NORMAL,DEFERRED,PHASE_1,801,NO
APP0751,RZ_RES_LOW,344.5,22.8,3.99,28.1,NORMAL,DEFERRED,PHASE_1,802,NO
APP0752,RZ_RES_LOW,184.8,19.4,1.5,26.0,NORMAL,APPROVED,PHASE_1,803,NO
APP0754,RZ_RES_HIGH,263.3,13.2,2.93,23.8,NORMAL,APPROVED,PHASE_1,804,NO
APP0755,RZ_RES_MED,269.9,8.2,2.81,24.2,NORMAL,APPROVED,PHASE_1,805,NO
APP0757,RZ_RES_HIGH,165.0,13.0,3.66,31.7,NORMAL,DEFERRED,PHASE_1,806,NO
APP0758,RZ_RES_MED,77.2,20.4,3.66,19.7,NORMAL,DEFERRED,PHASE_1,807,NO
APP0759,RZ_RES_HIGH,177.2,23.8,2.4,12.1,NORMAL,APPROVED,PHASE_1,808,NO
APP0760,RZ_RES_LOW,142.2,23.8,2.03,29.6,NORMAL,DEFERRED,PHASE_1,809,NO
APP0761,RZ_COMM_MAIN,346.3,17.8,2.45,14.7,NORMAL,APPROVED,PHASE_1,810,NO
APP0762,RZ_RES_LOW,321.0,11.8,1.55,19.5,NORMAL,APPROVED,PHASE_1,811,NO
APP0763,RZ_RES_LOW,177.0,13.5,2.64,13.8,NORMAL,APPROVED,PHASE_1,812,NO
APP0765,RZ_COMM_MAIN,132.4,7.0,3.87,10.7,NORMAL,DEFERRED,PHASE_1,813,NO
APP0766,RZ_RES_HIGH,98.9,20.1,1.54,20.7,NORMAL,APPROVED,PHASE_1,814,NO
APP0767,RZ_RES_MED,318.3,9.0,1.72,12.5,NORMAL,APPROVED,PHASE_1,815,NO
APP0768,RZ_RES_HIGH,230.7,22.1,1.26,26.4,NORMAL,APPROVED,PHASE_1,816,NO
APP0769,RZ_RES_LOW,77.1,16.1,1.26,10.2,NORMAL,APPROVED,PHASE_1,817,NO
APP0771,RZ_RES_HIGH,134.2,21.3,2.63,25.1,NORMAL,APPROVED,PHASE_1,818,NO
APP0772,RZ_RES_LOW,192.7,17.8,2.19,10.5,NORMAL,APPROVED,PHASE_1,819,NO
APP0773,RZ_COMM_MAIN,255.1,16.3,2.94,19.2,NORMAL,APPROVED,PHASE_1,820,NO
APP0774,RZ_RES_HIGH,172.8,11.6,2.31,29.3,NORMAL,DEFERRED,PHASE_1,821,NO
APP0776,RZ_RES_LOW,115.0,10.9,1.01,20.0,NORMAL,APPROVED,PHASE_1,822,NO
APP0778,RZ_RES_MED,131.0,20.8,1.21,23.6,NORMAL,APPROVED,PHASE_1,823,NO
APP0779,RZ_RES_HIGH,208.7,22.8,2.93,31.8,NORMAL,DEFERRED,PHASE_1,824,NO
APP0780,RZ_COMM_MAIN,209.7,13.4,3.41,11.0,NORMAL,APPROVED,PHASE_1,825,NO
APP0781,RZ_COMM_MAIN,316.2,14.0,3.01,9.9,NORMAL,APPROVED,PHASE_1,826,NO
APP0782,RZ_RES_HIGH,393.8,21.7,2.73,20.7,NORMAL,APPROVED,PHASE_1,827,NO
APP0784,RZ_COMM_MAIN,158.7,7.1,1.79,26.8,NORMAL,APPROVED,PHASE_1,828,NO
APP0786,RZ_RES_HIGH,345.9,6.2,1.48,23.5,NORMAL,APPROVED,PHASE_1,829,NO
APP0787,RZ_RES_LOW,329.5,16.9,2.14,19.7,NORMAL,APPROVED,PHASE_1,830,NO
APP0788,RZ_RES_LOW,185.4,22.5,2.84,16.5,NORMAL,APPROVED,PHASE_1,831,NO
APP0789,RZ_RES_HIGH,372.5,10.7,3.02,30.5,NORMAL,DEFERRED,PHASE_1,832,NO
APP0790,RZ_COMM_MAIN,151.3,21.0,3.96,11.9,NORMAL,DEFERRED,PHASE_1,833,NO
APP0792,RZ_RES_MED,294.0,10.9,2.29,26.1,NORMAL,APPROVED,PHASE_1,834,NO
APP0793,RZ_RES_MED,342.0,17.8,1.96,20.6,NORMAL,APPROVED,PHASE_1,835,NO
APP0794,RZ_RES_LOW,77.9,6.6,3.8,17.7,NORMAL,DEFERRED,PHASE_1,836,NO
APP0795,RZ_RES_LOW,117.4,11.1,1.04,14.4,NORMAL,APPROVED,PHASE_1,837,NO
APP0796,RZ_RES_HIGH,217.1,19.2,1.51,18.5,NORMAL,APPROVED,PHASE_1,838,NO
APP0798,RZ_RES_LOW,284.0,10.7,3.37,29.4,NORMAL,DEFERRED,PHASE_1,839,NO
APP0799,RZ_RES_LOW,220.1,14.8,1.26,31.3,NORMAL,DEFERRED,PHASE_1,840,NO
APP0800,RZ_RES_LOW,143.0,11.6,3.75,19.2,NORMAL,DEFERRED,PHASE_1,841,NO
APP0801,RZ_RES_MED,292.3,6.3,1.26,14.5,NORMAL,APPROVED,PHASE_1,842,NO
APP0802,RZ_RES_HIGH,307.7,19.1,3.16,23.8,NORMAL,APPROVED,PHASE_1,843,NO
APP0805,RZ_COMM_MAIN,255.7,9.5,2.59,12.8,NORMAL,APPROVED,PHASE_1,844,NO
APP0806,RZ_RES_LOW,331.5,21.4,1.13,26.9,NORMAL,APPROVED,PHASE_1,845,NO
APP0808,RZ_RES_MED,87.3,6.4,3.02,28.1,NORMAL,DEFERRED,PHASE_1,846,NO
APP0810,RZ_RES_MED,199.3,18.0,2.14,28.7,NORMAL,DEFERRED,PHASE_1,847,NO
APP0814,RZ_RES_HIGH,298.9,14.9,2.55,22.9,NORMAL,APPROVED,PHASE_1,848,NO
APP0815,RZ_COMM_MAIN,397.0,6.4,3.32,11.7,NORMAL,APPROVED,PHASE_1,849,NO
APP0816,RZ_RES_LOW,258.2,17.5,2.64,18.8,NORMAL,APPROVED,PHASE_1,850,NO
APP0817,RZ_COMM_MAIN,199.5,10.6,3.35,31.7,NORMAL,DEFERRED,PHASE_1,851,NO
APP0818,RZ_RES_HIGH,98.9,10.8,1.56,24.3,NORMAL,APPROVED,PHASE_1,852,NO
APP0819,RZ_COMM_MAIN,341.4,10.0,1.53,19.3,NORMAL,APPROVED,PHASE_1,853,NO
APP0820,RZ_RES_HIGH,108.7,23.8,1.61,17.5,NORMAL,APPROVED,PHASE_1,854,NO
APP0821,RZ_RES_LOW,137.3,22.5,1.66,27.0,NORMAL,APPROVED,PHASE_1,855,NO
APP0822,RZ_RES_MED,383.2,18.8,3.31,28.7,NORMAL,DEFERRED,PHASE_1,856,NO
APP0823,RZ_COMM_MAIN,142.3,13.6,1.79,14.4,NORMAL,APPROVED,PHASE_1,857,NO
APP0824,RZ_RES_LOW,262.6,9.4,1.67,8.1,NORMAL,APPROVED,PHASE_1,858,NO
APP0825,RZ_COMM_MAIN,300.9,10.5,1.34,22.9,NORMAL,APPROVED,PHASE_1,859,NO
APP0826,RZ_RES_LOW,158.0,9.5,2.53,28.7,NORMAL,DEFERRED,PHASE_1,860,NO
APP0827,RZ_RES_LOW,337.6,18.5,3.93,13.5,NORMAL,DEFERRED,PHASE_1,861,NO
APP0828,RZ_RES_LOW,164.6,18.3,1.27,27.2,NORMAL,APPROVED,PHASE_1,862,NO
APP0830,RZ_RES_HIGH,84.7,9.8,3.33,22.6,NORMAL,APPROVED,PHASE_1,863,NO
APP0831,RZ_COMM_MAIN,147.1,10.5,1.93,27.3,NORMAL,APPROVED,PHASE_1,864,NO
APP0833,RZ_RES_HIGH,183.9,13.6,1.25,30.3,NORMAL,DEFERRED,PHASE_1,865,NO
APP0834,RZ_RES_MED,358.3,14.7,3.59,21.9,NORMAL,DEFERRED,PHASE_1,866,NO
APP0835,RZ_RES_LOW,97.6,22.9,2.9,16.9,NORMAL,APPROVED,PHASE_1,867,NO
APP0836,RZ_RES_HIGH,279.5,7.6,1.78,31.1,NORMAL,DEFERRED,PHASE_1,868,NO
APP0837,RZ_RES_MED,261.6,10.2,1.58,30.4,NORMAL,DEFERRED,PHASE_1,869,NO
APP0839,RZ_COMM_MAIN,142.6,21.6,2.78,10.7,NORMAL,APPROVED,PHASE_1,870,NO
APP0840,RZ_RES_LOW,167.8,19.7,3.74,19.6,NORMAL,DEFERRED,PHASE_1,871,NO
APP0841,RZ_COMM_MAIN,254.5,9.5,2.11,26.7,NORMAL,APPROVED,PHASE_1,872,NO
APP0842,RZ_RES_HIGH,173.2,14.8,3.37,15.0,NORMAL,APPROVED,PHASE_1,873,NO
APP0843,RZ_RES_HIGH,65.8,14.5,2.37,20.1,NORMAL,APPROVED,PHASE_1,874,NO
APP0844,RZ_RES_HIGH,129.3,14.5,2.3,26.3,NORMAL,APPROVED,PHASE_1,875,NO
APP0845,RZ_COMM_MAIN,394.6,14.4,2.4,21.1,NORMAL,APPROVED,PHASE_1,876,NO
APP0846,RZ_RES_MED,362.5,16.0,2.57,13.3,NORMAL,APPROVED,PHASE_1,877,NO
APP0847,RZ_COMM_MAIN,319.2,17.2,1.21,16.6,NORMAL,APPROVED,PHASE_1,878,NO
APP0848,RZ_RES_MED,109.3,15.8,3.15,27.8,NORMAL,APPROVED,PHASE_1,879,NO
APP0849,RZ_RES_MED,78.9,19.8,3.1,18.8,NORMAL,APPROVED,PHASE_1,880,NO
APP0850,RZ_COMM_MAIN,195.3,22.6,2.2,25.0,NORMAL,APPROVED,PHASE_1,881,NO
APP0851,RZ_RES_LOW,73.9,15.8,3.85,26.6,NORMAL,DEFERRED,PHASE_1,882,NO
APP0852,RZ_RES_MED,191.7,6.5,3.11,26.8,NORMAL,APPROVED,PHASE_1,883,NO
APP0853,RZ_RES_MED,185.3,13.3,1.29,31.7,NORMAL,DEFERRED,PHASE_1,884,NO
APP0855,RZ_COMM_MAIN,134.3,17.9,2.36,17.4,NORMAL,APPROVED,PHASE_1,885,NO
APP0856,RZ_RES_MED,173.7,15.9,1.77,15.2,NORMAL,APPROVED,PHASE_1,886,NO
APP0857,RZ_RES_MED,357.0,10.5,2.94,21.7,NORMAL,APPROVED,PHASE_1,887,NO
APP0858,RZ_COMM_MAIN,399.8,8.1,1.85,19.9,NORMAL,APPROVED,PHASE_1,888,NO
APP0859,RZ_RES_MED,241.8,9.9,1.06,18.2,NORMAL,APPROVED,PHASE_1,889,NO
APP0860,RZ_COMM_MAIN,252.7,22.9,2.95,20.3,NORMAL,APPROVED,PHASE_1,890,NO
APP0862,RZ_RES_LOW,101.9,18.5,2.14,12.6,NORMAL,APPROVED,PHASE_1,891,NO
APP0863,RZ_COMM_MAIN,301.9,7.7,2.91,22.0,NORMAL,APPROVED,PHASE_1,892,NO
APP0864,RZ_COMM_MAIN,153.6,14.4,1.62,23.5,NORMAL,APPROVED,PHASE_1,893,NO
APP0865,RZ_RES_MED,118.4,23.7,2.19,22.8,NORMAL,APPROVED,PHASE_1,894,NO
APP0868,RZ_COMM_MAIN,302.8,13.3,2.36,15.4,NORMAL,APPROVED,PHASE_1,895,NO
APP0870,RZ_RES_MED,199.3,9.6,1.63,28.4,NORMAL,DEFERRED,PHASE_1,896,NO
APP0872,RZ_RES_HIGH,348.2,22.5,1.58,11.4,NORMAL,APPROVED,PHASE_1,897,NO
APP0873,RZ_COMM_MAIN,86.9,17.7,1.02,24.9,NORMAL,APPROVED,PHASE_1,898,NO
APP0874,RZ_RES_LOW,82.0,17.5,3.45,17.9,NORMAL,APPROVED,PHASE_1,899,NO
APP0875,RZ_RES_HIGH,120.9,11.2,2.2,20.8,NORMAL,APPROVED,PHASE_1,900,NO
APP0876,RZ_COMM_MAIN,273.4,12.7,2.37,28.1,NORMAL,DEFERRED,PHASE_1,901,NO
APP0877,RZ_RES_MED,245.6,21.7,2.24,19.8,NORMAL,APPROVED,PHASE_1,902,NO
APP0878,RZ_RES_MED,146.4,23.7,1.17,30.3,NORMAL,DEFERRED,PHASE_1,903,NO
APP0879,RZ_RES_LOW,372.2,7.6,2.31,26.4,NORMAL,APPROVED,PHASE_1,904,NO
APP0880,RZ_RES_HIGH,135.3,16.1,2.41,22.1,NORMAL,APPROVED,PHASE_1,905,NO
APP0883,RZ_RES_HIGH,100.5,13.4,2.58,14.8,NORMAL,APPROVED,PHASE_1,906,NO
APP0884,RZ_RES_MED,208.8,23.5,3.3,12.7,NORMAL,APPROVED,PHASE_1,907,NO
APP0885,RZ_RES_LOW,249.7,9.7,1.85,31.2,NORMAL,DEFERRED,PHASE_1,908,NO
APP0886,RZ_RES_LOW,147.5,23.9,1.33,23.5,NORMAL,APPROVED,PHASE_1,909,NO
APP0888,RZ_RES_LOW,272.7,20.0,1.54,30.4,NORMAL,DEFERRED,PHASE_1,910,NO
APP0889,RZ_RES_MED,136.3,6.0,2.36,28.4,NORMAL,DEFERRED,PHASE_1,911,NO
APP0893,RZ_COMM_MAIN,171.1,20.2,1.69,20.2,NORMAL,APPROVED,PHASE_1,912,NO
APP0894,RZ_COMM_MAIN,63.0,13.8,1.62,9.2,NORMAL,APPROVED,PHASE_1,913,NO
APP0895,RZ_COMM_MAIN,173.0,11.7,1.63,27.7,NORMAL,APPROVED,PHASE_1,914,NO
APP0896,RZ_RES_MED,144.3,12.4,3.1,29.5,NORMAL,DEFERRED,PHASE_1,915,NO
APP0897,RZ_RES_MED,313.5,16.6,1.24,27.5,NORMAL,APPROVED,PHASE_1,916,NO
APP0898,RZ_RES_LOW,343.7,20.5,1.9,8.7,NORMAL,APPROVED,PHASE_1,917,NO
APP0899,RZ_RES_LOW,90.7,14.6,1.33,14.5,NORMAL,APPROVED,PHASE_1,918,NO
APP0900,RZ_RES_HIGH,320.3,12.5,2.18,17.7,NORMAL,APPROVED,PHASE_1,919,NO
APP0902,RZ_RES_LOW,211.4,8.4,3.4,20.5,NORMAL,APPROVED,PHASE_1,920,NO
APP0903,RZ_RES_MED,205.7,22.9,1.82,14.5,NORMAL,APPROVED,PHASE_1,921,NO
APP0904,RZ_RES_MED,289.4,17.4,2.16,18.8,NORMAL,APPROVED,PHASE_1,922,NO
APP0905,RZ_RES_HIGH,265.7,13.2,1.86,31.4,NORMAL,DEFERRED,PHASE_1,923,NO
APP0906,RZ_RES_MED,293.5,7.4,2.38,28.8,NORMAL,DEFERRED,PHASE_1,924,NO
APP0907,RZ_RES_HIGH,182.6,22.3,2.57,13.0,NORMAL,APPROVED,PHASE_1,925,NO
APP0908,RZ_COMM_MAIN,152.2,11.9,2.67,21.2,NORMAL,APPROVED,PHASE_1,926,NO
APP0913,RZ_COMM_MAIN,243.9,23.2,1.65,25.9,NORMAL,APPROVED,PHASE_1,927,NO
APP0914,RZ_RES_MED,275.1,16.6,1.87,26.6,NORMAL,APPROVED,PHASE_1,928,NO
APP0915,RZ_RES_MED,121.8,13.7,2.37,13.9,NORMAL,APPROVED,PHASE_1,929,NO
APP0916,RZ_COMM_MAIN,297.6,11.6,1.26,15.0,NORMAL,APPROVED,PHASE_1,930,NO
APP0917,RZ_COMM_MAIN,360.7,20.9,1.51,28.1,NORMAL,DEFERRED,PHASE_1,931,NO
APP0919,RZ_RES_LOW,124.5,22.0,1.82,21.5,NORMAL,APPROVED,PHASE_1,932,NO
APP0921,RZ_RES_LOW,350.4,15.3,1.36,27.8,NORMAL,APPROVED,PHASE_1,933,NO
APP0922,RZ_COMM_MAIN,62.9,12.8,1.98,22.0,NORMAL,APPROVED,PHASE_1,934,NO
APP0924,RZ_RES_LOW,238.7,10.8,2.59,29.3,NORMAL,DEFERRED,PHASE_1,935,NO
APP0925,RZ_RES_MED,81.4,9.2,1.6,19.4,NORMAL,APPROVED,PHASE_1,936,NO
APP0927,RZ_RES_HIGH,167.9,14.6,2.19,26.0,NORMAL,APPROVED,PHASE_1,937,NO
APP0928,RZ_COMM_MAIN,377.0,22.4,1.63,19.0,NORMAL,APPROVED,PHASE_1,938,NO
APP0930,RZ_RES_HIGH,316.4,7.5,3.49,22.9,NORMAL,APPROVED,PHASE_1,939,NO
APP0931,RZ_RES_MED,338.6,8.7,3.46,20.4,NORMAL,APPROVED,PHASE_1,940,NO
APP0932,RZ_RES_HIGH,379.3,6.7,3.65,29.8,NORMAL,DEFERRED,PHASE_1,941,NO
APP0933,RZ_COMM_MAIN,370.9,20.3,1.62,13.0,NORMAL,APPROVED,PHASE_1,942,NO
APP0934,RZ_RES_LOW,83.7,13.6,1.4,29.5,NORMAL,DEFERRED,PHASE_1,943,NO
APP0935,RZ_RES_LOW,333.3,10.8,3.34,8.6,NORMAL,APPROVED,PHASE_1,944,NO
APP0936,RZ_RES_HIGH,74.3,16.4,2.57,20.5,NORMAL,APPROVED,PHASE_1,945,NO
APP0937,RZ_RES_MED,283.4,9.8,1.45,21.7,NORMAL,APPROVED,PHASE_1,946,NO
APP0938,RZ_RES_LOW,226.6,15.0,1.55,29.4,NORMAL,DEFERRED,PHASE_1,947,NO
APP0939,RZ_COMM_MAIN,97.7,23.8,1.97,13.9,NORMAL,APPROVED,PHASE_1,948,NO
APP0940,RZ_RES_MED,123.2,12.7,1.42,8.4,NORMAL,APPROVED,PHASE_1,949,NO
APP0941,RZ_RES_MED,334.2,20.4,3.23,9.4,NORMAL,APPROVED,PHASE_1,950,NO
APP0943,RZ_RES_HIGH,196.0,20.8,3.24,12.8,NORMAL,APPROVED,PHASE_1,951,NO
APP0944,RZ_RES_LOW,95.4,12.9,3.03,22.4,NORMAL,APPROVED,PHASE_1,952,NO
APP0945,RZ_COMM_MAIN,293.5,17.4,3.66,15.9,NORMAL,DEFERRED,PHASE_1,953,NO
APP0946,RZ_RES_LOW,105.4,9.2,2.69,20.0,NORMAL,APPROVED,PHASE_1,954,NO
APP0947,RZ_RES_MED,237.1,8.4,2.22,14.7,NORMAL,APPROVED,PHASE_1,955,NO
APP0948,RZ_RES_LOW,232.4,14.1,1.17,20.5,NORMAL,APPROVED,PHASE_1,956,NO
APP0949,RZ_RES_MED,163.0,22.0,1.4,30.3,NORMAL,DEFERRED,PHASE_1,957,NO
APP0951,RZ_RES_LOW,321.0,9.5,1.01,25.1,NORMAL,APPROVED,PHASE_1,958,NO
APP0952,RZ_RES_MED,62.1,16.5,3.69,16.1,NORMAL,DEFERRED,PHASE_1,959,NO
APP0955,RZ_RES_LOW,383.9,23.8,1.36,28.0,NORMAL,APPROVED,PHASE_1,960,NO
APP0956,RZ_COMM_MAIN,228.3,10.8,1.3,21.3,NORMAL,APPROVED,PHASE_1,961,NO
APP0957,RZ_RES_HIGH,225.8,14.5,2.09,25.3,NORMAL,APPROVED,PHASE_1,962,NO
APP0958,RZ_RES_HIGH,125.8,8.4,3.39,16.2,NORMAL,APPROVED,PHASE_1,963,NO
APP0959,RZ_COMM_MAIN,166.3,6.8,1.89,22.6,NORMAL,APPROVED,PHASE_1,964,NO
APP0960,RZ_RES_LOW,365.5,10.4,1.71,15.6,NORMAL,APPROVED,PHASE_1,965,NO
APP0961,RZ_COMM_MAIN,67.8,13.3,2.19,15.6,NORMAL,APPROVED,PHASE_1,966,NO
APP0962,RZ_RES_HIGH,65.5,9.6,3.19,14.2,NORMAL,APPROVED,PHASE_1,967,NO
APP0963,RZ_RES_MED,183.1,14.2,2.74,17.6,NORMAL,APPROVED,PHASE_1,968,NO
APP0965,RZ_RES_MED,238.2,11.4,2.2,18.6,NORMAL,APPROVED,PHASE_1,969,NO
APP0966,RZ_RES_LOW,92.9,6.5,2.64,21.3,NORMAL,APPROVED,PHASE_1,970,NO
APP0967,RZ_RES_LOW,129.4,19.2,1.05,26.5,NORMAL,APPROVED,PHASE_1,971,NO
APP0968,RZ_RES_MED,83.6,23.9,2.75,16.8,NORMAL,APPROVED,PHASE_1,972,NO
APP0969,RZ_RES_HIGH,260.2,15.2,3.67,19.0,NORMAL,DEFERRED,PHASE_1,973,NO
APP0970,RZ_RES_HIGH,299.1,12.3,2.39,29.8,NORMAL,DEFERRED,PHASE_1,974,NO
APP0971,RZ_RES_MED,224.7,13.6,3.68,25.7,NORMAL,DEFERRED,PHASE_1,975,NO
APP0972,RZ_RES_LOW,174.8,18.1,2.14,24.2,NORMAL,APPROVED,PHASE_1,976,NO
APP0973,RZ_RES_LOW,359.3,22.4,3.33,30.8,NORMAL,DEFERRED,PHASE_1,977,NO
APP0974,RZ_RES_HIGH,64.1,23.3,2.16,16.6,NORMAL,APPROVED,PHASE_1,978,NO
APP0975,RZ_RES_MED,87.4,15.4,1.49,16.8,NORMAL,APPROVED,PHASE_1,979,NO
APP0976,RZ_RES_HIGH,261.3,13.9,2.4,16.0,NORMAL,APPROVED,PHASE_1,980,NO
APP0977,RZ_RES_HIGH,97.6,22.2,1.82,12.3,NORMAL,APPROVED,PHASE_1,981,NO
APP0978,RZ_COMM_MAIN,278.9,11.0,3.42,29.7,NORMAL,DEFERRED,PHASE_1,982,NO
APP0979,RZ_RES_MED,327.3,23.5,1.19,9.2,NORMAL,APPROVED,PHASE_1,983,NO
APP0980,RZ_RES_HIGH,67.8,11.5,1.66,22.2,NORMAL,APPROVED,PHASE_1,984,NO
APP0982,RZ_COMM_MAIN,249.0,17.2,3.54,11.4,NORMAL,DEFERRED,PHASE_1,985,NO
APP0983,RZ_RES_MED,221.2,6.3,1.92,24.6,NORMAL,APPROVED,PHASE_1,986,NO
APP0984,RZ_RES_LOW,65.0,11.9,3.06,13.1,NORMAL,APPROVED,PHASE_1,987,NO
APP0985,RZ_RES_HIGH,97.7,8.5,2.4,12.6,NORMAL,APPROVED,PHASE_1,988,NO
APP0986,RZ_RES_MED,67.6,10.0,3.16,22.2,NORMAL,APPROVED,PHASE_1,989,NO
APP0987,RZ_RES_LOW,171.5,8.5,1.98,26.2,NORMAL,APPROVED,PHASE_1,990,NO
APP0988,RZ_RES_MED,266.5,10.2,1.81,26.0,NORMAL,APPROVED,PHASE_1,991,NO
APP0989,RZ_RES_LOW,168.6,8.6,3.22,20.0,NORMAL,APPROVED,PHASE_1,992,NO
APP0991,RZ_RES_HIGH,221.6,19.1,3.88,16.7,NORMAL,DEFERRED,PHASE_1,993,NO
APP0992,RZ_RES_HIGH,154.7,9.6,2.99,22.1,NORMAL,APPROVED,PHASE_1,994,NO
APP0993,RZ_RES_LOW,258.8,18.6,1.82,30.5,NORMAL,DEFERRED,PHASE_1,995,NO
APP0994,RZ_COMM_MAIN,277.2,7.1,2.0,11.4,NORMAL,APPROVED,PHASE_1,996,NO
APP0995,RZ_RES_MED,174.8,10.8,3.86,17.6,NORMAL,DEFERRED,PHASE_1,997,NO
APP0998,RZ_COMM_MAIN,281.4,7.3,3.51,9.8,NORMAL,DEFERRED,PHASE_1,998,NO
APP0999,RZ_RES_HIGH,160.0,10.4,2.67,29.8,NORMAL,DEFERRED,PHASE_1,999,NO
APP1000,RZ_RES_MED,122.2,21.7,3.02,23.1,NORMAL,APPROVED,PHASE_1,1000,NO
APP0999,RZ_RES_HIGH,160.0,10.4,2.67,29.8,NORMAL,APPROVED_UPDATED,PHASE_2,1001,NO
APP0991,RZ_RES_HIGH,221.6,19.1,3.88,16.7,NORMAL,APPROVED_UPDATED,PHASE_2,1002,NO
APP0970,RZ_RES_HIGH,299.1,12.3,2.39,29.8,NORMAL,APPROVED_UPDATED,PHASE_2,1003,NO
APP0969,RZ_RES_HIGH,260.2,15.2,3.67,19.0,NORMAL,APPROVED_UPDATED,PHASE_2,1004,NO
APP0932,RZ_RES_HIGH,379.3,6.7,3.65,29.8,NORMAL,APPROVED_UPDATED,PHASE_2,1005,NO
APP0905,RZ_RES_HIGH,265.7,13.2,1.86,31.4,NORMAL,APPROVED_UPDATED,PHASE_2,1006,NO
APP0881,RZ_RES_HIGH,225.3,9.2,3.68,22.7,PRIORITY,APPROVED_UPDATED,PHASE_2,1007,YES
APP0836,RZ_RES_HIGH,279.5,7.6,1.78,31.1,NORMAL,APPROVED_UPDATED,PHASE_2,1008,NO
APP0833,RZ_RES_HIGH,183.9,13.6,1.25,30.3,NORMAL,APPROVED_UPDATED,PHASE_2,1009,NO
APP0797,RZ_RES_HIGH,199.2,23.5,3.85,29.4,PRIORITY,APPROVED_UPDATED,PHASE_2,1010,YES
APP0789,RZ_RES_HIGH,372.5,10.7,3.02,30.5,NORMAL,APPROVED_UPDATED,PHASE_2,1011,NO
APP0779,RZ_RES_HIGH,208.7,22.8,2.93,31.8,NORMAL,APPROVED_UPDATED,PHASE_2,1012,NO
APP0774,RZ_RES_HIGH,172.8,11.6,2.31,29.3,NORMAL,APPROVED_UPDATED,PHASE_2,1013,NO
APP0757,RZ_RES_HIGH,165.0,13.0,3.66,31.7,NORMAL,APPROVED_UPDATED,PHASE_2,1014,NO
APP0750,RZ_RES_HIGH,87.6,18.3,3.6,25.0,NORMAL,APPROVED_UPDATED,PHASE_2,1015,NO
APP0747,RZ_RES_HIGH,252.2,6.8,1.04,29.2,PRIORITY,APPROVED_UPDATED,PHASE_2,1016,YES
APP0746,RZ_RES_HIGH,205.1,7.1,3.71,27.8,NORMAL,APPROVED_UPDATED,PHASE_2,1017,NO
APP0717,RZ_RES_HIGH,84.3,20.2,3.08,30.5,NORMAL,APPROVED_UPDATED,PHASE_2,1018,NO
APP0687,RZ_RES_HIGH,261.7,10.3,3.77,29.4,PRIORITY,APPROVED_UPDATED,PHASE_2,1019,YES
APP0672,RZ_RES_HIGH,131.4,23.0,2.23,29.2,NORMAL,APPROVED_UPDATED,PHASE_2,1020,NO
APP0666,RZ_RES_HIGH,379.1,12.5,3.35,29.2,NORMAL,APPROVED_UPDATED,PHASE_2,1021,NO
APP0665,RZ_RES_HIGH,380.8,18.4,3.61,18.8,PRIORITY,APPROVED_UPDATED,PHASE_2,1022,YES
APP0656,RZ_RES_HIGH,215.0,16.5,3.47,29.1,NORMAL,APPROVED_UPDATED,PHASE_2,1023,NO
APP0622,RZ_RES_HIGH,318.7,6.1,1.43,29.2,PRIORITY,APPROVED_UPDATED,PHASE_2,1024,YES
APP0617,RZ_RES_HIGH,301.8,21.9,1.52,30.8,NORMAL,APPROVED_UPDATED,PHASE_2,1025,NO
APP0601,RZ_RES_HIGH,212.4,10.1,3.7,21.7,PRIORITY,APPROVED_UPDATED,PHASE_2,1026,YES
APP0600,RZ_RES_HIGH,212.9,16.8,1.54,29.2,NORMAL,APPROVED_UPDATED,PHASE_2,1027,NO
APP0579,RZ_RES_HIGH,326.5,19.3,3.61,17.0,PRIORITY,APPROVED_UPDATED,PHASE_2,1028,YES
APP0570,RZ_RES_HIGH,248.2,18.8,2.57,29.2,NORMAL,APPROVED_UPDATED,PHASE_2,1029,NO
APP0550,RZ_RES_HIGH,107.7,12.2,3.68,17.9,NORMAL,APPROVED_UPDATED,PHASE_2,1030,NO
APP0539,RZ_RES_HIGH,234.6,22.4,3.91,14.4,NORMAL,APPROVED_UPDATED,PHASE_2,1031,NO
APP0538,RZ_RES_HIGH,203.6,14.0,3.49,28.3,NORMAL,APPROVED_UPDATED,PHASE_2,1032,NO
APP0514,RZ_RES_HIGH,256.5,14.5,3.64,28.0,NORMAL,APPROVED_UPDATED,PHASE_2,1033,NO
APP0513,RZ_RES_HIGH,346.9,19.9,2.56,31.4,NORMAL,APPROVED_UPDATED,PHASE_2,1034,NO
APP0470,RZ_RES_HIGH,316.2,10.8,3.38,29.8,PRIORITY,APPROVED_UPDATED,PHASE_2,1035,YES
APP0467,RZ_RES_HIGH,260.9,20.1,2.82,30.4,NORMAL,APPROVED_UPDATED,PHASE_2,1036,NO
APP0456,RZ_RES_HIGH,226.5,22.5,1.36,30.5,NORMAL,APPROVED_UPDATED,PHASE_2,1037,NO
APP0442,RZ_RES_HIGH,161.3,8.8,3.93,13.9,PRIORITY,APPROVED_UPDATED,PHASE_2,1038,YES
APP0437,RZ_RES_HIGH,375.4,14.5,3.95,10.3,NORMAL,APPROVED_UPDATED,PHASE_2,1039,NO
APP0412,RZ_RES_HIGH,260.6,23.5,1.11,28.7,NORMAL,APPROVED_UPDATED,PHASE_2,1040,NO
APP0397,RZ_RES_HIGH,145.1,12.2,1.6,28.1,NORMAL,APPROVED_UPDATED,PHASE_2,1041,NO
APP0396,RZ_RES_HIGH,307.2,22.4,3.68,21.5,NORMAL,APPROVED_UPDATED,PHASE_2,1042,NO
APP0336,RZ_RES_HIGH,233.0,24.0,1.75,30.5,NORMAL,APPROVED_UPDATED,PHASE_2,1043,NO
APP0330,RZ_RES_HIGH,261.8,15.8,3.51,11.1,NORMAL,APPROVED_UPDATED,PHASE_2,1044,NO
APP0324,RZ_RES_HIGH,190.1,13.6,1.76,30.6,NORMAL,APPROVED_UPDATED,PHASE_2,1045,NO
APP0309,RZ_RES_HIGH,207.7,10.7,2.43,29.2,NORMAL,APPROVED_UPDATED,PHASE_2,1046,NO
APP0306,RZ_RES_HIGH,352.0,23.4,3.52,26.8,NORMAL,APPROVED_UPDATED,PHASE_2,1047,NO
APP0291,RZ_RES_HIGH,60.6,16.6,3.92,23.0,NORMAL,APPROVED_UPDATED,PHASE_2,1048,NO
APP0288,RZ_RES_HIGH,68.9,9.1,1.17,28.2,NORMAL,APPROVED_UPDATED,PHASE_2,1049,NO
APP0255,RZ_RES_HIGH,329.0,16.8,3.62,10.5,PRIORITY,APPROVED_UPDATED,PHASE_2,1050,YES
APP0229,RZ_RES_HIGH,354.9,21.4,3.51,27.9,NORMAL,APPROVED_UPDATED,PHASE_2,1051,NO
APP0193,RZ_RES_HIGH,74.1,15.9,2.74,31.6,NORMAL,APPROVED_UPDATED,PHASE_2,1052,NO
APP0192,RZ_RES_HIGH,212.8,15.6,2.03,31.5,NORMAL,APPROVED_UPDATED,PHASE_2,1053,NO
APP0185,RZ_RES_HIGH,381.2,6.0,2.28,31.1,NORMAL,APPROVED_UPDATED,PHASE_2,1054,NO
APP0181,RZ_RES_HIGH,274.4,22.2,3.68,18.0,NORMAL,APPROVED_UPDATED,PHASE_2,1055,NO
APP0166,RZ_RES_HIGH,112.4,15.0,3.7,31.9,PRIORITY,APPROVED_UPDATED,PHASE_2,1056,YES
APP0154,RZ_RES_HIGH,290.5,16.5,2.1,31.0,PRIORITY,APPROVED_UPDATED,PHASE_2,1057,YES
APP0152,RZ_RES_HIGH,335.6,9.5,3.53,23.8,NORMAL,APPROVED_UPDATED,PHASE_2,1058,NO
APP0150,RZ_RES_HIGH,163.7,11.9,3.01,31.8,NORMAL,APPROVED_UPDATED,PHASE_2,1059,NO
APP0149,RZ_RES_HIGH,147.2,12.9,3.52,21.5,NORMAL,APPROVED_UPDATED,PHASE_2,1060,NO
APP0134,RZ_RES_HIGH,320.8,14.5,3.8,28.3,NORMAL,APPROVED_UPDATED,PHASE_2,1061,NO
APP0129,RZ_RES_HIGH,368.4,15.5,3.6,18.8,NORMAL,APPROVED_UPDATED,PHASE_2,1062,NO
APP0112,RZ_RES_HIGH,135.0,9.7,3.79,20.5,NORMAL,APPROVED_UPDATED,PHASE_2,1063,NO
APP0107,RZ_RES_HIGH,373.0,6.9,3.8,27.2,NORMAL,APPROVED_UPDATED,PHASE_2,1064,NO
APP0097,RZ_RES_HIGH,233.9,6.7,3.75,10.8,NORMAL,APPROVED_UPDATED,PHASE_2,1065,NO
APP0093,RZ_RES_HIGH,182.6,20.6,1.62,30.2,NORMAL,APPROVED_UPDATED,PHASE_2,1066,NO
APP0085,RZ_RES_HIGH,300.6,10.8,3.93,17.8,NORMAL,APPROVED_UPDATED,PHASE_2,1067,NO
APP0076,RZ_RES_HIGH,66.3,20.3,3.19,28.7,NORMAL,APPROVED_UPDATED,PHASE_2,1068,NO
APP0074,RZ_RES_HIGH,279.5,12.2,3.7,11.4,NORMAL,APPROVED_UPDATED,PHASE_2,1069,NO
APP0053,RZ_RES_HIGH,246.2,19.7,4.0,30.1,NORMAL,APPROVED_UPDATED,PHASE_2,1070,NO
APP0045,RZ_RES_HIGH,318.6,7.8,2.52,31.4,NORMAL,APPROVED_UPDATED,PHASE_2,1071,NO
APP0036,RZ_RES_HIGH,361.2,9.4,2.34,31.8,PRIORITY,APPROVED_UPDATED,PHASE_2,1072,YES
APP0011,RZ_RES_HIGH,190.4,11.0,3.98,15.4,NORMAL,APPROVED_UPDATED,PHASE_2,1073,NO
APP0006,RZ_RES_HIGH,303.5,13.4,2.76,28.3,NORMAL,APPROVED_UPDATED,PHASE_2,1074,NO
