Segment_ID,Band_Type,Zone,Length_km,Width_m,Area_ha,Carbon_tCO2_per_year
0,Forest,Zone-1,3.38,24.5,8.28,104.95
1,Plantation,Zone-2,1.50,152.6,22.89,315.82
2,Wetland,Zone-3,4.51,35.6,16.06,109.16
3,Forest,Zone-4,0.63,59.4,3.74,62.05
4,Plantation,Zone-5,0.62,55.8,3.46,46.53
5,Wetland,Zone-1,2.95,59.7,17.61,146.22
6,Forest,Zone-2,4.14,21.2,8.78,190.52
7,Plantation,Zone-3,3.64,81.2,29.56,207.55
8,Wetland,Zone-4,4.81,80.6,38.77,148.67
9,Forest,Zone-5,0.94,172.5,16.21,296.05
10,Plantation,Zone-1,4.13,151.4,62.53,748.54
11,Wetland,Zone-2,4.88,88.1,42.99,342.56
12,Forest,Zone-3,4.23,131.3,55.54,1257.93
13,Plantation,Zone-4,3.10,146.8,45.51,254.66
14,Wetland,Zone-5,1.53,72.1,11.03,41.01
15,Forest,Zone-1,1.55,38.2,5.92,75.34
16,Plantation,Zone-2,3.36,85.7,28.80,282.60
17,Wetland,Zone-3,1.44,68.1,9.81,112.13
18,Forest,Zone-4,3.42,129.6,44.32,483.50
19,Plantation,Zone-5,3.78,49.4,18.67,185.45
20,Wetland,Zone-1,4.95,135.2,66.92,536.20
21,Forest,Zone-2,3.58,171.7,61.47,1302.67
22,Plantation,Zone-3,1.53,25.8,3.95,35.95
23,Wetland,Zone-4,1.70,58.0,9.86,113.25
24,Forest,Zone-5,4.44,76.6,34.01,651.03
25,Plantation,Zone-1,2.28,184.6,42.09,461.52
26,Wetland,Zone-2,1.69,64.4,10.88,87.61
27,Forest,Zone-3,1.68,125.2,21.03,489.22
28,Plantation,Zone-4,2.30,59.5,13.69,245.98
29,Wetland,Zone-5,2.79,36.4,10.16,34.79
30,Forest,Zone-1,0.99,132.9,13.16,282.48
31,Plantation,Zone-2,2.40,31.4,7.54,75.11
32,Wetland,Zone-3,4.98,115.2,57.37,673.51
33,Forest,Zone-4,4.37,22.1,9.66,195.64
34,Plantation,Zone-5,3.57,116.7,41.66,352.81
35,Wetland,Zone-1,3.38,40.1,13.55,93.67
36,Forest,Zone-2,2.54,191.7,48.69,1114.49
37,Plantation,Zone-3,1.69,110.1,18.61,136.27
38,Wetland,Zone-4,4.61,176.7,81.46,463.18
39,Forest,Zone-5,3.38,129.6,43.80,464.20
40,Plantation,Zone-1,3.93,117.1,46.02,695.92
41,Wetland,Zone-2,2.89,20.1,5.81,34.38
42,Forest,Zone-3,0.59,187.2,11.04,253.24
43,Plantation,Zone-4,4.24,75.4,31.97,183.92
44,Wetland,Zone-5,4.45,190.5,84.77,319.66
45,Forest,Zone-1,2.69,32.5,8.74,182.93
46,Plantation,Zone-2,3.95,43.1,17.02,190.26
47,Wetland,Zone-3,2.97,67.7,20.11,218.23
48,Forest,Zone-4,2.40,58.1,13.94,239.32
49,Plantation,Zone-5,3.78,56.2,21.24,192.27
50,Wetland,Zone-1,4.98,137.0,68.23,473.71
51,Forest,Zone-2,2.83,41.8,11.83,139.83
52,Plantation,Zone-3,2.02,125.9,25.43,203.22
53,Wetland,Zone-4,1.49,32.8,4.89,42.44
54,Forest,Zone-5,1.53,183.0,28.00,633.19
55,Plantation,Zone-1,0.82,62.8,5.15,70.54
56,Wetland,Zone-2,1.46,43.8,6.39,72.97
57,Forest,Zone-3,3.07,105.1,32.27,688.59
58,Plantation,Zone-4,4.13,54.3,22.43,140.41
59,Wetland,Zone-5,2.44,96.2,23.47,169.06
60,Forest,Zone-1,3.78,141.2,53.37,1319.88
61,Plantation,Zone-2,0.94,92.5,8.70,81.88
62,Wetland,Zone-3,4.38,64.8,28.38,133.72
63,Forest,Zone-4,2.52,95.9,24.17,307.81
64,Plantation,Zone-5,1.62,186.2,30.16,324.54
65,Wetland,Zone-1,4.38,119.1,52.17,180.26
66,Forest,Zone-2,5.00,170.5,85.25,2086.32
67,Plantation,Zone-3,4.67,172.8,80.70,577.98
68,Wetland,Zone-4,2.69,58.5,15.74,104.03
69,Forest,Zone-5,0.76,88.2,6.70,165.83
70,Plantation,Zone-1,1.69,161.1,27.23,297.22
71,Wetland,Zone-2,2.40,192.3,46.15,551.90
72,Forest,Zone-3,3.00,149.3,44.79,476.19
73,Plantation,Zone-4,1.84,194.4,35.77,448.17
74,Wetland,Zone-5,2.94,154.6,45.45,159.73
75,Forest,Zone-1,3.13,110.5,34.59,778.14
76,Plantation,Zone-2,1.21,192.9,23.34,141.01
77,Wetland,Zone-3,1.34,127.1,17.03,154.58
78,Forest,Zone-4,1.56,41.6,6.49,150.15
79,Plantation,Zone-5,1.61,127.0,20.45,266.91
80,Wetland,Zone-1,2.39,125.1,29.90,230.38
81,Forest,Zone-2,4.71,56.8,26.75,539.69
82,Plantation,Zone-3,1.57,91.2,14.32,196.64
83,Wetland,Zone-4,1.85,76.9,14.23,138.98
84,Forest,Zone-5,0.83,102.5,8.51,212.53
85,Plantation,Zone-1,4.98,33.2,16.53,128.45
86,Wetland,Zone-2,1.69,188.0,31.77,347.18
87,Forest,Zone-3,4.46,86.5,38.58,412.10
88,Plantation,Zone-4,4.25,146.6,62.30,806.90
89,Wetland,Zone-5,4.94,137.7,68.02,208.85
90,Forest,Zone-1,4.18,73.9,30.89,595.49
91,Plantation,Zone-2,4.73,44.2,20.91,135.93
92,Wetland,Zone-3,0.98,119.6,11.72,63.89
93,Forest,Zone-4,3.22,149.2,48.04,550.59
94,Plantation,Zone-5,3.35,67.5,22.61,256.64
95,Wetland,Zone-1,4.57,172.3,78.74,301.63
96,Forest,Zone-2,2.41,69.8,16.82,135.57
97,Plantation,Zone-3,3.97,134.7,53.48,449.52
98,Wetland,Zone-4,3.84,119.3,45.81,313.76
99,Forest,Zone-5,0.54,33.5,1.81,41.65
100,Plantation,Zone-1,4.57,118.2,54.02,856.20
101,Wetland,Zone-2,3.12,46.7,14.57,60.42
102,Forest,Zone-3,1.89,181.8,34.36,739.91
103,Plantation,Zone-4,4.37,181.8,79.45,614.23
104,Wetland,Zone-5,1.62,38.5,6.24,62.53
105,Forest,Zone-1,4.48,93.1,41.71,773.77
106,Plantation,Zone-2,1.20,187.4,22.49,365.23
107,Wetland,Zone-3,4.89,165.9,81.13,886.97
108,Forest,Zone-4,0.61,152.6,9.31,127.05
109,Plantation,Zone-5,4.69,164.4,77.10,1251.55
110,Wetland,Zone-1,4.15,68.0,28.22,284.64
111,Forest,Zone-2,0.99,177.0,17.52,395.88
112,Plantation,Zone-3,1.50,167.0,25.05,275.15
113,Wetland,Zone-4,1.87,163.2,30.52,154.08
114,Forest,Zone-5,0.61,54.8,3.34,45.36
115,Plantation,Zone-1,4.39,194.0,85.17,734.90
116,Wetland,Zone-2,3.39,91.9,31.15,368.52
117,Forest,Zone-3,2.91,189.1,55.03,548.14
118,Plantation,Zone-4,4.87,52.1,25.37,444.30
119,Wetland,Zone-5,1.69,39.5,6.68,46.17
120,Forest,Zone-1,3.78,76.5,28.92,529.40
121,Plantation,Zone-2,2.80,89.3,25.00,312.39
122,Wetland,Zone-3,1.65,147.6,24.35,73.42
123,Forest,Zone-4,4.67,116.9,54.59,1104.37
124,Plantation,Zone-5,3.84,140.7,54.03,525.98
125,Wetland,Zone-1,0.81,139.6,11.31,67.54
126,Forest,Zone-2,1.91,172.6,32.97,667.18
127,Plantation,Zone-3,1.85,75.7,14.00,144.33
128,Wetland,Zone-4,2.31,73.2,16.91,70.10
129,Forest,Zone-5,2.39,189.3,45.24,882.83
130,Plantation,Zone-1,4.56,130.8,59.64,531.53
131,Wetland,Zone-2,2.97,20.1,5.97,33.33
132,Forest,Zone-3,2.43,124.4,30.23,578.30
133,Plantation,Zone-4,2.59,99.6,25.80,200.68
134,Wetland,Zone-5,2.63,182.2,47.92,487.07
135,Forest,Zone-1,1.26,35.3,4.45,74.59
136,Plantation,Zone-2,3.35,80.3,26.90,420.70
137,Wetland,Zone-3,3.88,141.1,54.75,274.94
138,Forest,Zone-4,1.40,24.4,3.42,41.60
139,Plantation,Zone-5,2.64,173.0,45.67,271.59
140,Wetland,Zone-1,2.36,133.4,31.48,149.53
141,Forest,Zone-2,3.63,109.0,39.57,480.69
142,Plantation,Zone-3,3.45,21.0,7.25,107.03
143,Wetland,Zone-4,3.97,39.2,15.56,106.22
144,Forest,Zone-5,1.29,192.4,24.82,417.11
145,Plantation,Zone-1,0.73,64.9,4.74,75.97
146,Wetland,Zone-2,2.55,164.3,41.90,377.44
147,Forest,Zone-3,4.95,127.2,62.96,1520.53
148,Plantation,Zone-4,4.51,130.3,58.77,843.38
149,Wetland,Zone-5,2.77,169.5,46.95,372.35
150,Forest,Zone-1,4.54,153.9,69.87,1122.77
151,Plantation,Zone-2,1.67,64.5,10.77,143.13
152,Wetland,Zone-3,3.95,113.8,44.95,388.40
153,Forest,Zone-4,1.74,33.9,5.90,75.86
154,Plantation,Zone-5,1.72,77.5,13.33,160.25
155,Wetland,Zone-1,1.12,61.6,6.90,63.79
156,Forest,Zone-2,3.68,31.6,11.63,173.63
157,Plantation,Zone-3,2.94,94.8,27.87,214.29
158,Wetland,Zone-4,2.39,182.9,43.71,360.90
159,Forest,Zone-5,3.63,174.2,63.23,1328.79
160,Plantation,Zone-1,2.21,21.1,4.66,44.61
161,Wetland,Zone-2,3.89,173.6,67.53,782.06
162,Forest,Zone-3,2.39,154.6,36.95,638.65
163,Plantation,Zone-4,3.21,59.7,19.16,150.45
164,Wetland,Zone-5,2.46,25.2,6.20,37.36
165,Forest,Zone-1,3.56,92.8,33.04,357.02
166,Plantation,Zone-2,2.60,43.0,11.18,146.34
167,Wetland,Zone-3,0.62,90.9,5.64,45.57
168,Forest,Zone-4,0.62,135.7,8.41,86.68
169,Plantation,Zone-5,2.58,29.1,7.51,74.56
170,Wetland,Zone-1,1.45,78.8,11.43,112.60
171,Forest,Zone-2,2.21,155.4,34.34,760.38
172,Plantation,Zone-3,1.64,34.7,5.69,29.88
173,Wetland,Zone-4,2.93,200.0,58.60,360.37
174,Forest,Zone-5,3.43,160.6,55.09,1051.11
175,Plantation,Zone-1,3.89,190.9,74.26,563.76
176,Wetland,Zone-2,0.59,47.4,2.80,11.58
177,Forest,Zone-3,3.51,121.5,42.65,499.24
178,Plantation,Zone-4,3.65,158.0,57.67,414.14
179,Wetland,Zone-5,3.23,154.6,49.94,201.30
180,Forest,Zone-1,4.19,193.6,81.12,798.03
181,Plantation,Zone-2,0.62,76.2,4.72,65.16
182,Wetland,Zone-3,4.81,91.4,43.96,414.77
183,Forest,Zone-4,0.84,144.3,12.12,226.20
184,Plantation,Zone-5,0.96,159.0,15.26,244.98
185,Wetland,Zone-1,3.20,41.8,13.38,158.61
186,Forest,Zone-2,4.02,82.5,33.16,506.77
187,Plantation,Zone-3,2.17,111.1,24.11,227.50
188,Wetland,Zone-4,4.32,168.0,72.58,286.68
189,Forest,Zone-5,4.82,134.4,64.78,1430.86
190,Plantation,Zone-1,3.68,98.4,36.21,526.47
191,Wetland,Zone-2,4.84,68.6,33.20,341.09
192,Forest,Zone-3,2.92,107.0,31.24,481.24
193,Plantation,Zone-4,3.79,68.3,25.89,416.11
194,Wetland,Zone-5,4.24,35.6,15.09,165.00
195,Forest,Zone-1,1.60,103.6,16.58,304.67
196,Plantation,Zone-2,2.21,25.2,5.57,89.47
197,Wetland,Zone-3,1.32,58.2,7.68,78.19
198,Forest,Zone-4,2.03,178.5,36.24,721.91
199,Plantation,Zone-5,1.74,21.8,3.79,65.66
200,Wetland,Zone-1,0.89,149.6,13.31,98.46
201,Forest,Zone-2,3.91,144.3,56.42,1070.87
202,Plantation,Zone-3,2.71,162.7,44.09,273.79
203,Wetland,Zone-4,1.50,144.5,21.68,124.79
204,Forest,Zone-5,3.12,105.2,32.82,558.78
205,Plantation,Zone-1,2.41,154.3,37.19,345.88
206,Wetland,Zone-2,3.66,68.8,25.18,132.51
207,Forest,Zone-3,1.04,54.7,5.69,57.08
208,Plantation,Zone-4,2.91,157.2,45.75,338.87
209,Wetland,Zone-5,1.47,107.2,15.76,150.06
210,Forest,Zone-1,4.89,114.4,55.94,716.65
211,Plantation,Zone-2,0.95,54.9,5.22,41.54
212,Wetland,Zone-3,1.31,22.5,2.95,23.03
213,Forest,Zone-4,1.73,195.4,33.80,588.36
214,Plantation,Zone-5,3.64,42.7,15.54,253.15
215,Wetland,Zone-1,2.71,177.1,47.99,391.91
216,Forest,Zone-2,2.61,99.3,25.92,288.60
217,Plantation,Zone-3,0.73,189.4,13.83,155.04
218,Wetland,Zone-4,4.20,92.1,38.68,141.83
219,Forest,Zone-5,3.33,29.6,9.86,103.89
220,Plantation,Zone-1,3.03,74.7,22.63,405.55
221,Wetland,Zone-2,1.03,157.6,16.23,137.25
222,Forest,Zone-3,4.06,60.6,24.60,415.34
223,Plantation,Zone-4,2.53,99.7,25.22,408.11
224,Wetland,Zone-5,4.96,75.0,37.20,319.52
225,Forest,Zone-1,3.24,153.2,49.64,1196.77
226,Plantation,Zone-2,1.44,58.0,8.35,113.44
227,Wetland,Zone-3,1.21,51.3,6.21,22.83
228,Forest,Zone-4,0.51,101.1,5.16,93.37
229,Plantation,Zone-5,1.81,61.7,11.17,158.51
230,Wetland,Zone-1,3.66,101.7,37.22,341.92
231,Forest,Zone-2,4.66,161.8,75.40,1404.40
232,Plantation,Zone-3,3.48,188.1,65.46,689.08
233,Wetland,Zone-4,2.95,136.6,40.30,450.38
234,Forest,Zone-5,4.22,32.9,13.88,150.19
235,Plantation,Zone-1,1.88,154.8,29.10,360.83
236,Wetland,Zone-2,1.80,42.4,7.63,70.18
237,Forest,Zone-3,3.65,189.7,69.24,1143.02
238,Plantation,Zone-4,2.72,34.5,9.38,51.76
239,Wetland,Zone-5,2.44,78.0,19.03,99.97
240,Forest,Zone-1,0.91,193.1,17.57,390.25
241,Plantation,Zone-2,3.09,191.1,59.05,1062.57
242,Wetland,Zone-3,3.53,68.5,24.18,81.30
243,Forest,Zone-4,3.90,104.7,40.83,778.86
244,Plantation,Zone-5,4.62,52.7,24.35,307.04
245,Wetland,Zone-1,3.36,108.5,36.46,139.32
246,Forest,Zone-2,2.07,80.0,16.56,321.14
247,Plantation,Zone-3,4.36,79.4,34.62,485.29
248,Wetland,Zone-4,1.80,190.1,34.22,353.22
249,Forest,Zone-5,2.98,101.9,30.37,405.34
250,Plantation,Zone-1,1.95,194.6,37.95,389.15
251,Wetland,Zone-2,2.82,197.9,55.81,497.77
252,Forest,Zone-3,2.94,94.4,27.75,310.49
253,Plantation,Zone-4,2.13,156.2,33.27,436.85
254,Wetland,Zone-5,3.92,56.6,22.19,176.25
255,Forest,Zone-1,4.67,98.9,46.19,917.81
256,Plantation,Zone-2,1.05,195.2,20.50,264.76
257,Wetland,Zone-3,1.58,48.5,7.66,60.95
258,Forest,Zone-4,2.99,36.8,11.00,273.55
259,Plantation,Zone-5,4.61,103.1,47.53,310.23
260,Wetland,Zone-1,4.24,109.7,46.51,439.49
261,Forest,Zone-2,2.79,69.2,19.31,428.49
262,Plantation,Zone-3,4.91,63.9,31.37,381.66
263,Wetland,Zone-4,2.23,185.9,41.46,314.03
264,Forest,Zone-5,4.46,175.5,78.27,993.73
265,Plantation,Zone-1,4.06,94.7,38.45,659.23
266,Wetland,Zone-2,2.78,167.7,46.62,258.53
267,Forest,Zone-3,1.84,125.6,23.11,577.32
268,Plantation,Zone-4,2.70,46.7,12.61,151.34
269,Wetland,Zone-5,2.05,119.3,24.46,193.01
270,Forest,Zone-1,2.55,77.9,19.86,222.57
271,Plantation,Zone-2,3.64,122.9,44.74,359.54
272,Wetland,Zone-3,3.99,27.9,11.13,107.99
273,Forest,Zone-4,3.67,166.1,60.96,887.78
274,Plantation,Zone-5,3.49,167.7,58.53,1038.94
275,Wetland,Zone-1,2.73,26.7,7.29,54.83
276,Forest,Zone-2,3.16,176.5,55.77,1274.97
277,Plantation,Zone-3,2.48,114.7,28.45,311.24
278,Wetland,Zone-4,3.75,93.8,35.17,312.77
279,Forest,Zone-5,1.19,104.5,12.44,304.49
280,Plantation,Zone-1,2.02,144.7,29.23,393.08
281,Wetland,Zone-2,4.33,173.4,75.08,805.91
282,Forest,Zone-3,2.21,77.0,17.02,344.11
283,Plantation,Zone-4,3.92,177.0,69.38,379.28
284,Wetland,Zone-5,0.81,133.6,10.82,122.14
285,Forest,Zone-1,4.99,154.4,77.05,1184.84
286,Plantation,Zone-2,0.94,134.1,12.61,206.09
287,Wetland,Zone-3,2.50,144.9,36.23,403.27
288,Forest,Zone-4,0.71,163.3,11.59,150.52
289,Plantation,Zone-5,2.19,46.2,10.12,120.48
290,Wetland,Zone-1,3.05,162.7,49.62,224.77
291,Forest,Zone-2,0.86,176.8,15.20,281.73
292,Plantation,Zone-3,1.58,184.3,29.12,199.78
293,Wetland,Zone-4,2.58,65.7,16.95,89.80
294,Forest,Zone-5,0.54,164.8,8.90,207.55
295,Plantation,Zone-1,3.55,48.4,17.18,184.56
296,Wetland,Zone-2,2.06,125.8,25.91,226.72
297,Forest,Zone-3,2.41,65.0,15.66,350.32
298,Plantation,Zone-4,1.40,89.2,12.49,140.91
299,Wetland,Zone-5,1.57,122.9,19.30,157.74
300,Forest,Zone-1,4.97,73.1,36.33,894.63
301,Plantation,Zone-2,3.46,69.4,24.01,296.69
302,Wetland,Zone-3,3.59,154.0,55.29,190.27
303,Forest,Zone-4,3.23,109.4,35.34,825.92
304,Plantation,Zone-5,1.79,163.8,29.32,377.99
305,Wetland,Zone-1,2.09,134.6,28.13,241.58
306,Forest,Zone-2,3.55,149.8,53.18,1021.38
307,Plantation,Zone-3,4.27,133.1,56.83,951.58
308,Wetland,Zone-4,3.41,75.6,25.78,179.62
309,Forest,Zone-5,3.11,151.8,47.21,450.02
310,Plantation,Zone-1,1.83,154.5,28.27,205.90
311,Wetland,Zone-2,1.09,117.1,12.76,149.85
312,Forest,Zone-3,2.89,184.4,53.29,1178.67
313,Plantation,Zone-4,1.66,168.4,27.95,314.83
314,Wetland,Zone-5,4.13,154.4,63.77,385.71
315,Forest,Zone-1,1.02,193.3,19.72,204.95
316,Plantation,Zone-2,4.85,174.8,84.78,1222.09
317,Wetland,Zone-3,4.91,194.1,95.30,975.99
318,Forest,Zone-4,2.15,162.3,34.89,287.38
319,Plantation,Zone-5,2.91,101.9,29.65,407.59
320,Wetland,Zone-1,3.53,125.2,44.20,459.76
321,Forest,Zone-2,4.73,39.5,18.68,223.69
322,Plantation,Zone-3,0.61,179.2,10.93,134.42
323,Wetland,Zone-4,4.62,59.8,27.63,98.61
324,Forest,Zone-5,4.21,183.7,77.34,1016.03
325,Plantation,Zone-1,2.34,45.2,10.58,183.05
326,Wetland,Zone-2,1.87,108.7,20.33,78.77
327,Forest,Zone-3,4.49,44.4,19.94,313.30
328,Plantation,Zone-4,3.52,153.8,54.14,936.50
329,Wetland,Zone-5,2.39,153.6,36.71,161.18
330,Forest,Zone-1,2.37,37.8,8.96,146.22
331,Plantation,Zone-2,2.34,191.3,44.76,242.84
332,Wetland,Zone-3,2.17,99.8,21.66,250.28
333,Forest,Zone-4,4.35,37.9,16.49,324.14
334,Plantation,Zone-5,2.95,196.0,57.82,558.70
335,Wetland,Zone-1,2.29,54.2,12.41,50.87
336,Forest,Zone-2,4.32,101.8,43.98,847.37
337,Plantation,Zone-3,3.39,127.5,43.22,228.10
338,Wetland,Zone-4,4.04,63.8,25.78,106.56
339,Forest,Zone-5,3.04,32.3,9.82,206.30
340,Plantation,Zone-1,1.43,58.9,8.42,137.30
341,Wetland,Zone-2,1.98,46.6,9.23,102.50
342,Forest,Zone-3,0.51,174.5,8.90,93.09
343,Plantation,Zone-4,1.08,65.1,7.03,51.10
344,Wetland,Zone-5,3.47,24.6,8.54,26.76
345,Forest,Zone-1,4.05,62.8,25.43,343.41
346,Plantation,Zone-2,1.28,29.4,3.76,55.06
347,Wetland,Zone-3,2.87,154.2,44.26,322.49
348,Forest,Zone-4,4.00,112.4,44.96,443.03
349,Plantation,Zone-5,2.77,190.2,52.69,293.15
350,Wetland,Zone-1,4.02,176.1,70.79,544.59
351,Forest,Zone-2,2.56,193.5,49.54,447.55
352,Plantation,Zone-3,2.66,92.3,24.55,341.72
353,Wetland,Zone-4,2.71,183.7,49.78,182.27
354,Forest,Zone-5,0.86,129.5,11.14,101.56
355,Plantation,Zone-1,1.74,134.0,23.32,282.84
356,Wetland,Zone-2,1.96,199.0,39.00,303.23
357,Forest,Zone-3,2.54,129.0,32.77,317.41
358,Plantation,Zone-4,3.66,173.5,63.50,854.83
359,Wetland,Zone-5,3.96,149.8,59.32,292.76
360,Forest,Zone-1,2.53,61.1,15.46,212.76
361,Plantation,Zone-2,2.54,94.9,24.10,150.29
362,Wetland,Zone-3,2.42,139.7,33.81,215.33
363,Forest,Zone-4,1.19,186.1,22.15,202.48
364,Plantation,Zone-5,4.24,36.8,15.60,97.58
365,Wetland,Zone-1,3.82,166.1,63.45,508.07
366,Forest,Zone-2,3.14,121.1,38.03,517.36
367,Plantation,Zone-3,1.05,83.6,8.78,119.84
368,Wetland,Zone-4,3.88,176.3,68.40,649.08
369,Forest,Zone-5,4.86,128.1,62.26,870.27
370,Plantation,Zone-1,3.10,58.3,18.07,244.62
371,Wetland,Zone-2,1.51,39.5,5.96,63.23
372,Forest,Zone-3,2.15,157.3,33.82,600.63
373,Plantation,Zone-4,4.13,172.1,71.08,1255.92
374,Wetland,Zone-5,4.18,130.4,54.51,478.83
375,Forest,Zone-1,0.62,187.2,11.61,256.59
376,Plantation,Zone-2,1.70,52.5,8.93,126.23
377,Wetland,Zone-3,1.89,81.2,15.35,46.89
378,Forest,Zone-4,4.41,121.9,53.76,796.36
379,Plantation,Zone-5,1.14,134.0,15.28,82.49
380,Wetland,Zone-1,3.86,58.7,22.66,153.60
381,Forest,Zone-2,2.03,86.6,17.58,356.30
382,Plantation,Zone-3,4.00,122.2,48.88,298.39
383,Wetland,Zone-4,0.74,48.3,3.57,30.56
384,Forest,Zone-5,3.53,69.0,24.36,469.00
385,Plantation,Zone-1,2.69,99.6,26.79,229.09
386,Wetland,Zone-2,3.90,40.5,15.79,108.47
387,Forest,Zone-3,1.77,142.1,25.15,409.26
388,Plantation,Zone-4,3.50,28.2,9.87,100.07
389,Wetland,Zone-5,3.20,21.4,6.85,39.13
390,Forest,Zone-1,1.45,44.7,6.48,79.99
391,Plantation,Zone-2,1.98,21.4,4.24,62.38
392,Wetland,Zone-3,1.29,88.4,11.40,106.40
393,Forest,Zone-4,2.75,170.0,46.75,1014.73
394,Plantation,Zone-5,0.82,175.1,14.36,79.70
395,Wetland,Zone-1,0.58,185.8,10.78,115.98
396,Forest,Zone-2,3.09,123.2,38.07,763.74
397,Plantation,Zone-3,2.38,40.7,9.69,51.08
398,Wetland,Zone-4,1.96,164.2,32.18,275.56
399,Forest,Zone-5,4.24,185.6,78.69,747.41
400,Plantation,Zone-1,4.30,63.8,27.43,347.14
401,Wetland,Zone-2,2.86,91.2,26.08,151.07
402,Forest,Zone-3,2.03,80.0,16.24,176.34
403,Plantation,Zone-4,2.80,40.5,11.34,131.88
404,Wetland,Zone-5,4.58,82.9,37.97,362.48
405,Forest,Zone-1,4.19,166.7,69.85,839.36
406,Plantation,Zone-2,1.16,55.5,6.44,82.63
407,Wetland,Zone-3,3.92,138.0,54.10,248.55
408,Forest,Zone-4,3.98,108.9,43.34,902.58
409,Plantation,Zone-5,3.92,100.8,39.51,672.22
410,Wetland,Zone-1,3.04,134.4,40.86,352.24
411,Forest,Zone-2,4.39,132.9,58.34,616.44
412,Plantation,Zone-3,0.81,99.6,8.07,72.12
413,Wetland,Zone-4,1.74,30.1,5.24,39.65
414,Forest,Zone-5,1.90,101.3,19.25,172.62
415,Plantation,Zone-1,4.24,33.8,14.33,232.65
416,Wetland,Zone-2,4.35,130.7,56.85,429.99
417,Forest,Zone-3,2.58,119.8,30.91,663.36
418,Plantation,Zone-4,4.53,101.0,45.75,710.39
419,Wetland,Zone-5,3.43,77.9,26.72,194.54
420,Forest,Zone-1,1.18,31.1,3.67,35.82
421,Plantation,Zone-2,4.55,81.8,37.22,531.73
422,Wetland,Zone-3,2.77,51.1,14.15,74.00
423,Forest,Zone-4,2.47,99.1,24.48,413.39
424,Plantation,Zone-5,1.21,87.1,10.54,91.46
425,Wetland,Zone-1,2.34,80.9,18.93,158.65
426,Forest,Zone-2,4.05,136.5,55.28,504.18
427,Plantation,Zone-3,0.93,142.1,13.22,114.93
428,Wetland,Zone-4,3.76,138.2,51.96,579.72
429,Forest,Zone-5,4.43,80.0,35.44,634.61
430,Plantation,Zone-1,1.14,83.0,9.46,166.31
431,Wetland,Zone-2,3.64,90.6,32.98,275.56
432,Forest,Zone-3,4.72,75.7,35.73,514.64
433,Plantation,Zone-4,4.06,166.4,67.56,926.35
434,Wetland,Zone-5,4.23,153.0,64.72,593.40
435,Forest,Zone-1,2.87,136.3,39.12,594.54
436,Plantation,Zone-2,2.13,85.3,18.17,133.43
437,Wetland,Zone-3,1.46,190.6,27.83,205.29
438,Forest,Zone-4,1.52,44.8,6.81,63.41
439,Plantation,Zone-5,4.30,38.2,16.43,246.80
440,Wetland,Zone-1,4.26,179.1,76.30,254.82
441,Forest,Zone-2,2.02,157.9,31.90,326.27
442,Plantation,Zone-3,2.20,49.2,10.82,171.04
443,Wetland,Zone-4,3.97,165.6,65.74,295.16
444,Forest,Zone-5,2.47,94.0,23.22,452.75
445,Plantation,Zone-1,1.57,100.0,15.70,136.65
446,Wetland,Zone-2,3.87,100.8,39.01,304.52
447,Forest,Zone-3,1.89,165.6,31.30,499.96
448,Plantation,Zone-4,4.26,86.2,36.72,635.72
449,Wetland,Zone-5,4.93,103.1,50.83,281.39
450,Forest,Zone-1,2.22,114.9,25.51,623.12
451,Plantation,Zone-2,4.18,164.2,68.64,466.70
452,Wetland,Zone-3,1.63,135.4,22.07,239.84
453,Forest,Zone-4,3.00,38.5,11.55,258.49
454,Plantation,Zone-5,4.33,71.3,30.87,460.60
455,Wetland,Zone-1,1.73,183.0,31.66,136.97
456,Forest,Zone-2,2.47,190.4,47.03,553.76
457,Plantation,Zone-3,2.53,82.9,20.97,112.12
458,Wetland,Zone-4,0.74,110.4,8.17,41.85
459,Forest,Zone-5,4.98,87.5,43.58,369.52
460,Plantation,Zone-1,4.69,171.1,80.25,1079.32
461,Wetland,Zone-2,4.06,44.8,18.19,101.54
462,Forest,Zone-3,4.23,145.3,61.46,636.69
463,Plantation,Zone-4,3.67,100.7,36.96,187.32
464,Wetland,Zone-5,0.86,66.1,5.68,59.72
465,Forest,Zone-1,2.97,150.9,44.82,760.69
466,Plantation,Zone-2,1.00,71.9,7.19,64.10
467,Wetland,Zone-3,0.71,95.6,6.79,68.89
468,Forest,Zone-4,2.56,40.0,10.24,239.49
469,Plantation,Zone-5,3.19,23.0,7.34,85.88
470,Wetland,Zone-1,1.59,45.8,7.28,49.96
471,Forest,Zone-2,3.27,63.3,20.70,312.19
472,Plantation,Zone-3,3.49,35.4,12.35,218.23
473,Wetland,Zone-4,0.80,114.7,9.18,69.46
474,Forest,Zone-5,4.95,119.7,59.25,867.28
475,Plantation,Zone-1,2.62,134.4,35.21,625.10
476,Wetland,Zone-2,1.64,22.9,3.76,37.96
477,Forest,Zone-3,2.05,151.9,31.14,581.71
478,Plantation,Zone-4,3.97,152.3,60.46,563.65
479,Wetland,Zone-5,0.70,118.3,8.28,85.46
480,Forest,Zone-1,1.29,160.2,20.67,328.62
481,Plantation,Zone-2,3.63,133.7,48.53,754.62
482,Wetland,Zone-3,0.78,159.7,12.46,88.70
483,Forest,Zone-4,1.82,27.9,5.08,57.87
484,Plantation,Zone-5,0.69,188.0,12.97,151.75
485,Wetland,Zone-1,4.95,117.7,58.26,307.60
486,Forest,Zone-2,3.89,54.4,21.16,297.69
487,Plantation,Zone-3,4.01,175.8,70.50,656.71
488,Wetland,Zone-4,1.06,86.2,9.14,100.59
489,Forest,Zone-5,3.84,181.0,69.50,1012.82
490,Plantation,Zone-1,4.88,109.3,53.34,611.69
491,Wetland,Zone-2,4.66,113.5,52.89,540.02
492,Forest,Zone-3,3.77,34.2,12.89,235.14
493,Plantation,Zone-4,4.20,118.2,49.64,455.48
494,Wetland,Zone-5,0.86,139.0,11.95,68.81
495,Forest,Zone-1,3.21,96.7,31.04,612.30
496,Plantation,Zone-2,2.08,27.6,5.74,93.62
497,Wetland,Zone-3,2.09,199.7,41.74,228.36
498,Forest,Zone-4,4.91,190.6,93.58,868.02
499,Plantation,Zone-5,3.37,85.4,28.78,443.62
500,Wetland,Zone-1,3.56,191.5,68.17,292.11
501,Forest,Zone-2,3.23,160.6,51.87,445.65
502,Plantation,Zone-3,0.80,160.1,12.81,125.05
503,Wetland,Zone-4,2.22,122.1,27.11,228.97
504,Forest,Zone-5,3.56,190.8,67.92,972.90
505,Plantation,Zone-1,3.93,123.3,48.46,575.85
506,Wetland,Zone-2,2.29,136.9,31.35,164.48
507,Forest,Zone-3,1.01,152.4,15.39,253.68
508,Plantation,Zone-4,2.24,121.1,27.13,227.98
509,Wetland,Zone-5,1.67,100.3,16.75,200.45
510,Forest,Zone-1,1.79,185.0,33.12,541.53
511,Plantation,Zone-2,1.05,173.5,18.22,198.17
512,Wetland,Zone-3,4.54,100.1,45.45,172.26
513,Forest,Zone-4,3.57,172.2,61.48,825.86
514,Plantation,Zone-5,2.06,31.7,6.53,78.67
515,Wetland,Zone-1,4.51,173.2,78.11,734.72
516,Forest,Zone-2,4.67,134.8,62.95,1352.97
517,Plantation,Zone-3,2.79,41.8,11.66,88.76
518,Wetland,Zone-4,1.12,162.3,18.18,58.84
519,Forest,Zone-5,2.99,86.4,25.83,559.54
520,Plantation,Zone-1,2.98,130.2,38.80,237.49
521,Wetland,Zone-2,1.89,199.9,37.78,357.77
522,Forest,Zone-3,2.87,158.4,45.46,999.97
523,Plantation,Zone-4,0.83,195.0,16.18,216.01
524,Wetland,Zone-5,2.52,142.4,35.88,218.89
525,Forest,Zone-1,4.45,160.4,71.38,1347.40
526,Plantation,Zone-2,1.32,193.9,25.59,271.87
527,Wetland,Zone-3,4.60,30.0,13.80,56.82
528,Forest,Zone-4,1.19,49.6,5.90,79.56
529,Plantation,Zone-5,3.69,82.3,30.37,523.33
530,Wetland,Zone-1,4.53,172.3,78.05,410.19
531,Forest,Zone-2,3.36,119.2,40.05,405.62
532,Plantation,Zone-3,1.86,116.0,21.58,248.89
533,Wetland,Zone-4,1.26,189.5,23.88,104.78
534,Forest,Zone-5,3.46,149.7,51.80,947.29
535,Plantation,Zone-1,4.29,121.5,52.12,819.75
536,Wetland,Zone-2,0.63,28.2,1.78,15.62
537,Forest,Zone-3,3.10,137.2,42.53,894.76
538,Plantation,Zone-4,2.37,135.0,32.00,367.18
539,Wetland,Zone-5,3.32,72.1,23.94,277.94
540,Forest,Zone-1,2.67,164.8,44.00,864.37
541,Plantation,Zone-2,1.84,33.1,6.09,35.19
542,Wetland,Zone-3,2.48,107.2,26.59,128.59
543,Forest,Zone-4,3.23,76.3,24.64,498.03
544,Plantation,Zone-5,3.80,174.9,66.46,1175.00
545,Wetland,Zone-1,1.09,86.7,9.45,76.12
546,Forest,Zone-2,1.94,104.0,20.18,253.20
547,Plantation,Zone-3,1.62,37.4,6.06,53.16
548,Wetland,Zone-4,2.23,130.8,29.17,152.69
549,Forest,Zone-5,4.39,48.7,21.38,290.05
550,Plantation,Zone-1,3.10,76.3,23.65,352.87
551,Wetland,Zone-2,2.74,112.7,30.88,231.26
552,Forest,Zone-3,1.89,24.2,4.57,110.00
553,Plantation,Zone-4,2.77,194.0,53.74,419.00
554,Wetland,Zone-5,2.09,29.1,6.08,45.32
555,Forest,Zone-1,4.47,137.8,61.60,985.60
556,Plantation,Zone-2,2.92,172.5,50.37,534.03
557,Wetland,Zone-3,4.47,151.0,67.50,666.54
558,Forest,Zone-4,2.15,92.1,19.80,350.36
559,Plantation,Zone-5,1.38,119.6,16.50,98.27
560,Wetland,Zone-1,2.77,157.6,43.66,240.89
561,Forest,Zone-2,4.95,142.5,70.54,706.80
562,Plantation,Zone-3,4.89,90.9,44.45,681.58
563,Wetland,Zone-4,2.03,189.0,38.37,375.82
564,Forest,Zone-5,1.40,111.6,15.62,257.75
565,Plantation,Zone-1,0.70,44.7,3.13,29.20
566,Wetland,Zone-2,2.63,102.3,26.90,227.48
567,Forest,Zone-3,2.82,79.0,22.28,410.45
568,Plantation,Zone-4,1.23,198.3,24.39,356.37
569,Wetland,Zone-5,1.85,80.5,14.89,155.67
570,Forest,Zone-1,2.90,147.6,42.80,560.53
571,Plantation,Zone-2,4.17,86.3,35.99,495.20
572,Wetland,Zone-3,4.91,125.1,61.42,624.69
573,Forest,Zone-4,3.76,143.8,54.07,457.05
574,Plantation,Zone-5,2.64,194.1,51.24,777.71
575,Wetland,Zone-1,3.99,124.0,49.48,469.69
576,Forest,Zone-2,3.13,50.7,15.87,296.66
577,Plantation,Zone-3,3.29,171.4,56.39,390.28
578,Wetland,Zone-4,3.56,25.7,9.15,105.53
579,Forest,Zone-5,0.99,23.4,2.32,30.93
580,Plantation,Zone-1,1.18,144.3,17.03,176.00
581,Wetland,Zone-2,3.99,185.7,74.09,804.27
582,Forest,Zone-3,3.81,31.2,11.89,123.03
583,Plantation,Zone-4,1.43,78.5,11.23,152.83
584,Wetland,Zone-5,2.86,76.5,21.88,99.74
585,Forest,Zone-1,4.60,81.6,37.54,526.42
586,Plantation,Zone-2,3.97,149.8,59.47,794.70
587,Wetland,Zone-3,3.62,129.8,46.99,222.28
588,Forest,Zone-4,1.61,120.5,19.40,229.36
589,Plantation,Zone-5,4.88,73.6,35.92,314.55
590,Wetland,Zone-1,1.43,146.9,21.01,122.98
591,Forest,Zone-2,2.07,188.1,38.94,838.06
592,Plantation,Zone-3,1.73,41.9,7.25,100.02
593,Wetland,Zone-4,2.21,196.4,43.40,449.86
594,Forest,Zone-5,4.80,164.8,79.10,1023.37
595,Plantation,Zone-1,1.79,148.5,26.58,252.58
596,Wetland,Zone-2,2.49,66.2,16.48,120.50
597,Forest,Zone-3,1.41,116.9,16.48,393.24
598,Plantation,Zone-4,3.63,44.7,16.23,211.05
599,Wetland,Zone-5,3.14,63.6,19.97,180.30
600,Forest,Zone-1,2.89,134.8,38.96,346.45
601,Plantation,Zone-2,2.36,149.1,35.19,221.95
602,Wetland,Zone-3,3.97,20.9,8.30,66.01
603,Forest,Zone-4,4.68,93.2,43.62,1042.32
604,Plantation,Zone-5,4.45,105.9,47.13,357.85
605,Wetland,Zone-1,4.84,77.8,37.66,331.90
606,Forest,Zone-2,4.59,36.1,16.57,294.29
607,Plantation,Zone-3,2.91,150.2,43.71,750.79
608,Wetland,Zone-4,4.61,51.5,23.74,259.72
609,Forest,Zone-5,1.29,185.5,23.93,597.10
610,Plantation,Zone-1,2.29,109.2,25.01,429.57
611,Wetland,Zone-2,4.83,186.7,90.18,982.12
612,Forest,Zone-3,0.54,122.2,6.60,64.84
613,Plantation,Zone-4,4.92,71.2,35.03,625.58
614,Wetland,Zone-5,2.94,108.9,32.02,366.53
615,Forest,Zone-1,4.33,104.2,45.12,508.85
616,Plantation,Zone-2,1.01,49.2,4.97,54.50
617,Wetland,Zone-3,1.66,53.5,8.88,85.51
618,Forest,Zone-4,4.06,122.2,49.61,1035.55
619,Plantation,Zone-5,1.29,174.1,22.46,374.22
620,Wetland,Zone-1,4.22,112.8,47.60,179.96
621,Forest,Zone-2,3.51,53.3,18.71,194.40
622,Plantation,Zone-3,1.96,64.6,12.66,106.22
623,Wetland,Zone-4,1.56,155.7,24.29,281.43
624,Forest,Zone-5,1.86,150.1,27.92,228.79
625,Plantation,Zone-1,3.44,144.7,49.78,289.10
626,Wetland,Zone-2,1.03,75.2,7.75,51.53
627,Forest,Zone-3,2.76,181.1,49.98,997.62
628,Plantation,Zone-4,1.90,41.1,7.81,132.06
629,Wetland,Zone-5,1.83,130.6,23.90,118.83
630,Forest,Zone-1,1.10,47.6,5.24,108.53
631,Plantation,Zone-2,3.23,94.9,30.65,372.09
632,Wetland,Zone-3,2.62,116.8,30.60,274.69
633,Forest,Zone-4,1.48,64.5,9.55,198.93
634,Plantation,Zone-5,4.43,34.7,15.37,166.11
635,Wetland,Zone-1,3.67,34.1,12.51,101.05
636,Forest,Zone-2,0.78,118.6,9.25,153.49
637,Plantation,Zone-3,3.08,47.0,14.48,134.16
638,Wetland,Zone-4,2.84,40.9,11.62,56.34
639,Forest,Zone-5,3.12,36.4,11.36,189.44
640,Plantation,Zone-1,4.14,101.6,42.06,490.93
641,Wetland,Zone-2,2.56,30.4,7.78,55.72
642,Forest,Zone-3,4.13,150.2,62.03,913.77
643,Plantation,Zone-4,4.17,154.2,64.30,804.91
644,Wetland,Zone-5,0.70,82.0,5.74,20.51
645,Forest,Zone-1,4.97,188.2,93.54,858.07
646,Plantation,Zone-2,4.70,25.7,12.08,124.61
647,Wetland,Zone-3,3.96,157.8,62.49,737.69
648,Forest,Zone-4,3.41,95.7,32.63,811.79
649,Plantation,Zone-5,2.22,176.5,39.18,657.75
650,Wetland,Zone-1,2.19,142.9,31.30,280.33
651,Forest,Zone-2,2.93,137.6,40.32,560.94
652,Plantation,Zone-3,1.30,116.7,15.17,180.14
653,Wetland,Zone-4,3.78,60.1,22.72,68.87
654,Forest,Zone-5,0.60,73.7,4.42,85.97
655,Plantation,Zone-1,2.95,115.7,34.13,535.97
656,Wetland,Zone-2,1.61,82.3,13.25,72.62
657,Forest,Zone-3,4.72,150.5,71.04,704.60
658,Plantation,Zone-4,4.14,95.5,39.54,591.47
659,Wetland,Zone-5,4.48,22.8,10.21,49.57
660,Forest,Zone-1,0.95,26.0,2.47,44.86
661,Plantation,Zone-2,3.66,28.8,10.54,154.17
662,Wetland,Zone-3,2.31,62.2,14.37,71.21
663,Forest,Zone-4,4.39,30.2,13.26,219.67
664,Plantation,Zone-5,1.80,166.8,30.02,435.58
665,Wetland,Zone-1,1.94,127.6,24.75,224.06
666,Forest,Zone-2,1.94,74.3,14.41,150.37
667,Plantation,Zone-3,3.47,59.8,20.75,184.81
668,Wetland,Zone-4,0.77,190.7,14.68,160.27
669,Forest,Zone-5,4.60,132.7,61.04,931.62
670,Plantation,Zone-1,2.73,195.0,53.23,917.72
671,Wetland,Zone-2,3.52,161.4,56.81,333.40
672,Forest,Zone-3,2.37,46.9,11.12,160.13
673,Plantation,Zone-4,3.89,105.2,40.92,656.42
674,Wetland,Zone-5,1.85,147.4,27.27,279.57
675,Forest,Zone-1,4.62,121.2,55.99,1369.09
676,Plantation,Zone-2,3.01,44.1,13.27,108.25
677,Wetland,Zone-3,1.42,136.4,19.37,218.88
678,Forest,Zone-4,4.31,36.6,15.77,320.41
679,Plantation,Zone-5,1.36,68.3,9.29,127.81
680,Wetland,Zone-1,3.21,177.3,56.91,267.11
681,Forest,Zone-2,3.93,150.4,59.11,1034.45
682,Plantation,Zone-3,2.66,176.5,46.95,437.97
683,Wetland,Zone-4,4.81,22.8,10.97,125.44
684,Forest,Zone-5,4.83,41.1,19.85,496.11
685,Plantation,Zone-1,2.66,63.7,16.94,217.80
686,Wetland,Zone-2,1.42,184.7,26.23,209.02
687,Forest,Zone-3,3.99,88.5,35.31,602.81
688,Plantation,Zone-4,2.12,67.1,14.23,166.02
689,Wetland,Zone-5,2.74,37.7,10.33,122.22
690,Forest,Zone-1,2.61,171.2,44.68,1051.93
691,Plantation,Zone-2,2.17,94.5,20.51,252.54
692,Wetland,Zone-3,1.50,46.3,6.95,37.16
693,Forest,Zone-4,4.71,124.2,58.50,883.28
694,Plantation,Zone-5,1.19,79.4,9.45,93.91
695,Wetland,Zone-1,4.25,109.9,46.71,415.32
696,Forest,Zone-2,3.58,66.3,23.74,521.50
697,Plantation,Zone-3,4.85,135.5,65.72,747.75
698,Wetland,Zone-4,1.26,163.1,20.55,92.96
699,Forest,Zone-5,3.74,107.9,40.35,951.75
700,Plantation,Zone-1,2.94,135.5,39.84,229.62
701,Wetland,Zone-2,0.65,172.4,11.21,128.99
702,Forest,Zone-3,3.51,157.6,55.32,830.39
703,Plantation,Zone-4,4.29,61.7,26.47,375.69
704,Wetland,Zone-5,0.54,111.0,5.99,38.09
705,Forest,Zone-1,3.28,140.0,45.92,848.64
706,Plantation,Zone-2,2.67,107.8,28.78,146.37
707,Wetland,Zone-3,2.98,22.1,6.59,51.17
708,Forest,Zone-4,1.74,195.9,34.09,282.65
709,Plantation,Zone-5,4.16,141.3,58.78,909.92
710,Wetland,Zone-1,4.59,39.3,18.04,69.76
711,Forest,Zone-2,1.17,54.5,6.38,108.14
712,Plantation,Zone-3,4.17,68.1,28.40,288.53
713,Wetland,Zone-4,2.18,93.1,20.30,164.13
714,Forest,Zone-5,4.96,60.7,30.11,591.02
715,Plantation,Zone-1,4.32,137.7,59.49,961.17
716,Wetland,Zone-2,3.92,36.8,14.43,92.55
717,Forest,Zone-3,2.99,30.1,9.00,73.45
718,Plantation,Zone-4,1.27,110.0,13.97,148.65
719,Wetland,Zone-5,4.03,121.9,49.13,526.75
720,Forest,Zone-1,0.93,115.1,10.70,93.34
721,Plantation,Zone-2,1.45,176.3,25.56,422.72
722,Wetland,Zone-3,2.64,28.4,7.50,27.52
723,Forest,Zone-4,4.67,181.9,84.95,1493.39
724,Plantation,Zone-5,0.65,187.2,12.17,110.60
725,Wetland,Zone-1,4.83,125.7,60.71,593.15
726,Forest,Zone-2,3.71,91.7,34.02,316.66
727,Plantation,Zone-3,1.23,63.3,7.79,123.48
728,Wetland,Zone-4,2.25,181.4,40.81,244.27
729,Forest,Zone-5,3.90,45.2,17.63,437.30
730,Plantation,Zone-1,3.76,110.1,41.40,731.38
731,Wetland,Zone-2,0.74,98.7,7.30,77.00
732,Forest,Zone-3,2.03,158.4,32.16,779.32
733,Plantation,Zone-4,2.29,159.2,36.46,196.34
734,Wetland,Zone-5,1.73,198.7,34.38,254.94
735,Forest,Zone-1,2.10,189.4,39.77,610.13
736,Plantation,Zone-2,3.56,138.9,49.45,302.34
737,Wetland,Zone-3,3.28,163.6,53.66,505.37
738,Forest,Zone-4,0.87,47.8,4.16,83.61
739,Plantation,Zone-5,3.35,153.1,51.29,467.60
740,Wetland,Zone-1,0.98,20.9,2.05,11.84
741,Forest,Zone-2,2.12,68.6,14.54,149.07
742,Plantation,Zone-3,1.34,100.8,13.51,164.98
743,Wetland,Zone-4,2.34,24.7,5.78,35.75
744,Forest,Zone-5,0.92,127.6,11.74,158.67
745,Plantation,Zone-1,2.23,72.5,16.17,162.37
746,Wetland,Zone-2,0.88,182.2,16.03,178.68
747,Forest,Zone-3,4.90,123.0,60.27,655.91
748,Plantation,Zone-4,2.21,45.0,9.95,88.70
749,Wetland,Zone-5,2.72,31.4,8.54,59.03
750,Forest,Zone-1,2.39,107.2,25.62,238.46
751,Plantation,Zone-2,1.63,64.4,10.50,137.82
752,Wetland,Zone-3,3.17,55.2,17.50,69.35
753,Forest,Zone-4,1.87,190.8,35.68,486.95
754,Plantation,Zone-5,3.29,164.7,54.19,503.10
755,Wetland,Zone-1,2.01,166.8,33.53,359.96
756,Forest,Zone-2,4.88,44.5,21.72,292.16
757,Plantation,Zone-3,4.76,56.2,26.75,243.01
758,Wetland,Zone-4,4.84,194.4,94.09,529.07
759,Forest,Zone-5,3.63,108.4,39.35,700.03
760,Plantation,Zone-1,1.59,87.7,13.94,217.67
761,Wetland,Zone-2,2.27,40.5,9.19,74.21
762,Forest,Zone-3,3.17,118.2,37.47,734.00
763,Plantation,Zone-4,2.98,191.5,57.07,627.83
764,Wetland,Zone-5,3.69,98.9,36.49,205.15
765,Forest,Zone-1,3.62,167.4,60.60,1304.49
766,Plantation,Zone-2,2.34,109.9,25.72,340.36
767,Wetland,Zone-3,1.59,138.6,22.04,207.99
768,Forest,Zone-4,4.05,33.3,13.49,335.12
769,Plantation,Zone-5,2.66,92.1,24.50,283.86
770,Wetland,Zone-1,4.64,144.5,67.05,529.21
771,Forest,Zone-2,4.06,84.7,34.39,798.66
772,Plantation,Zone-3,2.92,134.9,39.39,240.47
773,Wetland,Zone-4,3.96,138.4,54.81,339.55
774,Forest,Zone-5,3.41,28.0,9.55,236.09
775,Plantation,Zone-1,3.55,91.9,32.62,482.28
776,Wetland,Zone-2,4.85,97.5,47.29,146.36
777,Forest,Zone-3,1.66,111.9,18.58,312.51
778,Plantation,Zone-4,3.11,123.5,38.41,414.64
779,Wetland,Zone-5,2.26,159.0,35.93,298.12
780,Forest,Zone-1,2.75,82.1,22.58,190.07
781,Plantation,Zone-2,0.97,94.9,9.21,161.20
782,Wetland,Zone-3,1.02,189.3,19.31,82.55
783,Forest,Zone-4,1.90,102.0,19.38,223.19
784,Plantation,Zone-5,2.67,105.7,28.22,301.85
785,Wetland,Zone-1,3.64,77.4,28.17,160.64
786,Forest,Zone-2,4.15,40.7,16.89,378.95
787,Plantation,Zone-3,3.42,141.9,48.53,346.34
788,Wetland,Zone-4,4.93,63.9,31.50,143.96
789,Forest,Zone-5,1.22,120.8,14.74,358.09
790,Plantation,Zone-1,1.54,92.9,14.31,105.86
791,Wetland,Zone-2,3.38,97.8,33.06,107.87
792,Forest,Zone-3,3.26,55.5,18.09,326.84
793,Plantation,Zone-4,2.25,146.9,33.05,253.67
794,Wetland,Zone-5,3.89,165.6,64.42,229.53
795,Forest,Zone-1,0.96,177.0,16.99,189.92
796,Plantation,Zone-2,1.97,102.4,20.17,169.64
797,Wetland,Zone-3,4.38,115.0,50.37,440.84
798,Forest,Zone-4,3.19,130.0,41.47,745.59
799,Plantation,Zone-5,2.07,172.2,35.65,464.37
800,Wetland,Zone-1,4.16,147.1,61.19,347.38
801,Forest,Zone-2,3.27,35.3,11.54,118.60
802,Plantation,Zone-3,1.03,75.0,7.72,56.97
803,Wetland,Zone-4,3.62,111.9,40.51,274.02
804,Forest,Zone-5,1.12,89.1,9.98,111.35
805,Plantation,Zone-1,3.36,144.8,48.65,651.34
806,Wetland,Zone-2,5.00,119.9,59.95,444.04
807,Forest,Zone-3,1.13,76.6,8.66,135.68
808,Plantation,Zone-4,0.74,84.6,6.26,32.08
809,Wetland,Zone-5,1.11,166.7,18.50,215.98
810,Forest,Zone-1,2.77,109.1,30.22,593.52
811,Plantation,Zone-2,2.37,171.2,40.57,460.60
812,Wetland,Zone-3,0.87,25.6,2.23,21.96
813,Forest,Zone-4,1.81,69.5,12.58,215.61
814,Plantation,Zone-5,1.26,102.3,12.89,188.87
815,Wetland,Zone-1,3.95,119.0,47.01,188.93
816,Forest,Zone-2,1.01,159.5,16.11,354.35
817,Plantation,Zone-3,2.15,168.1,36.14,200.25
818,Wetland,Zone-4,3.74,118.3,44.24,526.81
819,Forest,Zone-5,0.96,169.4,16.26,337.77
820,Plantation,Zone-1,1.84,199.9,36.78,398.94
821,Wetland,Zone-2,2.07,167.0,34.57,240.32
822,Forest,Zone-3,4.97,159.6,79.32,954.07
823,Plantation,Zone-4,4.15,125.8,52.21,499.03
824,Wetland,Zone-5,3.70,133.9,49.54,222.62
825,Forest,Zone-1,1.13,57.2,6.46,74.41
826,Plantation,Zone-2,0.77,83.1,6.40,55.39
827,Wetland,Zone-3,2.92,78.3,22.86,213.43
828,Forest,Zone-4,1.80,68.1,12.26,276.91
829,Plantation,Zone-5,4.93,142.3,70.15,437.59
830,Wetland,Zone-1,4.83,161.4,77.96,878.52
831,Forest,Zone-2,4.97,176.1,87.52,888.95
832,Plantation,Zone-3,4.40,64.9,28.56,406.93
833,Wetland,Zone-4,4.23,157.1,66.45,603.77
834,Forest,Zone-5,2.70,123.9,33.45,420.41
835,Plantation,Zone-1,2.36,101.4,23.93,316.77
836,Wetland,Zone-2,4.46,36.8,16.41,125.38
837,Forest,Zone-3,1.75,188.5,32.99,470.91
838,Plantation,Zone-4,4.78,78.9,37.71,189.76
839,Wetland,Zone-5,3.98,151.9,60.46,579.11
840,Forest,Zone-1,2.56,139.5,35.71,503.15
841,Plantation,Zone-2,0.78,116.2,9.06,70.96
842,Wetland,Zone-3,2.43,58.1,14.12,76.49
843,Forest,Zone-4,4.23,80.8,34.18,609.25
844,Plantation,Zone-5,3.05,107.4,32.76,310.19
845,Wetland,Zone-1,3.57,28.7,10.25,39.94
846,Forest,Zone-2,4.03,102.7,41.39,418.54
847,Plantation,Zone-3,4.36,99.4,43.34,217.08
848,Wetland,Zone-4,4.81,56.4,27.13,249.52
849,Forest,Zone-5,1.09,137.0,14.93,159.79
850,Plantation,Zone-1,4.70,69.3,32.57,440.01
851,Wetland,Zone-2,1.63,86.9,14.16,157.66
852,Forest,Zone-3,1.24,91.3,11.32,149.35
853,Plantation,Zone-4,3.65,62.1,22.67,306.53
854,Wetland,Zone-5,3.67,20.2,7.41,54.03
855,Forest,Zone-1,1.10,60.7,6.68,130.66
856,Plantation,Zone-2,0.54,145.2,7.84,122.48
857,Wetland,Zone-3,4.95,96.0,47.52,199.09
858,Forest,Zone-4,0.82,89.0,7.30,149.09
859,Plantation,Zone-5,0.96,76.4,7.33,120.60
860,Wetland,Zone-1,1.12,159.2,17.83,174.35
861,Forest,Zone-2,1.10,198.7,21.86,227.97
862,Plantation,Zone-3,2.89,21.5,6.21,83.53
863,Wetland,Zone-4,2.48,150.0,37.20,321.88
864,Forest,Zone-5,1.18,94.1,11.10,218.36
865,Plantation,Zone-1,4.37,35.6,15.56,98.12
866,Wetland,Zone-2,3.89,126.1,49.05,316.68
867,Forest,Zone-3,4.83,76.6,37.00,383.95
868,Plantation,Zone-4,1.75,35.2,6.16,75.12
869,Wetland,Zone-5,3.20,129.4,41.41,414.54
870,Forest,Zone-1,3.61,172.6,62.31,1195.91
871,Plantation,Zone-2,1.86,113.2,21.06,244.80
872,Wetland,Zone-3,3.87,73.2,28.33,98.90
873,Forest,Zone-4,4.54,191.8,87.08,1429.25
874,Plantation,Zone-5,1.01,109.9,11.10,141.20
875,Wetland,Zone-1,2.88,196.0,56.45,670.74
876,Forest,Zone-2,4.70,43.8,20.59,466.03
877,Plantation,Zone-3,3.06,85.8,26.25,364.30
878,Wetland,Zone-4,3.93,191.8,75.38,748.77
879,Forest,Zone-5,0.58,32.2,1.87,23.29
880,Plantation,Zone-1,0.68,30.9,2.10,32.05
881,Wetland,Zone-2,2.78,133.1,37.00,277.85
882,Forest,Zone-3,2.37,146.3,34.67,325.94
883,Plantation,Zone-4,2.91,130.9,38.09,327.84
884,Wetland,Zone-5,1.89,112.0,21.17,102.23
885,Forest,Zone-1,4.14,116.6,48.27,706.79
886,Plantation,Zone-2,3.35,170.2,57.02,789.94
887,Wetland,Zone-3,0.80,145.8,11.66,111.58
888,Forest,Zone-4,4.31,30.4,13.10,124.00
889,Plantation,Zone-5,2.46,101.6,24.99,322.74
890,Wetland,Zone-1,1.89,153.5,29.01,280.41
891,Forest,Zone-2,1.04,147.4,15.33,305.46
892,Plantation,Zone-3,1.24,191.5,23.75,280.23
893,Wetland,Zone-4,4.02,149.7,60.18,270.97
894,Forest,Zone-5,1.07,160.6,17.18,215.94
895,Plantation,Zone-1,4.49,158.9,71.35,383.98
896,Wetland,Zone-2,4.13,69.0,28.50,101.88
897,Forest,Zone-3,3.71,123.8,45.93,427.62
898,Plantation,Zone-4,2.55,84.8,21.62,248.52
899,Wetland,Zone-5,3.05,86.2,26.29,139.23
900,Forest,Zone-1,0.96,123.3,11.84,240.20
901,Plantation,Zone-2,1.53,111.6,17.07,95.12
902,Wetland,Zone-3,4.38,64.0,28.03,203.10
903,Forest,Zone-4,2.22,47.0,10.43,248.54
904,Plantation,Zone-5,4.36,119.5,52.10,879.52
905,Wetland,Zone-1,3.83,95.5,36.58,215.68
906,Forest,Zone-2,2.37,149.7,35.48,447.45
907,Plantation,Zone-3,0.85,87.1,7.40,85.30
908,Wetland,Zone-4,4.56,52.3,23.85,244.20
909,Forest,Zone-5,4.92,191.7,94.32,865.08
910,Plantation,Zone-1,2.59,70.8,18.34,293.13
911,Wetland,Zone-2,1.97,119.6,23.56,72.37
912,Forest,Zone-3,1.40,121.5,17.01,223.96
913,Plantation,Zone-4,3.30,103.5,34.16,433.56
914,Wetland,Zone-5,2.72,159.1,43.28,205.96
915,Forest,Zone-1,4.55,156.9,71.39,868.61
916,Plantation,Zone-2,0.53,93.8,4.97,39.90
917,Wetland,Zone-3,2.06,171.1,35.25,384.04
918,Forest,Zone-4,4.78,20.3,9.70,185.99
919,Plantation,Zone-5,4.32,150.9,65.19,414.04
920,Wetland,Zone-1,2.88,62.9,18.12,134.60
921,Forest,Zone-2,0.77,199.5,15.36,308.71
922,Plantation,Zone-3,0.92,185.8,17.09,284.80
923,Wetland,Zone-4,2.84,146.2,41.52,263.75
924,Forest,Zone-5,4.89,35.3,17.26,166.12
925,Plantation,Zone-1,1.10,167.6,18.44,110.14
926,Wetland,Zone-2,3.06,98.3,30.08,351.27
927,Forest,Zone-3,1.57,67.0,10.52,140.50
928,Plantation,Zone-4,4.10,146.1,59.90,872.12
929,Wetland,Zone-5,1.93,69.0,13.32,48.91
930,Forest,Zone-1,1.41,160.4,22.62,405.80
931,Plantation,Zone-2,1.20,49.6,5.95,65.80
932,Wetland,Zone-3,2.33,116.5,27.14,317.04
933,Forest,Zone-4,1.43,75.5,10.80,135.06
934,Plantation,Zone-5,1.04,48.4,5.03,70.01
935,Wetland,Zone-1,4.22,145.4,61.36,206.35
936,Forest,Zone-2,4.26,79.0,33.65,321.38
937,Plantation,Zone-3,1.62,84.0,13.61,158.90
938,Wetland,Zone-4,3.55,66.8,23.71,282.53
939,Forest,Zone-5,0.64,92.8,5.94,93.18
940,Plantation,Zone-1,3.87,65.0,25.16,276.93
941,Wetland,Zone-2,4.12,45.2,18.62,57.86
942,Forest,Zone-3,4.24,196.9,83.49,853.45
943,Plantation,Zone-4,4.21,87.0,36.63,483.29
944,Wetland,Zone-5,3.40,124.8,42.43,226.13
945,Forest,Zone-1,4.16,23.9,9.94,90.41
946,Plantation,Zone-2,4.56,99.8,45.51,303.75
947,Wetland,Zone-3,4.57,169.3,77.37,462.98
948,Forest,Zone-4,0.69,103.0,7.11,77.18
949,Plantation,Zone-5,3.08,167.9,51.71,524.08
950,Wetland,Zone-1,0.63,143.0,9.01,41.04
951,Forest,Zone-2,1.47,53.7,7.89,100.66
952,Plantation,Zone-3,4.48,26.2,11.74,153.20
953,Wetland,Zone-4,1.61,73.1,11.77,78.95
954,Forest,Zone-5,2.98,31.0,9.24,117.87
955,Plantation,Zone-1,1.12,55.9,6.26,103.29
956,Wetland,Zone-2,2.87,133.5,38.31,391.51
957,Forest,Zone-3,4.08,198.1,80.82,1720.87
958,Plantation,Zone-4,2.12,118.0,25.02,282.75
959,Wetland,Zone-5,4.61,110.4,50.89,330.55
960,Forest,Zone-1,1.31,77.4,10.14,118.87
961,Plantation,Zone-2,4.53,160.1,72.53,417.90
962,Wetland,Zone-3,4.96,115.3,57.19,566.27
963,Forest,Zone-4,5.00,195.3,97.65,947.43
964,Plantation,Zone-5,3.46,68.0,23.53,367.34
965,Wetland,Zone-1,4.63,30.1,13.94,166.83
966,Forest,Zone-2,1.49,172.4,25.69,553.76
967,Plantation,Zone-3,2.10,171.1,35.93,574.44
968,Wetland,Zone-4,1.29,126.7,16.34,167.58
969,Forest,Zone-5,3.64,184.5,67.16,569.48
970,Plantation,Zone-1,3.65,190.6,69.57,857.58
971,Wetland,Zone-2,3.03,53.9,16.33,194.20
972,Forest,Zone-3,4.47,108.6,48.54,643.34
973,Plantation,Zone-4,2.71,36.2,9.81,78.72
974,Wetland,Zone-5,1.48,114.8,16.99,51.07
975,Forest,Zone-1,4.63,56.3,26.07,266.39
976,Plantation,Zone-2,3.73,185.4,69.15,1104.72
977,Wetland,Zone-3,1.96,23.9,4.68,38.75
978,Forest,Zone-4,4.63,159.4,73.80,1652.39
979,Plantation,Zone-5,4.37,192.9,84.30,830.92
980,Wetland,Zone-1,4.74,91.2,43.23,169.00
981,Forest,Zone-2,1.86,44.6,8.30,88.62
982,Plantation,Zone-3,4.77,162.5,77.51,1355.54
983,Wetland,Zone-4,3.42,51.4,17.58,206.01
984,Forest,Zone-5,3.62,187.2,67.77,1448.85
985,Plantation,Zone-1,1.50,126.0,18.90,137.58
986,Wetland,Zone-2,1.88,143.9,27.05,112.15
987,Forest,Zone-3,3.78,190.8,72.12,1740.10
988,Plantation,Zone-4,2.26,199.0,44.97,789.11
989,Wetland,Zone-5,0.65,128.4,8.35,94.27
990,Forest,Zone-1,4.85,59.8,29.00,510.82
991,Plantation,Zone-2,4.72,45.3,21.38,314.06
992,Wetland,Zone-3,1.57,196.8,30.90,139.39
993,Forest,Zone-4,4.48,36.0,16.13,323.45
994,Plantation,Zone-5,3.38,179.6,60.70,655.94
995,Wetland,Zone-1,1.69,64.9,10.97,39.60
996,Forest,Zone-2,1.65,39.4,6.50,52.14
997,Plantation,Zone-3,2.24,151.9,34.03,598.87
998,Wetland,Zone-4,4.48,108.8,48.74,312.35
999,Forest,Zone-5,2.96,38.3,11.34,183.16
