band_id,zone,road_width_m,plot_min_sqm,plot_max_sqm,far_max,height_max_m,min_open_space_pct,occupancy_type
BAND_0001,RZ_RES_LOW,6,60,120,1.2,10.2,30,APARTMENT_BLOCK
BAND_0002,RZ_RES_LOW,6,60,120,1.25,10.5,30,ROW_HOUSING
BAND_0003,RZ_RES_LOW,6,60,120,1.3,10.8,30,APARTMENT_BLOCK
BAND_0004,RZ_RES_LOW,6,60,120,1.2,10.2,30,ROW_HOUSING
BAND_0005,RZ_RES_LOW,6,60,120,1.25,10.5,30,APARTMENT_BLOCK
BAND_0006,RZ_RES_LOW,6,60,120,1.3,10.8,30,ROW_HOUSING
BAND_0007,RZ_RES_LOW,6,60,120,1.2,10.2,30,APARTMENT_BLOCK
BAND_0008,RZ_RES_LOW,6,60,120,1.25,10.5,30,ROW_HOUSING
BAND_0009,RZ_RES_LOW,6,60,120,1.3,10.8,30,APARTMENT_BLOCK
BAND_0010,RZ_RES_LOW,6,60,120,1.2,10.2,30,ROW_HOUSING
BAND_0011,RZ_RES_LOW,6,60,120,1.25,10.5,30,APARTMENT_BLOCK
BAND_0012,RZ_RES_LOW,6,60,120,1.3,10.8,30,ROW_HOUSING
BAND_0013,RZ_RES_LOW,6,60,120,1.2,10.2,30,APARTMENT_BLOCK
BAND_0014,RZ_RES_LOW,6,60,120,1.25,10.5,30,ROW_HOUSING
BAND_0015,RZ_RES_LOW,6,60,120,1.3,10.8,30,APARTMENT_BLOCK
BAND_0016,RZ_RES_LOW,6,121,180,1.2,10.2,30,APARTMENT_BLOCK
BAND_0017,RZ_RES_LOW,6,121,180,1.25,10.5,30,ROW_HOUSING
BAND_0018,RZ_RES_LOW,6,121,180,1.3,10.8,30,APARTMENT_BLOCK
BAND_0019,RZ_RES_LOW,6,121,180,1.2,10.2,30,ROW_HOUSING
BAND_0020,RZ_RES_LOW,6,121,180,1.25,10.5,30,APARTMENT_BLOCK
BAND_0021,RZ_RES_LOW,6,121,180,1.3,10.8,30,ROW_HOUSING
BAND_0022,RZ_RES_LOW,6,121,180,1.2,10.2,30,APARTMENT_BLOCK
BAND_0023,RZ_RES_LOW,6,121,180,1.25,10.5,30,ROW_HOUSING
BAND_0024,RZ_RES_LOW,6,121,180,1.3,10.8,30,APARTMENT_BLOCK
BAND_0025,RZ_RES_LOW,6,121,180,1.2,10.2,30,ROW_HOUSING
BAND_0026,RZ_RES_LOW,6,121,180,1.25,10.5,30,APARTMENT_BLOCK
BAND_0027,RZ_RES_LOW,6,121,180,1.3,10.8,30,ROW_HOUSING
BAND_0028,RZ_RES_LOW,6,121,180,1.2,10.2,30,APARTMENT_BLOCK
BAND_0029,RZ_RES_LOW,6,121,180,1.25,10.5,30,ROW_HOUSING
BAND_0030,RZ_RES_LOW,6,121,180,1.3,10.8,30,APARTMENT_BLOCK
BAND_0031,RZ_RES_LOW,6,181,240,1.2,10.2,30,APARTMENT_BLOCK
BAND_0032,RZ_RES_LOW,6,181,240,1.25,10.5,30,ROW_HOUSING
BAND_0033,RZ_RES_LOW,6,181,240,1.3,10.8,30,APARTMENT_BLOCK
BAND_0034,RZ_RES_LOW,6,181,240,1.2,10.2,30,ROW_HOUSING
BAND_0035,RZ_RES_LOW,6,181,240,1.25,10.5,30,APARTMENT_BLOCK
BAND_0036,RZ_RES_LOW,6,181,240,1.3,10.8,30,ROW_HOUSING
BAND_0037,RZ_RES_LOW,6,181,240,1.2,10.2,30,APARTMENT_BLOCK
BAND_0038,RZ_RES_LOW,6,181,240,1.25,10.5,30,ROW_HOUSING
BAND_0039,RZ_RES_LOW,6,181,240,1.3,10.8,30,APARTMENT_BLOCK
BAND_0040,RZ_RES_LOW,6,181,240,1.2,10.2,30,ROW_HOUSING
BAND_0041,RZ_RES_LOW,6,181,240,1.25,10.5,30,APARTMENT_BLOCK
BAND_0042,RZ_RES_LOW,6,181,240,1.3,10.8,30,ROW_HOUSING
BAND_0043,RZ_RES_LOW,6,181,240,1.2,10.2,30,APARTMENT_BLOCK
BAND_0044,RZ_RES_LOW,6,181,240,1.25,10.5,30,ROW_HOUSING
BAND_0045,RZ_RES_LOW,6,181,240,1.3,10.8,30,APARTMENT_BLOCK
BAND_0046,RZ_RES_LOW,6,241,320,1.2,10.2,30,APARTMENT_BLOCK
BAND_0047,RZ_RES_LOW,6,241,320,1.25,10.5,30,ROW_HOUSING
BAND_0048,RZ_RES_LOW,6,241,320,1.3,10.8,30,APARTMENT_BLOCK
BAND_0049,RZ_RES_LOW,6,241,320,1.2,10.2,30,ROW_HOUSING
BAND_0050,RZ_RES_LOW,6,241,320,1.25,10.5,30,APARTMENT_BLOCK
BAND_0051,RZ_RES_LOW,6,241,320,1.3,10.8,30,ROW_HOUSING
BAND_0052,RZ_RES_LOW,6,241,320,1.2,10.2,30,APARTMENT_BLOCK
BAND_0053,RZ_RES_LOW,6,241,320,1.25,10.5,30,ROW_HOUSING
BAND_0054,RZ_RES_LOW,6,241,320,1.3,10.8,30,APARTMENT_BLOCK
BAND_0055,RZ_RES_LOW,6,241,320,1.2,10.2,30,ROW_HOUSING
BAND_0056,RZ_RES_LOW,6,241,320,1.25,10.5,30,APARTMENT_BLOCK
BAND_0057,RZ_RES_LOW,6,241,320,1.3,10.8,30,ROW_HOUSING
BAND_0058,RZ_RES_LOW,6,241,320,1.2,10.2,30,APARTMENT_BLOCK
BAND_0059,RZ_RES_LOW,6,241,320,1.25,10.5,30,ROW_HOUSING
BAND_0060,RZ_RES_LOW,6,241,320,1.3,10.8,30,APARTMENT_BLOCK
BAND_0061,RZ_RES_LOW,6,321,400,1.2,10.2,30,APARTMENT_BLOCK
BAND_0062,RZ_RES_LOW,6,321,400,1.25,10.5,30,ROW_HOUSING
BAND_0063,RZ_RES_LOW,6,321,400,1.3,10.8,30,APARTMENT_BLOCK
BAND_0064,RZ_RES_LOW,6,321,400,1.2,10.2,30,ROW_HOUSING
BAND_0065,RZ_RES_LOW,6,321,400,1.25,10.5,30,APARTMENT_BLOCK
BAND_0066,RZ_RES_LOW,6,321,400,1.3,10.8,30,ROW_HOUSING
BAND_0067,RZ_RES_LOW,6,321,400,1.2,10.2,30,APARTMENT_BLOCK
BAND_0068,RZ_RES_LOW,6,321,400,1.25,10.5,30,ROW_HOUSING
BAND_0069,RZ_RES_LOW,6,321,400,1.3,10.8,30,APARTMENT_BLOCK
BAND_0070,RZ_RES_LOW,6,321,400,1.2,10.2,30,ROW_HOUSING
BAND_0071,RZ_RES_LOW,6,321,400,1.25,10.5,30,APARTMENT_BLOCK
BAND_0072,RZ_RES_LOW,6,321,400,1.3,10.8,30,ROW_HOUSING
BAND_0073,RZ_RES_LOW,6,321,400,1.2,10.2,30,APARTMENT_BLOCK
BAND_0074,RZ_RES_LOW,6,321,400,1.25,10.5,30,ROW_HOUSING
BAND_0075,RZ_RES_LOW,6,321,400,1.3,10.8,30,APARTMENT_BLOCK
BAND_0076,RZ_RES_LOW,6,401,520,1.4,11.4,30,APARTMENT_BLOCK
BAND_0077,RZ_RES_LOW,6,401,520,1.45,11.7,30,ROW_HOUSING
BAND_0078,RZ_RES_LOW,6,401,520,1.5,12.0,30,APARTMENT_BLOCK
BAND_0079,RZ_RES_LOW,6,401,520,1.4,11.4,30,ROW_HOUSING
BAND_0080,RZ_RES_LOW,6,401,520,1.45,11.7,30,APARTMENT_BLOCK
BAND_0081,RZ_RES_LOW,6,401,520,1.5,12.0,30,ROW_HOUSING
BAND_0082,RZ_RES_LOW,6,401,520,1.4,11.4,30,APARTMENT_BLOCK
BAND_0083,RZ_RES_LOW,6,401,520,1.45,11.7,30,ROW_HOUSING
BAND_0084,RZ_RES_LOW,6,401,520,1.5,12.0,30,APARTMENT_BLOCK
BAND_0085,RZ_RES_LOW,6,401,520,1.4,11.4,30,ROW_HOUSING
BAND_0086,RZ_RES_LOW,6,401,520,1.45,11.7,30,APARTMENT_BLOCK
BAND_0087,RZ_RES_LOW,6,401,520,1.5,12.0,30,ROW_HOUSING
BAND_0088,RZ_RES_LOW,6,401,520,1.4,11.4,30,APARTMENT_BLOCK
BAND_0089,RZ_RES_LOW,6,401,520,1.45,11.7,30,ROW_HOUSING
BAND_0090,RZ_RES_LOW,6,401,520,1.5,12.0,30,APARTMENT_BLOCK
BAND_0091,RZ_RES_LOW,6,521,650,1.4,11.4,30,APARTMENT_BLOCK
BAND_0092,RZ_RES_LOW,6,521,650,1.45,11.7,30,ROW_HOUSING
BAND_0093,RZ_RES_LOW,6,521,650,1.5,12.0,30,APARTMENT_BLOCK
BAND_0094,RZ_RES_LOW,6,521,650,1.4,11.4,30,ROW_HOUSING
BAND_0095,RZ_RES_LOW,6,521,650,1.45,11.7,30,APARTMENT_BLOCK
BAND_0096,RZ_RES_LOW,6,521,650,1.5,12.0,30,ROW_HOUSING
BAND_0097,RZ_RES_LOW,6,521,650,1.4,11.4,30,APARTMENT_BLOCK
BAND_0098,RZ_RES_LOW,6,521,650,1.45,11.7,30,ROW_HOUSING
BAND_0099,RZ_RES_LOW,6,521,650,1.5,12.0,30,APARTMENT_BLOCK
BAND_0100,RZ_RES_LOW,6,521,650,1.4,11.4,30,ROW_HOUSING
BAND_0101,RZ_RES_LOW,6,521,650,1.45,11.7,30,APARTMENT_BLOCK
BAND_0102,RZ_RES_LOW,6,521,650,1.5,12.0,30,ROW_HOUSING
BAND_0103,RZ_RES_LOW,6,521,650,1.4,11.4,30,APARTMENT_BLOCK
BAND_0104,RZ_RES_LOW,6,521,650,1.45,11.7,30,ROW_HOUSING
BAND_0105,RZ_RES_LOW,6,521,650,1.5,12.0,30,APARTMENT_BLOCK
BAND_0106,RZ_RES_LOW,6,651,800,1.4,11.4,30,APARTMENT_BLOCK
BAND_0107,RZ_RES_LOW,6,651,800,1.45,11.7,30,ROW_HOUSING
BAND_0108,RZ_RES_LOW,6,651,800,1.5,12.0,30,APARTMENT_BLOCK
BAND_0109,RZ_RES_LOW,6,651,800,1.4,11.4,30,ROW_HOUSING
BAND_0110,RZ_RES_LOW,6,651,800,1.45,11.7,30,APARTMENT_BLOCK
BAND_0111,RZ_RES_LOW,6,651,800,1.5,12.0,30,ROW_HOUSING
BAND_0112,RZ_RES_LOW,6,651,800,1.4,11.4,30,APARTMENT_BLOCK
BAND_0113,RZ_RES_LOW,6,651,800,1.45,11.7,30,ROW_HOUSING
BAND_0114,RZ_RES_LOW,6,651,800,1.5,12.0,30,APARTMENT_BLOCK
BAND_0115,RZ_RES_LOW,6,651,800,1.4,11.4,30,ROW_HOUSING
BAND_0116,RZ_RES_LOW,6,651,800,1.45,11.7,30,APARTMENT_BLOCK
BAND_0117,RZ_RES_LOW,6,651,800,1.5,12.0,30,ROW_HOUSING
BAND_0118,RZ_RES_LOW,6,651,800,1.4,11.4,30,APARTMENT_BLOCK
BAND_0119,RZ_RES_LOW,6,651,800,1.45,11.7,30,ROW_HOUSING
BAND_0120,RZ_RES_LOW,6,651,800,1.5,12.0,30,APARTMENT_BLOCK
BAND_0121,RZ_RES_LOW,6,801,950,1.5,12.0,30,APARTMENT_BLOCK
BAND_0122,RZ_RES_LOW,6,801,950,1.55,12.3,30,ROW_HOUSING
BAND_0123,RZ_RES_LOW,6,801,950,1.6,12.6,30,APARTMENT_BLOCK
BAND_0124,RZ_RES_LOW,6,801,950,1.5,12.0,30,ROW_HOUSING
BAND_0125,RZ_RES_LOW,6,801,950,1.55,12.3,30,APARTMENT_BLOCK
BAND_0126,RZ_RES_LOW,6,801,950,1.6,12.6,30,ROW_HOUSING
BAND_0127,RZ_RES_LOW,6,801,950,1.5,12.0,30,APARTMENT_BLOCK
BAND_0128,RZ_RES_LOW,6,801,950,1.55,12.3,30,ROW_HOUSING
BAND_0129,RZ_RES_LOW,6,801,950,1.6,12.6,30,APARTMENT_BLOCK
BAND_0130,RZ_RES_LOW,6,801,950,1.5,12.0,30,ROW_HOUSING
BAND_0131,RZ_RES_LOW,6,801,950,1.55,12.3,30,APARTMENT_BLOCK
BAND_0132,RZ_RES_LOW,6,801,950,1.6,12.6,30,ROW_HOUSING
BAND_0133,RZ_RES_LOW,6,801,950,1.5,12.0,30,APARTMENT_BLOCK
BAND_0134,RZ_RES_LOW,6,801,950,1.55,12.3,30,ROW_HOUSING
BAND_0135,RZ_RES_LOW,6,801,950,1.6,12.6,30,APARTMENT_BLOCK
BAND_0136,RZ_RES_LOW,6,951,1100,1.5,12.0,30,APARTMENT_BLOCK
BAND_0137,RZ_RES_LOW,6,951,1100,1.55,12.3,30,ROW_HOUSING
BAND_0138,RZ_RES_LOW,6,951,1100,1.6,12.6,30,APARTMENT_BLOCK
BAND_0139,RZ_RES_LOW,6,951,1100,1.5,12.0,30,ROW_HOUSING
BAND_0140,RZ_RES_LOW,6,951,1100,1.55,12.3,30,APARTMENT_BLOCK
BAND_0141,RZ_RES_LOW,6,951,1100,1.6,12.6,30,ROW_HOUSING
BAND_0142,RZ_RES_LOW,6,951,1100,1.5,12.0,30,APARTMENT_BLOCK
BAND_0143,RZ_RES_LOW,6,951,1100,1.55,12.3,30,ROW_HOUSING
BAND_0144,RZ_RES_LOW,6,951,1100,1.6,12.6,30,APARTMENT_BLOCK
BAND_0145,RZ_RES_LOW,6,951,1100,1.5,12.0,30,ROW_HOUSING
BAND_0146,RZ_RES_LOW,6,951,1100,1.55,12.3,30,APARTMENT_BLOCK
BAND_0147,RZ_RES_LOW,6,951,1100,1.6,12.6,30,ROW_HOUSING
BAND_0148,RZ_RES_LOW,6,951,1100,1.5,12.0,30,APARTMENT_BLOCK
BAND_0149,RZ_RES_LOW,6,951,1100,1.55,12.3,30,ROW_HOUSING
BAND_0150,RZ_RES_LOW,6,951,1100,1.6,12.6,30,APARTMENT_BLOCK
BAND_0151,RZ_RES_LOW,9,60,120,1.3,10.8,30,APARTMENT_BLOCK
BAND_0152,RZ_RES_LOW,9,60,120,1.35,11.1,30,ROW_HOUSING
BAND_0153,RZ_RES_LOW,9,60,120,1.4,11.4,30,APARTMENT_BLOCK
BAND_0154,RZ_RES_LOW,9,60,120,1.3,10.8,30,ROW_HOUSING
BAND_0155,RZ_RES_LOW,9,60,120,1.35,11.1,30,APARTMENT_BLOCK
BAND_0156,RZ_RES_LOW,9,60,120,1.4,11.4,30,ROW_HOUSING
BAND_0157,RZ_RES_LOW,9,60,120,1.3,10.8,30,APARTMENT_BLOCK
BAND_0158,RZ_RES_LOW,9,60,120,1.35,11.1,30,ROW_HOUSING
BAND_0159,RZ_RES_LOW,9,60,120,1.4,11.4,30,APARTMENT_BLOCK
BAND_0160,RZ_RES_LOW,9,60,120,1.3,10.8,30,ROW_HOUSING
BAND_0161,RZ_RES_LOW,9,60,120,1.35,11.1,30,APARTMENT_BLOCK
BAND_0162,RZ_RES_LOW,9,60,120,1.4,11.4,30,ROW_HOUSING
BAND_0163,RZ_RES_LOW,9,60,120,1.3,10.8,30,APARTMENT_BLOCK
BAND_0164,RZ_RES_LOW,9,60,120,1.35,11.1,30,ROW_HOUSING
BAND_0165,RZ_RES_LOW,9,60,120,1.4,11.4,30,APARTMENT_BLOCK
BAND_0166,RZ_RES_LOW,9,121,180,1.3,10.8,30,APARTMENT_BLOCK
BAND_0167,RZ_RES_LOW,9,121,180,1.35,11.1,30,ROW_HOUSING
BAND_0168,RZ_RES_LOW,9,121,180,1.4,11.4,30,APARTMENT_BLOCK
BAND_0169,RZ_RES_LOW,9,121,180,1.3,10.8,30,ROW_HOUSING
BAND_0170,RZ_RES_LOW,9,121,180,1.35,11.1,30,APARTMENT_BLOCK
BAND_0171,RZ_RES_LOW,9,121,180,1.4,11.4,30,ROW_HOUSING
BAND_0172,RZ_RES_LOW,9,121,180,1.3,10.8,30,APARTMENT_BLOCK
BAND_0173,RZ_RES_LOW,9,121,180,1.35,11.1,30,ROW_HOUSING
BAND_0174,RZ_RES_LOW,9,121,180,1.4,11.4,30,APARTMENT_BLOCK
BAND_0175,RZ_RES_LOW,9,121,180,1.3,10.8,30,ROW_HOUSING
BAND_0176,RZ_RES_LOW,9,121,180,1.35,11.1,30,APARTMENT_BLOCK
BAND_0177,RZ_RES_LOW,9,121,180,1.4,11.4,30,ROW_HOUSING
BAND_0178,RZ_RES_LOW,9,121,180,1.3,10.8,30,APARTMENT_BLOCK
BAND_0179,RZ_RES_LOW,9,121,180,1.35,11.1,30,ROW_HOUSING
BAND_0180,RZ_RES_LOW,9,121,180,1.4,11.4,30,APARTMENT_BLOCK
BAND_0181,RZ_RES_LOW,9,181,240,1.3,10.8,30,APARTMENT_BLOCK
BAND_0182,RZ_RES_LOW,9,181,240,1.35,11.1,30,ROW_HOUSING
BAND_0183,RZ_RES_LOW,9,181,240,1.4,11.4,30,APARTMENT_BLOCK
BAND_0184,RZ_RES_LOW,9,181,240,1.3,10.8,30,ROW_HOUSING
BAND_0185,RZ_RES_LOW,9,181,240,1.35,11.1,30,APARTMENT_BLOCK
BAND_0186,RZ_RES_LOW,9,181,240,1.4,11.4,30,ROW_HOUSING
BAND_0187,RZ_RES_LOW,9,181,240,1.3,10.8,30,APARTMENT_BLOCK
BAND_0188,RZ_RES_LOW,9,181,240,1.35,11.1,30,ROW_HOUSING
BAND_0189,RZ_RES_LOW,9,181,240,1.4,11.4,30,APARTMENT_BLOCK
BAND_0190,RZ_RES_LOW,9,181,240,1.3,10.8,30,ROW_HOUSING
BAND_0191,RZ_RES_LOW,9,181,240,1.35,11.1,30,APARTMENT_BLOCK
BAND_0192,RZ_RES_LOW,9,181,240,1.4,11.4,30,ROW_HOUSING
BAND_0193,RZ_RES_LOW,9,181,240,1.3,10.8,30,APARTMENT_BLOCK
BAND_0194,RZ_RES_LOW,9,181,240,1.35,11.1,30,ROW_HOUSING
BAND_0195,RZ_RES_LOW,9,181,240,1.4,11.4,30,APARTMENT_BLOCK
BAND_0196,RZ_RES_LOW,9,241,320,1.3,10.8,30,APARTMENT_BLOCK
BAND_0197,RZ_RES_LOW,9,241,320,1.35,11.1,30,ROW_HOUSING
BAND_0198,RZ_RES_LOW,9,241,320,1.4,11.4,30,APARTMENT_BLOCK
BAND_0199,RZ_RES_LOW,9,241,320,1.3,10.8,30,ROW_HOUSING
BAND_0200,RZ_RES_LOW,9,241,320,1.35,11.1,30,APARTMENT_BLOCK
BAND_0201,RZ_RES_LOW,9,241,320,1.4,11.4,30,ROW_HOUSING
BAND_0202,RZ_RES_LOW,9,241,320,1.3,10.8,30,APARTMENT_BLOCK
BAND_0203,RZ_RES_LOW,9,241,320,1.35,11.1,30,ROW_HOUSING
BAND_0204,RZ_RES_LOW,9,241,320,1.4,11.4,30,APARTMENT_BLOCK
BAND_0205,RZ_RES_LOW,9,241,320,1.3,10.8,30,ROW_HOUSING
BAND_0206,RZ_RES_LOW,9,241,320,1.35,11.1,30,APARTMENT_BLOCK
BAND_0207,RZ_RES_LOW,9,241,320,1.4,11.4,30,ROW_HOUSING
BAND_0208,RZ_RES_LOW,9,241,320,1.3,10.8,30,APARTMENT_BLOCK
BAND_0209,RZ_RES_LOW,9,241,320,1.35,11.1,30,ROW_HOUSING
BAND_0210,RZ_RES_LOW,9,241,320,1.4,11.4,30,APARTMENT_BLOCK
BAND_0211,RZ_RES_LOW,9,321,400,1.3,10.8,30,APARTMENT_BLOCK
BAND_0212,RZ_RES_LOW,9,321,400,1.35,11.1,30,ROW_HOUSING
BAND_0213,RZ_RES_LOW,9,321,400,1.4,11.4,30,APARTMENT_BLOCK
BAND_0214,RZ_RES_LOW,9,321,400,1.3,10.8,30,ROW_HOUSING
BAND_0215,RZ_RES_LOW,9,321,400,1.35,11.1,30,APARTMENT_BLOCK
BAND_0216,RZ_RES_LOW,9,321,400,1.4,11.4,30,ROW_HOUSING
BAND_0217,RZ_RES_LOW,9,321,400,1.3,10.8,30,APARTMENT_BLOCK
BAND_0218,RZ_RES_LOW,9,321,400,1.35,11.1,30,ROW_HOUSING
BAND_0219,RZ_RES_LOW,9,321,400,1.4,11.4,30,APARTMENT_BLOCK
BAND_0220,RZ_RES_LOW,9,321,400,1.3,10.8,30,ROW_HOUSING
BAND_0221,RZ_RES_LOW,9,321,400,1.35,11.1,30,APARTMENT_BLOCK
BAND_0222,RZ_RES_LOW,9,321,400,1.4,11.4,30,ROW_HOUSING
BAND_0223,RZ_RES_LOW,9,321,400,1.3,10.8,30,APARTMENT_BLOCK
BAND_0224,RZ_RES_LOW,9,321,400,1.35,11.1,30,ROW_HOUSING
BAND_0225,RZ_RES_LOW,9,321,400,1.4,11.4,30,APARTMENT_BLOCK
BAND_0226,RZ_RES_LOW,9,401,520,1.5,12.0,30,APARTMENT_BLOCK
BAND_0227,RZ_RES_LOW,9,401,520,1.55,12.3,30,ROW_HOUSING
BAND_0228,RZ_RES_LOW,9,401,520,1.6,12.6,30,APARTMENT_BLOCK
BAND_0229,RZ_RES_LOW,9,401,520,1.5,12.0,30,ROW_HOUSING
BAND_0230,RZ_RES_LOW,9,401,520,1.55,12.3,30,APARTMENT_BLOCK
BAND_0231,RZ_RES_LOW,9,401,520,1.6,12.6,30,ROW_HOUSING
BAND_0232,RZ_RES_LOW,9,401,520,1.5,12.0,30,APARTMENT_BLOCK
BAND_0233,RZ_RES_LOW,9,401,520,1.55,12.3,30,ROW_HOUSING
BAND_0234,RZ_RES_LOW,9,401,520,1.6,12.6,30,APARTMENT_BLOCK
BAND_0235,RZ_RES_LOW,9,401,520,1.5,12.0,30,ROW_HOUSING
BAND_0236,RZ_RES_LOW,9,401,520,1.55,12.3,30,APARTMENT_BLOCK
BAND_0237,RZ_RES_LOW,9,401,520,1.6,12.6,30,ROW_HOUSING
BAND_0238,RZ_RES_LOW,9,401,520,1.5,12.0,30,APARTMENT_BLOCK
BAND_0239,RZ_RES_LOW,9,401,520,1.55,12.3,30,ROW_HOUSING
BAND_0240,RZ_RES_LOW,9,401,520,1.6,12.6,30,APARTMENT_BLOCK
BAND_0241,RZ_RES_LOW,9,521,650,1.5,12.0,30,APARTMENT_BLOCK
BAND_0242,RZ_RES_LOW,9,521,650,1.55,12.3,30,ROW_HOUSING
BAND_0243,RZ_RES_LOW,9,521,650,1.6,12.6,30,APARTMENT_BLOCK
BAND_0244,RZ_RES_LOW,9,521,650,1.5,12.0,30,ROW_HOUSING
BAND_0245,RZ_RES_LOW,9,521,650,1.55,12.3,30,APARTMENT_BLOCK
BAND_0246,RZ_RES_LOW,9,521,650,1.6,12.6,30,ROW_HOUSING
BAND_0247,RZ_RES_LOW,9,521,650,1.5,12.0,30,APARTMENT_BLOCK
BAND_0248,RZ_RES_LOW,9,521,650,1.55,12.3,30,ROW_HOUSING
BAND_0249,RZ_RES_LOW,9,521,650,1.6,12.6,30,APARTMENT_BLOCK
BAND_0250,RZ_RES_LOW,9,521,650,1.5,12.0,30,ROW_HOUSING
BAND_0251,RZ_RES_LOW,9,521,650,1.55,12.3,30,APARTMENT_BLOCK
BAND_0252,RZ_RES_LOW,9,521,650,1.6,12.6,30,ROW_HOUSING
BAND_0253,RZ_RES_LOW,9,521,650,1.5,12.0,30,APARTMENT_BLOCK
BAND_0254,RZ_RES_LOW,9,521,650,1.55,12.3,30,ROW_HOUSING
BAND_0255,RZ_RES_LOW,9,521,650,1.6,12.6,30,APARTMENT_BLOCK
BAND_0256,RZ_RES_LOW,9,651,800,1.5,12.0,30,APARTMENT_BLOCK
BAND_0257,RZ_RES_LOW,9,651,800,1.55,12.3,30,ROW_HOUSING
BAND_0258,RZ_RES_LOW,9,651,800,1.6,12.6,30,APARTMENT_BLOCK
BAND_0259,RZ_RES_LOW,9,651,800,1.5,12.0,30,ROW_HOUSING
BAND_0260,RZ_RES_LOW,9,651,800,1.55,12.3,30,APARTMENT_BLOCK
BAND_0261,RZ_RES_LOW,9,651,800,1.6,12.6,30,ROW_HOUSING
BAND_0262,RZ_RES_LOW,9,651,800,1.5,12.0,30,APARTMENT_BLOCK
BAND_0263,RZ_RES_LOW,9,651,800,1.55,12.3,30,ROW_HOUSING
BAND_0264,RZ_RES_LOW,9,651,800,1.6,12.6,30,APARTMENT_BLOCK
BAND_0265,RZ_RES_LOW,9,651,800,1.5,12.0,30,ROW_HOUSING
BAND_0266,RZ_RES_LOW,9,651,800,1.55,12.3,30,APARTMENT_BLOCK
BAND_0267,RZ_RES_LOW,9,651,800,1.6,12.6,30,ROW_HOUSING
BAND_0268,RZ_RES_LOW,9,651,800,1.5,12.0,30,APARTMENT_BLOCK
BAND_0269,RZ_RES_LOW,9,651,800,1.55,12.3,30,ROW_HOUSING
BAND_0270,RZ_RES_LOW,9,651,800,1.6,12.6,30,APARTMENT_BLOCK
BAND_0271,RZ_RES_LOW,9,801,950,1.6,12.6,30,APARTMENT_BLOCK
BAND_0272,RZ_RES_LOW,9,801,950,1.65,12.9,30,ROW_HOUSING
BAND_0273,RZ_RES_LOW,9,801,950,1.7,13.2,30,APARTMENT_BLOCK
BAND_0274,RZ_RES_LOW,9,801,950,1.6,12.6,30,ROW_HOUSING
BAND_0275,RZ_RES_LOW,9,801,950,1.65,12.9,30,APARTMENT_BLOCK
BAND_0276,RZ_RES_LOW,9,801,950,1.7,13.2,30,ROW_HOUSING
BAND_0277,RZ_RES_LOW,9,801,950,1.6,12.6,30,APARTMENT_BLOCK
BAND_0278,RZ_RES_LOW,9,801,950,1.65,12.9,30,ROW_HOUSING
BAND_0279,RZ_RES_LOW,9,801,950,1.7,13.2,30,APARTMENT_BLOCK
BAND_0280,RZ_RES_LOW,9,801,950,1.6,12.6,30,ROW_HOUSING
BAND_0281,RZ_RES_LOW,9,801,950,1.65,12.9,30,APARTMENT_BLOCK
BAND_0282,RZ_RES_LOW,9,801,950,1.7,13.2,30,ROW_HOUSING
BAND_0283,RZ_RES_LOW,9,801,950,1.6,12.6,30,APARTMENT_BLOCK
BAND_0284,RZ_RES_LOW,9,801,950,1.65,12.9,30,ROW_HOUSING
BAND_0285,RZ_RES_LOW,9,801,950,1.7,13.2,30,APARTMENT_BLOCK
BAND_0286,RZ_RES_LOW,9,951,1100,1.6,12.6,30,APARTMENT_BLOCK
BAND_0287,RZ_RES_LOW,9,951,1100,1.65,12.9,30,ROW_HOUSING
BAND_0288,RZ_RES_LOW,9,951,1100,1.7,13.2,30,APARTMENT_BLOCK
BAND_0289,RZ_RES_LOW,9,951,1100,1.6,12.6,30,ROW_HOUSING
BAND_0290,RZ_RES_LOW,9,951,1100,1.65,12.9,30,APARTMENT_BLOCK
BAND_0291,RZ_RES_LOW,9,951,1100,1.7,13.2,30,ROW_HOUSING
BAND_0292,RZ_RES_LOW,9,951,1100,1.6,12.6,30,APARTMENT_BLOCK
BAND_0293,RZ_RES_LOW,9,951,1100,1.65,12.9,30,ROW_HOUSING
BAND_0294,RZ_RES_LOW,9,951,1100,1.7,13.2,30,APARTMENT_BLOCK
BAND_0295,RZ_RES_LOW,9,951,1100,1.6,12.6,30,ROW_HOUSING
BAND_0296,RZ_RES_LOW,9,951,1100,1.65,12.9,30,APARTMENT_BLOCK
BAND_0297,RZ_RES_LOW,9,951,1100,1.7,13.2,30,ROW_HOUSING
BAND_0298,RZ_RES_LOW,9,951,1100,1.6,12.6,30,APARTMENT_BLOCK
BAND_0299,RZ_RES_LOW,9,951,1100,1.65,12.9,30,ROW_HOUSING
BAND_0300,RZ_RES_LOW,9,951,1100,1.7,13.2,30,APARTMENT_BLOCK
BAND_0301,RZ_RES_LOW,12,60,120,1.3,10.8,30,APARTMENT_BLOCK
BAND_0302,RZ_RES_LOW,12,60,120,1.35,11.1,30,ROW_HOUSING
BAND_0303,RZ_RES_LOW,12,60,120,1.4,11.4,30,APARTMENT_BLOCK
BAND_0304,RZ_RES_LOW,12,60,120,1.3,10.8,30,ROW_HOUSING
BAND_0305,RZ_RES_LOW,12,60,120,1.35,11.1,30,APARTMENT_BLOCK
BAND_0306,RZ_RES_LOW,12,60,120,1.4,11.4,30,ROW_HOUSING
BAND_0307,RZ_RES_LOW,12,60,120,1.3,10.8,30,APARTMENT_BLOCK
BAND_0308,RZ_RES_LOW,12,60,120,1.35,11.1,30,ROW_HOUSING
BAND_0309,RZ_RES_LOW,12,60,120,1.4,11.4,30,APARTMENT_BLOCK
BAND_0310,RZ_RES_LOW,12,60,120,1.3,10.8,30,ROW_HOUSING
BAND_0311,RZ_RES_LOW,12,60,120,1.35,11.1,30,APARTMENT_BLOCK
BAND_0312,RZ_RES_LOW,12,60,120,1.4,11.4,30,ROW_HOUSING
BAND_0313,RZ_RES_LOW,12,60,120,1.3,10.8,30,APARTMENT_BLOCK
BAND_0314,RZ_RES_LOW,12,60,120,1.35,11.1,30,ROW_HOUSING
BAND_0315,RZ_RES_LOW,12,60,120,1.4,11.4,30,APARTMENT_BLOCK
BAND_0316,RZ_RES_LOW,12,121,180,1.3,10.8,30,APARTMENT_BLOCK
BAND_0317,RZ_RES_LOW,12,121,180,1.35,11.1,30,ROW_HOUSING
BAND_0318,RZ_RES_LOW,12,121,180,1.4,11.4,30,APARTMENT_BLOCK
BAND_0319,RZ_RES_LOW,12,121,180,1.3,10.8,30,ROW_HOUSING
BAND_0320,RZ_RES_LOW,12,121,180,1.35,11.1,30,APARTMENT_BLOCK
BAND_0321,RZ_RES_LOW,12,121,180,1.4,11.4,30,ROW_HOUSING
BAND_0322,RZ_RES_LOW,12,121,180,1.3,10.8,30,APARTMENT_BLOCK
BAND_0323,RZ_RES_LOW,12,121,180,1.35,11.1,30,ROW_HOUSING
BAND_0324,RZ_RES_LOW,12,121,180,1.4,11.4,30,APARTMENT_BLOCK
BAND_0325,RZ_RES_LOW,12,121,180,1.3,10.8,30,ROW_HOUSING
BAND_0326,RZ_RES_LOW,12,121,180,1.35,11.1,30,APARTMENT_BLOCK
BAND_0327,RZ_RES_LOW,12,121,180,1.4,11.4,30,ROW_HOUSING
BAND_0328,RZ_RES_LOW,12,121,180,1.3,10.8,30,APARTMENT_BLOCK
BAND_0329,RZ_RES_LOW,12,121,180,1.35,11.1,30,ROW_HOUSING
BAND_0330,RZ_RES_LOW,12,121,180,1.4,11.4,30,APARTMENT_BLOCK
BAND_0331,RZ_RES_LOW,12,181,240,1.3,10.8,30,APARTMENT_BLOCK
BAND_0332,RZ_RES_LOW,12,181,240,1.35,11.1,30,ROW_HOUSING
BAND_0333,RZ_RES_LOW,12,181,240,1.4,11.4,30,APARTMENT_BLOCK
BAND_0334,RZ_RES_LOW,12,181,240,1.3,10.8,30,ROW_HOUSING
BAND_0335,RZ_RES_LOW,12,181,240,1.35,11.1,30,APARTMENT_BLOCK
BAND_0336,RZ_RES_LOW,12,181,240,1.4,11.4,30,ROW_HOUSING
BAND_0337,RZ_RES_LOW,12,181,240,1.3,10.8,30,APARTMENT_BLOCK
BAND_0338,RZ_RES_LOW,12,181,240,1.35,11.1,30,ROW_HOUSING
BAND_0339,RZ_RES_LOW,12,181,240,1.4,11.4,30,APARTMENT_BLOCK
BAND_0340,RZ_RES_LOW,12,181,240,1.3,10.8,30,ROW_HOUSING
BAND_0341,RZ_RES_LOW,12,181,240,1.35,11.1,30,APARTMENT_BLOCK
BAND_0342,RZ_RES_LOW,12,181,240,1.4,11.4,30,ROW_HOUSING
BAND_0343,RZ_RES_LOW,12,181,240,1.3,10.8,30,APARTMENT_BLOCK
BAND_0344,RZ_RES_LOW,12,181,240,1.35,11.1,30,ROW_HOUSING
BAND_0345,RZ_RES_LOW,12,181,240,1.4,11.4,30,APARTMENT_BLOCK
BAND_0346,RZ_RES_LOW,12,241,320,1.3,10.8,30,APARTMENT_BLOCK
BAND_0347,RZ_RES_LOW,12,241,320,1.35,11.1,30,ROW_HOUSING
BAND_0348,RZ_RES_LOW,12,241,320,1.4,11.4,30,APARTMENT_BLOCK
BAND_0349,RZ_RES_LOW,12,241,320,1.3,10.8,30,ROW_HOUSING
BAND_0350,RZ_RES_LOW,12,241,320,1.35,11.1,30,APARTMENT_BLOCK
BAND_0351,RZ_RES_LOW,12,241,320,1.4,11.4,30,ROW_HOUSING
BAND_0352,RZ_RES_LOW,12,241,320,1.3,10.8,30,APARTMENT_BLOCK
BAND_0353,RZ_RES_LOW,12,241,320,1.35,11.1,30,ROW_HOUSING
BAND_0354,RZ_RES_LOW,12,241,320,1.4,11.4,30,APARTMENT_BLOCK
BAND_0355,RZ_RES_LOW,12,241,320,1.3,10.8,30,ROW_HOUSING
BAND_0356,RZ_RES_LOW,12,241,320,1.35,11.1,30,APARTMENT_BLOCK
BAND_0357,RZ_RES_LOW,12,241,320,1.4,11.4,30,ROW_HOUSING
BAND_0358,RZ_RES_LOW,12,241,320,1.3,10.8,30,APARTMENT_BLOCK
BAND_0359,RZ_RES_LOW,12,241,320,1.35,11.1,30,ROW_HOUSING
BAND_0360,RZ_RES_LOW,12,241,320,1.4,11.4,30,APARTMENT_BLOCK
BAND_0361,RZ_RES_LOW,12,321,400,1.3,10.8,30,APARTMENT_BLOCK
BAND_0362,RZ_RES_LOW,12,321,400,1.35,11.1,30,ROW_HOUSING
BAND_0363,RZ_RES_LOW,12,321,400,1.4,11.4,30,APARTMENT_BLOCK
BAND_0364,RZ_RES_LOW,12,321,400,1.3,10.8,30,ROW_HOUSING
BAND_0365,RZ_RES_LOW,12,321,400,1.35,11.1,30,APARTMENT_BLOCK
BAND_0366,RZ_RES_LOW,12,321,400,1.4,11.4,30,ROW_HOUSING
BAND_0367,RZ_RES_LOW,12,321,400,1.3,10.8,30,APARTMENT_BLOCK
BAND_0368,RZ_RES_LOW,12,321,400,1.35,11.1,30,ROW_HOUSING
BAND_0369,RZ_RES_LOW,12,321,400,1.4,11.4,30,APARTMENT_BLOCK
BAND_0370,RZ_RES_LOW,12,321,400,1.3,10.8,30,ROW_HOUSING
BAND_0371,RZ_RES_LOW,12,321,400,1.35,11.1,30,APARTMENT_BLOCK
BAND_0372,RZ_RES_LOW,12,321,400,1.4,11.4,30,ROW_HOUSING
BAND_0373,RZ_RES_LOW,12,321,400,1.3,10.8,30,APARTMENT_BLOCK
BAND_0374,RZ_RES_LOW,12,321,400,1.35,11.1,30,ROW_HOUSING
BAND_0375,RZ_RES_LOW,12,321,400,1.4,11.4,30,APARTMENT_BLOCK
BAND_0376,RZ_RES_LOW,12,401,520,1.5,12.0,30,APARTMENT_BLOCK
BAND_0377,RZ_RES_LOW,12,401,520,1.55,12.3,30,ROW_HOUSING
BAND_0378,RZ_RES_LOW,12,401,520,1.6,12.6,30,APARTMENT_BLOCK
BAND_0379,RZ_RES_LOW,12,401,520,1.5,12.0,30,ROW_HOUSING
BAND_0380,RZ_RES_LOW,12,401,520,1.55,12.3,30,APARTMENT_BLOCK
BAND_0381,RZ_RES_LOW,12,401,520,1.6,12.6,30,ROW_HOUSING
BAND_0382,RZ_RES_LOW,12,401,520,1.5,12.0,30,APARTMENT_BLOCK
BAND_0383,RZ_RES_LOW,12,401,520,1.55,12.3,30,ROW_HOUSING
BAND_0384,RZ_RES_LOW,12,401,520,1.6,12.6,30,APARTMENT_BLOCK
BAND_0385,RZ_RES_LOW,12,401,520,1.5,12.0,30,ROW_HOUSING
BAND_0386,RZ_RES_LOW,12,401,520,1.55,12.3,30,APARTMENT_BLOCK
BAND_0387,RZ_RES_LOW,12,401,520,1.6,12.6,30,ROW_HOUSING
BAND_0388,RZ_RES_LOW,12,401,520,1.5,12.0,30,APARTMENT_BLOCK
BAND_0389,RZ_RES_LOW,12,401,520,1.55,12.3,30,ROW_HOUSING
BAND_0390,RZ_RES_LOW,12,401,520,1.6,12.6,30,APARTMENT_BLOCK
BAND_0391,RZ_RES_LOW,12,521,650,1.5,12.0,30,APARTMENT_BLOCK
BAND_0392,RZ_RES_LOW,12,521,650,1.55,12.3,30,ROW_HOUSING
BAND_0393,RZ_RES_LOW,12,521,650,1.6,12.6,30,APARTMENT_BLOCK
BAND_0394,RZ_RES_LOW,12,521,650,1.5,12.0,30,ROW_HOUSING
BAND_0395,RZ_RES_LOW,12,521,650,1.55,12.3,30,APARTMENT_BLOCK
BAND_0396,RZ_RES_LOW,12,521,650,1.6,12.6,30,ROW_HOUSING
BAND_0397,RZ_RES_LOW,12,521,650,1.5,12.0,30,APARTMENT_BLOCK
BAND_0398,RZ_RES_LOW,12,521,650,1.55,12.3,30,ROW_HOUSING
BAND_0399,RZ_RES_LOW,12,521,650,1.6,12.6,30,APARTMENT_BLOCK
BAND_0400,RZ_RES_LOW,12,521,650,1.5,12.0,30,ROW_HOUSING
BAND_0401,RZ_RES_LOW,12,521,650,1.55,12.3,30,APARTMENT_BLOCK
BAND_0402,RZ_RES_LOW,12,521,650,1.6,12.6,30,ROW_HOUSING
BAND_0403,RZ_RES_LOW,12,521,650,1.5,12.0,30,APARTMENT_BLOCK
BAND_0404,RZ_RES_LOW,12,521,650,1.55,12.3,30,ROW_HOUSING
BAND_0405,RZ_RES_LOW,12,521,650,1.6,12.6,30,APARTMENT_BLOCK
BAND_0406,RZ_RES_LOW,12,651,800,1.5,12.0,30,APARTMENT_BLOCK
BAND_0407,RZ_RES_LOW,12,651,800,1.55,12.3,30,ROW_HOUSING
BAND_0408,RZ_RES_LOW,12,651,800,1.6,12.6,30,APARTMENT_BLOCK
BAND_0409,RZ_RES_LOW,12,651,800,1.5,12.0,30,ROW_HOUSING
BAND_0410,RZ_RES_LOW,12,651,800,1.55,12.3,30,APARTMENT_BLOCK
BAND_0411,RZ_RES_LOW,12,651,800,1.6,12.6,30,ROW_HOUSING
BAND_0412,RZ_RES_LOW,12,651,800,1.5,12.0,30,APARTMENT_BLOCK
BAND_0413,RZ_RES_LOW,12,651,800,1.55,12.3,30,ROW_HOUSING
BAND_0414,RZ_RES_LOW,12,651,800,1.6,12.6,30,APARTMENT_BLOCK
BAND_0415,RZ_RES_LOW,12,651,800,1.5,12.0,30,ROW_HOUSING
BAND_0416,RZ_RES_LOW,12,651,800,1.55,12.3,30,APARTMENT_BLOCK
BAND_0417,RZ_RES_LOW,12,651,800,1.6,12.6,30,ROW_HOUSING
BAND_0418,RZ_RES_LOW,12,651,800,1.5,12.0,30,APARTMENT_BLOCK
BAND_0419,RZ_RES_LOW,12,651,800,1.55,12.3,30,ROW_HOUSING
BAND_0420,RZ_RES_LOW,12,651,800,1.6,12.6,30,APARTMENT_BLOCK
BAND_0421,RZ_RES_LOW,12,801,950,1.6,12.6,30,APARTMENT_BLOCK
BAND_0422,RZ_RES_LOW,12,801,950,1.65,12.9,30,ROW_HOUSING
BAND_0423,RZ_RES_LOW,12,801,950,1.7,13.2,30,APARTMENT_BLOCK
BAND_0424,RZ_RES_LOW,12,801,950,1.6,12.6,30,ROW_HOUSING
BAND_0425,RZ_RES_LOW,12,801,950,1.65,12.9,30,APARTMENT_BLOCK
BAND_0426,RZ_RES_LOW,12,801,950,1.7,13.2,30,ROW_HOUSING
BAND_0427,RZ_RES_LOW,12,801,950,1.6,12.6,30,APARTMENT_BLOCK
BAND_0428,RZ_RES_LOW,12,801,950,1.65,12.9,30,ROW_HOUSING
BAND_0429,RZ_RES_LOW,12,801,950,1.7,13.2,30,APARTMENT_BLOCK
BAND_0430,RZ_RES_LOW,12,801,950,1.6,12.6,30,ROW_HOUSING
BAND_0431,RZ_RES_LOW,12,801,950,1.65,12.9,30,APARTMENT_BLOCK
BAND_0432,RZ_RES_LOW,12,801,950,1.7,13.2,30,ROW_HOUSING
BAND_0433,RZ_RES_LOW,12,801,950,1.6,12.6,30,APARTMENT_BLOCK
BAND_0434,RZ_RES_LOW,12,801,950,1.65,12.9,30,ROW_HOUSING
BAND_0435,RZ_RES_LOW,12,801,950,1.7,13.2,30,APARTMENT_BLOCK
BAND_0436,RZ_RES_LOW,12,951,1100,1.6,12.6,30,APARTMENT_BLOCK
BAND_0437,RZ_RES_LOW,12,951,1100,1.65,12.9,30,ROW_HOUSING
BAND_0438,RZ_RES_LOW,12,951,1100,1.7,13.2,30,APARTMENT_BLOCK
BAND_0439,RZ_RES_LOW,12,951,1100,1.6,12.6,30,ROW_HOUSING
BAND_0440,RZ_RES_LOW,12,951,1100,1.65,12.9,30,APARTMENT_BLOCK
BAND_0441,RZ_RES_LOW,12,951,1100,1.7,13.2,30,ROW_HOUSING
BAND_0442,RZ_RES_LOW,12,951,1100,1.6,12.6,30,APARTMENT_BLOCK
BAND_0443,RZ_RES_LOW,12,951,1100,1.65,12.9,30,ROW_HOUSING
BAND_0444,RZ_RES_LOW,12,951,1100,1.7,13.2,30,APARTMENT_BLOCK
BAND_0445,RZ_RES_LOW,12,951,1100,1.6,12.6,30,ROW_HOUSING
BAND_0446,RZ_RES_LOW,12,951,1100,1.65,12.9,30,APARTMENT_BLOCK
BAND_0447,RZ_RES_LOW,12,951,1100,1.7,13.2,30,ROW_HOUSING
BAND_0448,RZ_RES_LOW,12,951,1100,1.6,12.6,30,APARTMENT_BLOCK
BAND_0449,RZ_RES_LOW,12,951,1100,1.65,12.9,30,ROW_HOUSING
BAND_0450,RZ_RES_LOW,12,951,1100,1.7,13.2,30,APARTMENT_BLOCK
BAND_0451,RZ_RES_LOW,15,60,120,1.5,12.0,30,APARTMENT_BLOCK
BAND_0452,RZ_RES_LOW,15,60,120,1.55,12.3,30,ROW_HOUSING
BAND_0453,RZ_RES_LOW,15,60,120,1.6,12.6,30,APARTMENT_BLOCK
BAND_0454,RZ_RES_LOW,15,60,120,1.5,12.0,30,ROW_HOUSING
BAND_0455,RZ_RES_LOW,15,60,120,1.55,12.3,30,APARTMENT_BLOCK
BAND_0456,RZ_RES_LOW,15,60,120,1.6,12.6,30,ROW_HOUSING
BAND_0457,RZ_RES_LOW,15,60,120,1.5,12.0,30,APARTMENT_BLOCK
BAND_0458,RZ_RES_LOW,15,60,120,1.55,12.3,30,ROW_HOUSING
BAND_0459,RZ_RES_LOW,15,60,120,1.6,12.6,30,APARTMENT_BLOCK
BAND_0460,RZ_RES_LOW,15,60,120,1.5,12.0,30,ROW_HOUSING
BAND_0461,RZ_RES_LOW,15,60,120,1.55,12.3,30,APARTMENT_BLOCK
BAND_0462,RZ_RES_LOW,15,60,120,1.6,12.6,30,ROW_HOUSING
BAND_0463,RZ_RES_LOW,15,60,120,1.5,12.0,30,APARTMENT_BLOCK
BAND_0464,RZ_RES_LOW,15,60,120,1.55,12.3,30,ROW_HOUSING
BAND_0465,RZ_RES_LOW,15,60,120,1.6,12.6,30,APARTMENT_BLOCK
BAND_0466,RZ_RES_LOW,15,121,180,1.5,12.0,30,APARTMENT_BLOCK
BAND_0467,RZ_RES_LOW,15,121,180,1.55,12.3,30,ROW_HOUSING
BAND_0468,RZ_RES_LOW,15,121,180,1.6,12.6,30,APARTMENT_BLOCK
BAND_0469,RZ_RES_LOW,15,121,180,1.5,12.0,30,ROW_HOUSING
BAND_0470,RZ_RES_LOW,15,121,180,1.55,12.3,30,APARTMENT_BLOCK
BAND_0471,RZ_RES_LOW,15,121,180,1.6,12.6,30,ROW_HOUSING
BAND_0472,RZ_RES_LOW,15,121,180,1.5,12.0,30,APARTMENT_BLOCK
BAND_0473,RZ_RES_LOW,15,121,180,1.55,12.3,30,ROW_HOUSING
BAND_0474,RZ_RES_LOW,15,121,180,1.6,12.6,30,APARTMENT_BLOCK
BAND_0475,RZ_RES_LOW,15,121,180,1.5,12.0,30,ROW_HOUSING
BAND_0476,RZ_RES_LOW,15,121,180,1.55,12.3,30,APARTMENT_BLOCK
BAND_0477,RZ_RES_LOW,15,121,180,1.6,12.6,30,ROW_HOUSING
BAND_0478,RZ_RES_LOW,15,121,180,1.5,12.0,30,APARTMENT_BLOCK
BAND_0479,RZ_RES_LOW,15,121,180,1.55,12.3,30,ROW_HOUSING
BAND_0480,RZ_RES_LOW,15,121,180,1.6,12.6,30,APARTMENT_BLOCK
BAND_0481,RZ_RES_LOW,15,181,240,1.5,12.0,30,APARTMENT_BLOCK
BAND_0482,RZ_RES_LOW,15,181,240,1.55,12.3,30,ROW_HOUSING
BAND_0483,RZ_RES_LOW,15,181,240,1.6,12.6,30,APARTMENT_BLOCK
BAND_0484,RZ_RES_LOW,15,181,240,1.5,12.0,30,ROW_HOUSING
BAND_0485,RZ_RES_LOW,15,181,240,1.55,12.3,30,APARTMENT_BLOCK
BAND_0486,RZ_RES_LOW,15,181,240,1.6,12.6,30,ROW_HOUSING
BAND_0487,RZ_RES_LOW,15,181,240,1.5,12.0,30,APARTMENT_BLOCK
BAND_0488,RZ_RES_LOW,15,181,240,1.55,12.3,30,ROW_HOUSING
BAND_0489,RZ_RES_LOW,15,181,240,1.6,12.6,30,APARTMENT_BLOCK
BAND_0490,RZ_RES_LOW,15,181,240,1.5,12.0,30,ROW_HOUSING
BAND_0491,RZ_RES_LOW,15,181,240,1.55,12.3,30,APARTMENT_BLOCK
BAND_0492,RZ_RES_LOW,15,181,240,1.6,12.6,30,ROW_HOUSING
BAND_0493,RZ_RES_LOW,15,181,240,1.5,12.0,30,APARTMENT_BLOCK
BAND_0494,RZ_RES_LOW,15,181,240,1.55,12.3,30,ROW_HOUSING
BAND_0495,RZ_RES_LOW,15,181,240,1.6,12.6,30,APARTMENT_BLOCK
BAND_0496,RZ_RES_LOW,15,241,320,1.5,12.0,30,APARTMENT_BLOCK
BAND_0497,RZ_RES_LOW,15,241,320,1.55,12.3,30,ROW_HOUSING
BAND_0498,RZ_RES_LOW,15,241,320,1.6,12.6,30,APARTMENT_BLOCK
BAND_0499,RZ_RES_LOW,15,241,320,1.5,12.0,30,ROW_HOUSING
BAND_0500,RZ_RES_LOW,15,241,320,1.55,12.3,30,APARTMENT_BLOCK
BAND_0501,RZ_RES_LOW,15,241,320,1.6,12.6,30,ROW_HOUSING
BAND_0502,RZ_RES_LOW,15,241,320,1.5,12.0,30,APARTMENT_BLOCK
BAND_0503,RZ_RES_LOW,15,241,320,1.55,12.3,30,ROW_HOUSING
BAND_0504,RZ_RES_LOW,15,241,320,1.6,12.6,30,APARTMENT_BLOCK
BAND_0505,RZ_RES_LOW,15,241,320,1.5,12.0,30,ROW_HOUSING
BAND_0506,RZ_RES_LOW,15,241,320,1.55,12.3,30,APARTMENT_BLOCK
BAND_0507,RZ_RES_LOW,15,241,320,1.6,12.6,30,ROW_HOUSING
BAND_0508,RZ_RES_LOW,15,241,320,1.5,12.0,30,APARTMENT_BLOCK
BAND_0509,RZ_RES_LOW,15,241,320,1.55,12.3,30,ROW_HOUSING
BAND_0510,RZ_RES_LOW,15,241,320,1.6,12.6,30,APARTMENT_BLOCK
BAND_0511,RZ_RES_LOW,15,321,400,1.5,12.0,30,APARTMENT_BLOCK
BAND_0512,RZ_RES_LOW,15,321,400,1.55,12.3,30,ROW_HOUSING
BAND_0513,RZ_RES_LOW,15,321,400,1.6,12.6,30,APARTMENT_BLOCK
BAND_0514,RZ_RES_LOW,15,321,400,1.5,12.0,30,ROW_HOUSING
BAND_0515,RZ_RES_LOW,15,321,400,1.55,12.3,30,APARTMENT_BLOCK
BAND_0516,RZ_RES_LOW,15,321,400,1.6,12.6,30,ROW_HOUSING
BAND_0517,RZ_RES_LOW,15,321,400,1.5,12.0,30,APARTMENT_BLOCK
BAND_0518,RZ_RES_LOW,15,321,400,1.55,12.3,30,ROW_HOUSING
BAND_0519,RZ_RES_LOW,15,321,400,1.6,12.6,30,APARTMENT_BLOCK
BAND_0520,RZ_RES_LOW,15,321,400,1.5,12.0,30,ROW_HOUSING
BAND_0521,RZ_RES_LOW,15,321,400,1.55,12.3,30,APARTMENT_BLOCK
BAND_0522,RZ_RES_LOW,15,321,400,1.6,12.6,30,ROW_HOUSING
BAND_0523,RZ_RES_LOW,15,321,400,1.5,12.0,30,APARTMENT_BLOCK
BAND_0524,RZ_RES_LOW,15,321,400,1.55,12.3,30,ROW_HOUSING
BAND_0525,RZ_RES_LOW,15,321,400,1.6,12.6,30,APARTMENT_BLOCK
BAND_0526,RZ_RES_LOW,15,401,520,1.7,13.2,30,APARTMENT_BLOCK
BAND_0527,RZ_RES_LOW,15,401,520,1.75,13.5,30,ROW_HOUSING
BAND_0528,RZ_RES_LOW,15,401,520,1.8,13.8,30,APARTMENT_BLOCK
BAND_0529,RZ_RES_LOW,15,401,520,1.7,13.2,30,ROW_HOUSING
BAND_0530,RZ_RES_LOW,15,401,520,1.75,13.5,30,APARTMENT_BLOCK
BAND_0531,RZ_RES_LOW,15,401,520,1.8,13.8,30,ROW_HOUSING
BAND_0532,RZ_RES_LOW,15,401,520,1.7,13.2,30,APARTMENT_BLOCK
BAND_0533,RZ_RES_LOW,15,401,520,1.75,13.5,30,ROW_HOUSING
BAND_0534,RZ_RES_LOW,15,401,520,1.8,13.8,30,APARTMENT_BLOCK
BAND_0535,RZ_RES_LOW,15,401,520,1.7,13.2,30,ROW_HOUSING
BAND_0536,RZ_RES_LOW,15,401,520,1.75,13.5,30,APARTMENT_BLOCK
BAND_0537,RZ_RES_LOW,15,401,520,1.8,13.8,30,ROW_HOUSING
BAND_0538,RZ_RES_LOW,15,401,520,1.7,13.2,30,APARTMENT_BLOCK
BAND_0539,RZ_RES_LOW,15,401,520,1.75,13.5,30,ROW_HOUSING
BAND_0540,RZ_RES_LOW,15,401,520,1.8,13.8,30,APARTMENT_BLOCK
BAND_0541,RZ_RES_LOW,15,521,650,1.7,13.2,30,APARTMENT_BLOCK
BAND_0542,RZ_RES_LOW,15,521,650,1.75,13.5,30,ROW_HOUSING
BAND_0543,RZ_RES_LOW,15,521,650,1.8,13.8,30,APARTMENT_BLOCK
BAND_0544,RZ_RES_LOW,15,521,650,1.7,13.2,30,ROW_HOUSING
BAND_0545,RZ_RES_LOW,15,521,650,1.75,13.5,30,APARTMENT_BLOCK
BAND_0546,RZ_RES_LOW,15,521,650,1.8,13.8,30,ROW_HOUSING
BAND_0547,RZ_RES_LOW,15,521,650,1.7,13.2,30,APARTMENT_BLOCK
BAND_0548,RZ_RES_LOW,15,521,650,1.75,13.5,30,ROW_HOUSING
BAND_0549,RZ_RES_LOW,15,521,650,1.8,13.8,30,APARTMENT_BLOCK
BAND_0550,RZ_RES_LOW,15,521,650,1.7,13.2,30,ROW_HOUSING
BAND_0551,RZ_RES_LOW,15,521,650,1.75,13.5,30,APARTMENT_BLOCK
BAND_0552,RZ_RES_LOW,15,521,650,1.8,13.8,30,ROW_HOUSING
BAND_0553,RZ_RES_LOW,15,521,650,1.7,13.2,30,APARTMENT_BLOCK
BAND_0554,RZ_RES_LOW,15,521,650,1.75,13.5,30,ROW_HOUSING
BAND_0555,RZ_RES_LOW,15,521,650,1.8,13.8,30,APARTMENT_BLOCK
BAND_0556,RZ_RES_LOW,15,651,800,1.7,13.2,30,APARTMENT_BLOCK
BAND_0557,RZ_RES_LOW,15,651,800,1.75,13.5,30,ROW_HOUSING
BAND_0558,RZ_RES_LOW,15,651,800,1.8,13.8,30,APARTMENT_BLOCK
BAND_0559,RZ_RES_LOW,15,651,800,1.7,13.2,30,ROW_HOUSING
BAND_0560,RZ_RES_LOW,15,651,800,1.75,13.5,30,APARTMENT_BLOCK
BAND_0561,RZ_RES_LOW,15,651,800,1.8,13.8,30,ROW_HOUSING
BAND_0562,RZ_RES_LOW,15,651,800,1.7,13.2,30,APARTMENT_BLOCK
BAND_0563,RZ_RES_LOW,15,651,800,1.75,13.5,30,ROW_HOUSING
BAND_0564,RZ_RES_LOW,15,651,800,1.8,13.8,30,APARTMENT_BLOCK
BAND_0565,RZ_RES_LOW,15,651,800,1.7,13.2,30,ROW_HOUSING
BAND_0566,RZ_RES_LOW,15,651,800,1.75,13.5,30,APARTMENT_BLOCK
BAND_0567,RZ_RES_LOW,15,651,800,1.8,13.8,30,ROW_HOUSING
BAND_0568,RZ_RES_LOW,15,651,800,1.7,13.2,30,APARTMENT_BLOCK
BAND_0569,RZ_RES_LOW,15,651,800,1.75,13.5,30,ROW_HOUSING
BAND_0570,RZ_RES_LOW,15,651,800,1.8,13.8,30,APARTMENT_BLOCK
BAND_0571,RZ_RES_LOW,15,801,950,1.8,13.8,30,APARTMENT_BLOCK
BAND_0572,RZ_RES_LOW,15,801,950,1.85,14.1,30,ROW_HOUSING
BAND_0573,RZ_RES_LOW,15,801,950,1.9,14.4,30,APARTMENT_BLOCK
BAND_0574,RZ_RES_LOW,15,801,950,1.8,13.8,30,ROW_HOUSING
BAND_0575,RZ_RES_LOW,15,801,950,1.85,14.1,30,APARTMENT_BLOCK
BAND_0576,RZ_RES_LOW,15,801,950,1.9,14.4,30,ROW_HOUSING
BAND_0577,RZ_RES_LOW,15,801,950,1.8,13.8,30,APARTMENT_BLOCK
BAND_0578,RZ_RES_LOW,15,801,950,1.85,14.1,30,ROW_HOUSING
BAND_0579,RZ_RES_LOW,15,801,950,1.9,14.4,30,APARTMENT_BLOCK
BAND_0580,RZ_RES_LOW,15,801,950,1.8,13.8,30,ROW_HOUSING
BAND_0581,RZ_RES_LOW,15,801,950,1.85,14.1,30,APARTMENT_BLOCK
BAND_0582,RZ_RES_LOW,15,801,950,1.9,14.4,30,ROW_HOUSING
BAND_0583,RZ_RES_LOW,15,801,950,1.8,13.8,30,APARTMENT_BLOCK
BAND_0584,RZ_RES_LOW,15,801,950,1.85,14.1,30,ROW_HOUSING
BAND_0585,RZ_RES_LOW,15,801,950,1.9,14.4,30,APARTMENT_BLOCK
BAND_0586,RZ_RES_LOW,15,951,1100,1.8,13.8,30,APARTMENT_BLOCK
BAND_0587,RZ_RES_LOW,15,951,1100,1.85,14.1,30,ROW_HOUSING
BAND_0588,RZ_RES_LOW,15,951,1100,1.9,14.4,30,APARTMENT_BLOCK
BAND_0589,RZ_RES_LOW,15,951,1100,1.8,13.8,30,ROW_HOUSING
BAND_0590,RZ_RES_LOW,15,951,1100,1.85,14.1,30,APARTMENT_BLOCK
BAND_0591,RZ_RES_LOW,15,951,1100,1.9,14.4,30,ROW_HOUSING
BAND_0592,RZ_RES_LOW,15,951,1100,1.8,13.8,30,APARTMENT_BLOCK
BAND_0593,RZ_RES_LOW,15,951,1100,1.85,14.1,30,ROW_HOUSING
BAND_0594,RZ_RES_LOW,15,951,1100,1.9,14.4,30,APARTMENT_BLOCK
BAND_0595,RZ_RES_LOW,15,951,1100,1.8,13.8,30,ROW_HOUSING
BAND_0596,RZ_RES_LOW,15,951,1100,1.85,14.1,30,APARTMENT_BLOCK
BAND_0597,RZ_RES_LOW,15,951,1100,1.9,14.4,30,ROW_HOUSING
BAND_0598,RZ_RES_LOW,15,951,1100,1.8,13.8,30,APARTMENT_BLOCK
BAND_0599,RZ_RES_LOW,15,951,1100,1.85,14.1,30,ROW_HOUSING
BAND_0600,RZ_RES_LOW,15,951,1100,1.9,14.4,30,APARTMENT_BLOCK
BAND_0601,RZ_RES_LOW,18,60,120,1.5,12.0,30,APARTMENT_BLOCK
BAND_0602,RZ_RES_LOW,18,60,120,1.55,12.3,30,ROW_HOUSING
BAND_0603,RZ_RES_LOW,18,60,120,1.6,12.6,30,APARTMENT_BLOCK
BAND_0604,RZ_RES_LOW,18,60,120,1.5,12.0,30,ROW_HOUSING
BAND_0605,RZ_RES_LOW,18,60,120,1.55,12.3,30,APARTMENT_BLOCK
BAND_0606,RZ_RES_LOW,18,60,120,1.6,12.6,30,ROW_HOUSING
BAND_0607,RZ_RES_LOW,18,60,120,1.5,12.0,30,APARTMENT_BLOCK
BAND_0608,RZ_RES_LOW,18,60,120,1.55,12.3,30,ROW_HOUSING
BAND_0609,RZ_RES_LOW,18,60,120,1.6,12.6,30,APARTMENT_BLOCK
BAND_0610,RZ_RES_LOW,18,60,120,1.5,12.0,30,ROW_HOUSING
BAND_0611,RZ_RES_LOW,18,60,120,1.55,12.3,30,APARTMENT_BLOCK
BAND_0612,RZ_RES_LOW,18,60,120,1.6,12.6,30,ROW_HOUSING
BAND_0613,RZ_RES_LOW,18,60,120,1.5,12.0,30,APARTMENT_BLOCK
BAND_0614,RZ_RES_LOW,18,60,120,1.55,12.3,30,ROW_HOUSING
BAND_0615,RZ_RES_LOW,18,60,120,1.6,12.6,30,APARTMENT_BLOCK
BAND_0616,RZ_RES_LOW,18,121,180,1.5,12.0,30,APARTMENT_BLOCK
BAND_0617,RZ_RES_LOW,18,121,180,1.55,12.3,30,ROW_HOUSING
BAND_0618,RZ_RES_LOW,18,121,180,1.6,12.6,30,APARTMENT_BLOCK
BAND_0619,RZ_RES_LOW,18,121,180,1.5,12.0,30,ROW_HOUSING
BAND_0620,RZ_RES_LOW,18,121,180,1.55,12.3,30,APARTMENT_BLOCK
BAND_0621,RZ_RES_LOW,18,121,180,1.6,12.6,30,ROW_HOUSING
BAND_0622,RZ_RES_LOW,18,121,180,1.5,12.0,30,APARTMENT_BLOCK
BAND_0623,RZ_RES_LOW,18,121,180,1.55,12.3,30,ROW_HOUSING
BAND_0624,RZ_RES_LOW,18,121,180,1.6,12.6,30,APARTMENT_BLOCK
BAND_0625,RZ_RES_LOW,18,121,180,1.5,12.0,30,ROW_HOUSING
BAND_0626,RZ_RES_LOW,18,121,180,1.55,12.3,30,APARTMENT_BLOCK
BAND_0627,RZ_RES_LOW,18,121,180,1.6,12.6,30,ROW_HOUSING
BAND_0628,RZ_RES_LOW,18,121,180,1.5,12.0,30,APARTMENT_BLOCK
BAND_0629,RZ_RES_LOW,18,121,180,1.55,12.3,30,ROW_HOUSING
BAND_0630,RZ_RES_LOW,18,121,180,1.6,12.6,30,APARTMENT_BLOCK
BAND_0631,RZ_RES_LOW,18,181,240,1.5,12.0,30,APARTMENT_BLOCK
BAND_0632,RZ_RES_LOW,18,181,240,1.55,12.3,30,ROW_HOUSING
BAND_0633,RZ_RES_LOW,18,181,240,1.6,12.6,30,APARTMENT_BLOCK
BAND_0634,RZ_RES_LOW,18,181,240,1.5,12.0,30,ROW_HOUSING
BAND_0635,RZ_RES_LOW,18,181,240,1.55,12.3,30,APARTMENT_BLOCK
BAND_0636,RZ_RES_LOW,18,181,240,1.6,12.6,30,ROW_HOUSING
BAND_0637,RZ_RES_LOW,18,181,240,1.5,12.0,30,APARTMENT_BLOCK
BAND_0638,RZ_RES_LOW,18,181,240,1.55,12.3,30,ROW_HOUSING
BAND_0639,RZ_RES_LOW,18,181,240,1.6,12.6,30,APARTMENT_BLOCK
BAND_0640,RZ_RES_LOW,18,181,240,1.5,12.0,30,ROW_HOUSING
BAND_0641,RZ_RES_LOW,18,181,240,1.55,12.3,30,APARTMENT_BLOCK
BAND_0642,RZ_RES_LOW,18,181,240,1.6,12.6,30,ROW_HOUSING
BAND_0643,RZ_RES_LOW,18,181,240,1.5,12.0,30,APARTMENT_BLOCK
BAND_0644,RZ_RES_LOW,18,181,240,1.55,12.3,30,ROW_HOUSING
BAND_0645,RZ_RES_LOW,18,181,240,1.6,12.6,30,APARTMENT_BLOCK
BAND_0646,RZ_RES_LOW,18,241,320,1.5,12.0,30,APARTMENT_BLOCK
BAND_0647,RZ_RES_LOW,18,241,320,1.55,12.3,30,ROW_HOUSING
BAND_0648,RZ_RES_LOW,18,241,320,1.6,12.6,30,APARTMENT_BLOCK
BAND_0649,RZ_RES_LOW,18,241,320,1.5,12.0,30,ROW_HOUSING
BAND_0650,RZ_RES_LOW,18,241,320,1.55,12.3,30,APARTMENT_BLOCK
BAND_0651,RZ_RES_LOW,18,241,320,1.6,12.6,30,ROW_HOUSING
BAND_0652,RZ_RES_LOW,18,241,320,1.5,12.0,30,APARTMENT_BLOCK
BAND_0653,RZ_RES_LOW,18,241,320,1.55,12.3,30,ROW_HOUSING
BAND_0654,RZ_RES_LOW,18,241,320,1.6,12.6,30,APARTMENT_BLOCK
BAND_0655,RZ_RES_LOW,18,241,320,1.5,12.0,30,ROW_HOUSING
BAND_0656,RZ_RES_LOW,18,241,320,1.55,12.3,30,APARTMENT_BLOCK
BAND_0657,RZ_RES_LOW,18,241,320,1.6,12.6,30,ROW_HOUSING
BAND_0658,RZ_RES_LOW,18,241,320,1.5,12.0,30,APARTMENT_BLOCK
BAND_0659,RZ_RES_LOW,18,241,320,1.55,12.3,30,ROW_HOUSING
BAND_0660,RZ_RES_LOW,18,241,320,1.6,12.6,30,APARTMENT_BLOCK
BAND_0661,RZ_RES_LOW,18,321,400,1.5,12.0,30,APARTMENT_BLOCK
BAND_0662,RZ_RES_LOW,18,321,400,1.55,12.3,30,ROW_HOUSING
BAND_0663,RZ_RES_LOW,18,321,400,1.6,12.6,30,APARTMENT_BLOCK
BAND_0664,RZ_RES_LOW,18,321,400,1.5,12.0,30,ROW_HOUSING
BAND_0665,RZ_RES_LOW,18,321,400,1.55,12.3,30,APARTMENT_BLOCK
BAND_0666,RZ_RES_LOW,18,321,400,1.6,12.6,30,ROW_HOUSING
BAND_0667,RZ_RES_LOW,18,321,400,1.5,12.0,30,APARTMENT_BLOCK
BAND_0668,RZ_RES_LOW,18,321,400,1.55,12.3,30,ROW_HOUSING
BAND_0669,RZ_RES_LOW,18,321,400,1.6,12.6,30,APARTMENT_BLOCK
BAND_0670,RZ_RES_LOW,18,321,400,1.5,12.0,30,ROW_HOUSING
BAND_0671,RZ_RES_LOW,18,321,400,1.55,12.3,30,APARTMENT_BLOCK
BAND_0672,RZ_RES_LOW,18,321,400,1.6,12.6,30,ROW_HOUSING
BAND_0673,RZ_RES_LOW,18,321,400,1.5,12.0,30,APARTMENT_BLOCK
BAND_0674,RZ_RES_LOW,18,321,400,1.55,12.3,30,ROW_HOUSING
BAND_0675,RZ_RES_LOW,18,321,400,1.6,12.6,30,APARTMENT_BLOCK
BAND_0676,RZ_RES_LOW,18,401,520,1.7,13.2,30,APARTMENT_BLOCK
BAND_0677,RZ_RES_LOW,18,401,520,1.75,13.5,30,ROW_HOUSING
BAND_0678,RZ_RES_LOW,18,401,520,1.8,13.8,30,APARTMENT_BLOCK
BAND_0679,RZ_RES_LOW,18,401,520,1.7,13.2,30,ROW_HOUSING
BAND_0680,RZ_RES_LOW,18,401,520,1.75,13.5,30,APARTMENT_BLOCK
BAND_0681,RZ_RES_LOW,18,401,520,1.8,13.8,30,ROW_HOUSING
BAND_0682,RZ_RES_LOW,18,401,520,1.7,13.2,30,APARTMENT_BLOCK
BAND_0683,RZ_RES_LOW,18,401,520,1.75,13.5,30,ROW_HOUSING
BAND_0684,RZ_RES_LOW,18,401,520,1.8,13.8,30,APARTMENT_BLOCK
BAND_0685,RZ_RES_LOW,18,401,520,1.7,13.2,30,ROW_HOUSING
BAND_0686,RZ_RES_LOW,18,401,520,1.75,13.5,30,APARTMENT_BLOCK
BAND_0687,RZ_RES_LOW,18,401,520,1.8,13.8,30,ROW_HOUSING
BAND_0688,RZ_RES_LOW,18,401,520,1.7,13.2,30,APARTMENT_BLOCK
BAND_0689,RZ_RES_LOW,18,401,520,1.75,13.5,30,ROW_HOUSING
BAND_0690,RZ_RES_LOW,18,401,520,1.8,13.8,30,APARTMENT_BLOCK
BAND_0691,RZ_RES_LOW,18,521,650,1.7,13.2,30,APARTMENT_BLOCK
BAND_0692,RZ_RES_LOW,18,521,650,1.75,13.5,30,ROW_HOUSING
BAND_0693,RZ_RES_LOW,18,521,650,1.8,13.8,30,APARTMENT_BLOCK
BAND_0694,RZ_RES_LOW,18,521,650,1.7,13.2,30,ROW_HOUSING
BAND_0695,RZ_RES_LOW,18,521,650,1.75,13.5,30,APARTMENT_BLOCK
BAND_0696,RZ_RES_LOW,18,521,650,1.8,13.8,30,ROW_HOUSING
BAND_0697,RZ_RES_LOW,18,521,650,1.7,13.2,30,APARTMENT_BLOCK
BAND_0698,RZ_RES_LOW,18,521,650,1.75,13.5,30,ROW_HOUSING
BAND_0699,RZ_RES_LOW,18,521,650,1.8,13.8,30,APARTMENT_BLOCK
BAND_0700,RZ_RES_LOW,18,521,650,1.7,13.2,30,ROW_HOUSING
BAND_0701,RZ_RES_LOW,18,521,650,1.75,13.5,30,APARTMENT_BLOCK
BAND_0702,RZ_RES_LOW,18,521,650,1.8,13.8,30,ROW_HOUSING
BAND_0703,RZ_RES_LOW,18,521,650,1.7,13.2,30,APARTMENT_BLOCK
BAND_0704,RZ_RES_LOW,18,521,650,1.75,13.5,30,ROW_HOUSING
BAND_0705,RZ_RES_LOW,18,521,650,1.8,13.8,30,APARTMENT_BLOCK
BAND_0706,RZ_RES_LOW,18,651,800,1.7,13.2,30,APARTMENT_BLOCK
BAND_0707,RZ_RES_LOW,18,651,800,1.75,13.5,30,ROW_HOUSING
BAND_0708,RZ_RES_LOW,18,651,800,1.8,13.8,30,APARTMENT_BLOCK
BAND_0709,RZ_RES_LOW,18,651,800,1.7,13.2,30,ROW_HOUSING
BAND_0710,RZ_RES_LOW,18,651,800,1.75,13.5,30,APARTMENT_BLOCK
BAND_0711,RZ_RES_LOW,18,651,800,1.8,13.8,30,ROW_HOUSING
BAND_0712,RZ_RES_LOW,18,651,800,1.7,13.2,30,APARTMENT_BLOCK
BAND_0713,RZ_RES_LOW,18,651,800,1.75,13.5,30,ROW_HOUSING
BAND_0714,RZ_RES_LOW,18,651,800,1.8,13.8,30,APARTMENT_BLOCK
BAND_0715,RZ_RES_LOW,18,651,800,1.7,13.2,30,ROW_HOUSING
BAND_0716,RZ_RES_LOW,18,651,800,1.75,13.5,30,APARTMENT_BLOCK
BAND_0717,RZ_RES_LOW,18,651,800,1.8,13.8,30,ROW_HOUSING
BAND_0718,RZ_RES_LOW,18,651,800,1.7,13.2,30,APARTMENT_BLOCK
BAND_0719,RZ_RES_LOW,18,651,800,1.75,13.5,30,ROW_HOUSING
BAND_0720,RZ_RES_LOW,18,651,800,1.8,13.8,30,APARTMENT_BLOCK
BAND_0721,RZ_RES_LOW,18,801,950,1.8,13.8,30,APARTMENT_BLOCK
BAND_0722,RZ_RES_LOW,18,801,950,1.85,14.1,30,ROW_HOUSING
BAND_0723,RZ_RES_LOW,18,801,950,1.9,14.4,30,APARTMENT_BLOCK
BAND_0724,RZ_RES_LOW,18,801,950,1.8,13.8,30,ROW_HOUSING
BAND_0725,RZ_RES_LOW,18,801,950,1.85,14.1,30,APARTMENT_BLOCK
BAND_0726,RZ_RES_LOW,18,801,950,1.9,14.4,30,ROW_HOUSING
BAND_0727,RZ_RES_LOW,18,801,950,1.8,13.8,30,APARTMENT_BLOCK
BAND_0728,RZ_RES_LOW,18,801,950,1.85,14.1,30,ROW_HOUSING
BAND_0729,RZ_RES_LOW,18,801,950,1.9,14.4,30,APARTMENT_BLOCK
BAND_0730,RZ_RES_LOW,18,801,950,1.8,13.8,30,ROW_HOUSING
BAND_0731,RZ_RES_LOW,18,801,950,1.85,14.1,30,APARTMENT_BLOCK
BAND_0732,RZ_RES_LOW,18,801,950,1.9,14.4,30,ROW_HOUSING
BAND_0733,RZ_RES_LOW,18,801,950,1.8,13.8,30,APARTMENT_BLOCK
BAND_0734,RZ_RES_LOW,18,801,950,1.85,14.1,30,ROW_HOUSING
BAND_0735,RZ_RES_LOW,18,801,950,1.9,14.4,30,APARTMENT_BLOCK
BAND_0736,RZ_RES_LOW,18,951,1100,1.8,13.8,30,APARTMENT_BLOCK
BAND_0737,RZ_RES_LOW,18,951,1100,1.85,14.1,30,ROW_HOUSING
BAND_0738,RZ_RES_LOW,18,951,1100,1.9,14.4,30,APARTMENT_BLOCK
BAND_0739,RZ_RES_LOW,18,951,1100,1.8,13.8,30,ROW_HOUSING
BAND_0740,RZ_RES_LOW,18,951,1100,1.85,14.1,30,APARTMENT_BLOCK
BAND_0741,RZ_RES_LOW,18,951,1100,1.9,14.4,30,ROW_HOUSING
BAND_0742,RZ_RES_LOW,18,951,1100,1.8,13.8,30,APARTMENT_BLOCK
BAND_0743,RZ_RES_LOW,18,951,1100,1.85,14.1,30,ROW_HOUSING
BAND_0744,RZ_RES_LOW,18,951,1100,1.9,14.4,30,APARTMENT_BLOCK
BAND_0745,RZ_RES_LOW,18,951,1100,1.8,13.8,30,ROW_HOUSING
BAND_0746,RZ_RES_LOW,18,951,1100,1.85,14.1,30,APARTMENT_BLOCK
BAND_0747,RZ_RES_LOW,18,951,1100,1.9,14.4,30,ROW_HOUSING
BAND_0748,RZ_RES_LOW,18,951,1100,1.8,13.8,30,APARTMENT_BLOCK
BAND_0749,RZ_RES_LOW,18,951,1100,1.85,14.1,30,ROW_HOUSING
BAND_0750,RZ_RES_LOW,18,951,1100,1.9,14.4,30,APARTMENT_BLOCK
BAND_0751,RZ_RES_LOW,21,60,120,1.7,13.2,30,APARTMENT_BLOCK
BAND_0752,RZ_RES_LOW,21,60,120,1.75,13.5,30,ROW_HOUSING
BAND_0753,RZ_RES_LOW,21,60,120,1.8,13.8,30,APARTMENT_BLOCK
BAND_0754,RZ_RES_LOW,21,60,120,1.7,13.2,30,ROW_HOUSING
BAND_0755,RZ_RES_LOW,21,60,120,1.75,13.5,30,APARTMENT_BLOCK
BAND_0756,RZ_RES_LOW,21,60,120,1.8,13.8,30,ROW_HOUSING
BAND_0757,RZ_RES_LOW,21,60,120,1.7,13.2,30,APARTMENT_BLOCK
BAND_0758,RZ_RES_LOW,21,60,120,1.75,13.5,30,ROW_HOUSING
BAND_0759,RZ_RES_LOW,21,60,120,1.8,13.8,30,APARTMENT_BLOCK
BAND_0760,RZ_RES_LOW,21,60,120,1.7,13.2,30,ROW_HOUSING
BAND_0761,RZ_RES_LOW,21,60,120,1.75,13.5,30,APARTMENT_BLOCK
BAND_0762,RZ_RES_LOW,21,60,120,1.8,13.8,30,ROW_HOUSING
BAND_0763,RZ_RES_LOW,21,60,120,1.7,13.2,30,APARTMENT_BLOCK
BAND_0764,RZ_RES_LOW,21,60,120,1.75,13.5,30,ROW_HOUSING
BAND_0765,RZ_RES_LOW,21,60,120,1.8,13.8,30,APARTMENT_BLOCK
BAND_0766,RZ_RES_LOW,21,121,180,1.7,13.2,30,APARTMENT_BLOCK
BAND_0767,RZ_RES_LOW,21,121,180,1.75,13.5,30,ROW_HOUSING
BAND_0768,RZ_RES_LOW,21,121,180,1.8,13.8,30,APARTMENT_BLOCK
BAND_0769,RZ_RES_LOW,21,121,180,1.7,13.2,30,ROW_HOUSING
BAND_0770,RZ_RES_LOW,21,121,180,1.75,13.5,30,APARTMENT_BLOCK
BAND_0771,RZ_RES_LOW,21,121,180,1.8,13.8,30,ROW_HOUSING
BAND_0772,RZ_RES_LOW,21,121,180,1.7,13.2,30,APARTMENT_BLOCK
BAND_0773,RZ_RES_LOW,21,121,180,1.75,13.5,30,ROW_HOUSING
BAND_0774,RZ_RES_LOW,21,121,180,1.8,13.8,30,APARTMENT_BLOCK
BAND_0775,RZ_RES_LOW,21,121,180,1.7,13.2,30,ROW_HOUSING
BAND_0776,RZ_RES_LOW,21,121,180,1.75,13.5,30,APARTMENT_BLOCK
BAND_0777,RZ_RES_LOW,21,121,180,1.8,13.8,30,ROW_HOUSING
BAND_0778,RZ_RES_LOW,21,121,180,1.7,13.2,30,APARTMENT_BLOCK
BAND_0779,RZ_RES_LOW,21,121,180,1.75,13.5,30,ROW_HOUSING
BAND_0780,RZ_RES_LOW,21,121,180,1.8,13.8,30,APARTMENT_BLOCK
BAND_0781,RZ_RES_LOW,21,181,240,1.7,13.2,30,APARTMENT_BLOCK
BAND_0782,RZ_RES_LOW,21,181,240,1.75,13.5,30,ROW_HOUSING
BAND_0783,RZ_RES_LOW,21,181,240,1.8,13.8,30,APARTMENT_BLOCK
BAND_0784,RZ_RES_LOW,21,181,240,1.7,13.2,30,ROW_HOUSING
BAND_0785,RZ_RES_LOW,21,181,240,1.75,13.5,30,APARTMENT_BLOCK
BAND_0786,RZ_RES_LOW,21,181,240,1.8,13.8,30,ROW_HOUSING
BAND_0787,RZ_RES_LOW,21,181,240,1.7,13.2,30,APARTMENT_BLOCK
BAND_0788,RZ_RES_LOW,21,181,240,1.75,13.5,30,ROW_HOUSING
BAND_0789,RZ_RES_LOW,21,181,240,1.8,13.8,30,APARTMENT_BLOCK
BAND_0790,RZ_RES_LOW,21,181,240,1.7,13.2,30,ROW_HOUSING
BAND_0791,RZ_RES_LOW,21,181,240,1.75,13.5,30,APARTMENT_BLOCK
BAND_0792,RZ_RES_LOW,21,181,240,1.8,13.8,30,ROW_HOUSING
BAND_0793,RZ_RES_LOW,21,181,240,1.7,13.2,30,APARTMENT_BLOCK
BAND_0794,RZ_RES_LOW,21,181,240,1.75,13.5,30,ROW_HOUSING
BAND_0795,RZ_RES_LOW,21,181,240,1.8,13.8,30,APARTMENT_BLOCK
BAND_0796,RZ_RES_LOW,21,241,320,1.7,13.2,30,APARTMENT_BLOCK
BAND_0797,RZ_RES_LOW,21,241,320,1.75,13.5,30,ROW_HOUSING
BAND_0798,RZ_RES_LOW,21,241,320,1.8,13.8,30,APARTMENT_BLOCK
BAND_0799,RZ_RES_LOW,21,241,320,1.7,13.2,30,ROW_HOUSING
BAND_0800,RZ_RES_LOW,21,241,320,1.75,13.5,30,APARTMENT_BLOCK
BAND_0801,RZ_RES_LOW,21,241,320,1.8,13.8,30,ROW_HOUSING
BAND_0802,RZ_RES_LOW,21,241,320,1.7,13.2,30,APARTMENT_BLOCK
BAND_0803,RZ_RES_LOW,21,241,320,1.75,13.5,30,ROW_HOUSING
BAND_0804,RZ_RES_LOW,21,241,320,1.8,13.8,30,APARTMENT_BLOCK
BAND_0805,RZ_RES_LOW,21,241,320,1.7,13.2,30,ROW_HOUSING
BAND_0806,RZ_RES_LOW,21,241,320,1.75,13.5,30,APARTMENT_BLOCK
BAND_0807,RZ_RES_LOW,21,241,320,1.8,13.8,30,ROW_HOUSING
BAND_0808,RZ_RES_LOW,21,241,320,1.7,13.2,30,APARTMENT_BLOCK
BAND_0809,RZ_RES_LOW,21,241,320,1.75,13.5,30,ROW_HOUSING
BAND_0810,RZ_RES_LOW,21,241,320,1.8,13.8,30,APARTMENT_BLOCK
BAND_0811,RZ_RES_LOW,21,321,400,1.7,13.2,30,APARTMENT_BLOCK
BAND_0812,RZ_RES_LOW,21,321,400,1.75,13.5,30,ROW_HOUSING
BAND_0813,RZ_RES_LOW,21,321,400,1.8,13.8,30,APARTMENT_BLOCK
BAND_0814,RZ_RES_LOW,21,321,400,1.7,13.2,30,ROW_HOUSING
BAND_0815,RZ_RES_LOW,21,321,400,1.75,13.5,30,APARTMENT_BLOCK
BAND_0816,RZ_RES_LOW,21,321,400,1.8,13.8,30,ROW_HOUSING
BAND_0817,RZ_RES_LOW,21,321,400,1.7,13.2,30,APARTMENT_BLOCK
BAND_0818,RZ_RES_LOW,21,321,400,1.75,13.5,30,ROW_HOUSING
BAND_0819,RZ_RES_LOW,21,321,400,1.8,13.8,30,APARTMENT_BLOCK
BAND_0820,RZ_RES_LOW,21,321,400,1.7,13.2,30,ROW_HOUSING
BAND_0821,RZ_RES_LOW,21,321,400,1.75,13.5,30,APARTMENT_BLOCK
BAND_0822,RZ_RES_LOW,21,321,400,1.8,13.8,30,ROW_HOUSING
BAND_0823,RZ_RES_LOW,21,321,400,1.7,13.2,30,APARTMENT_BLOCK
BAND_0824,RZ_RES_LOW,21,321,400,1.75,13.5,30,ROW_HOUSING
BAND_0825,RZ_RES_LOW,21,321,400,1.8,13.8,30,APARTMENT_BLOCK
BAND_0826,RZ_RES_LOW,21,401,520,1.9,14.4,30,APARTMENT_BLOCK
BAND_0827,RZ_RES_LOW,21,401,520,1.95,14.7,30,ROW_HOUSING
BAND_0828,RZ_RES_LOW,21,401,520,2.0,15.0,30,APARTMENT_BLOCK
BAND_0829,RZ_RES_LOW,21,401,520,1.9,14.4,30,ROW_HOUSING
BAND_0830,RZ_RES_LOW,21,401,520,1.95,14.7,30,APARTMENT_BLOCK
BAND_0831,RZ_RES_LOW,21,401,520,2.0,15.0,30,ROW_HOUSING
BAND_0832,RZ_RES_LOW,21,401,520,1.9,14.4,30,APARTMENT_BLOCK
BAND_0833,RZ_RES_LOW,21,401,520,1.95,14.7,30,ROW_HOUSING
BAND_0834,RZ_RES_LOW,21,401,520,2.0,15.0,30,APARTMENT_BLOCK
BAND_0835,RZ_RES_LOW,21,401,520,1.9,14.4,30,ROW_HOUSING
BAND_0836,RZ_RES_LOW,21,401,520,1.95,14.7,30,APARTMENT_BLOCK
BAND_0837,RZ_RES_LOW,21,401,520,2.0,15.0,30,ROW_HOUSING
BAND_0838,RZ_RES_LOW,21,401,520,1.9,14.4,30,APARTMENT_BLOCK
BAND_0839,RZ_RES_LOW,21,401,520,1.95,14.7,30,ROW_HOUSING
BAND_0840,RZ_RES_LOW,21,401,520,2.0,15.0,30,APARTMENT_BLOCK
BAND_0841,RZ_RES_LOW,21,521,650,1.9,14.4,30,APARTMENT_BLOCK
BAND_0842,RZ_RES_LOW,21,521,650,1.95,14.7,30,ROW_HOUSING
BAND_0843,RZ_RES_LOW,21,521,650,2.0,15.0,30,APARTMENT_BLOCK
BAND_0844,RZ_RES_LOW,21,521,650,1.9,14.4,30,ROW_HOUSING
BAND_0845,RZ_RES_LOW,21,521,650,1.95,14.7,30,APARTMENT_BLOCK
BAND_0846,RZ_RES_LOW,21,521,650,2.0,15.0,30,ROW_HOUSING
BAND_0847,RZ_RES_LOW,21,521,650,1.9,14.4,30,APARTMENT_BLOCK
BAND_0848,RZ_RES_LOW,21,521,650,1.95,14.7,30,ROW_HOUSING
BAND_0849,RZ_RES_LOW,21,521,650,2.0,15.0,30,APARTMENT_BLOCK
BAND_0850,RZ_RES_LOW,21,521,650,1.9,14.4,30,ROW_HOUSING
BAND_0851,RZ_RES_LOW,21,521,650,1.95,14.7,30,APARTMENT_BLOCK
BAND_0852,RZ_RES_LOW,21,521,650,2.0,15.0,30,ROW_HOUSING
BAND_0853,RZ_RES_LOW,21,521,650,1.9,14.4,30,APARTMENT_BLOCK
BAND_0854,RZ_RES_LOW,21,521,650,1.95,14.7,30,ROW_HOUSING
BAND_0855,RZ_RES_LOW,21,521,650,2.0,15.0,30,APARTMENT_BLOCK
BAND_0856,RZ_RES_LOW,21,651,800,1.9,14.4,30,APARTMENT_BLOCK
BAND_0857,RZ_RES_LOW,21,651,800,1.95,14.7,30,ROW_HOUSING
BAND_0858,RZ_RES_LOW,21,651,800,2.0,15.0,30,APARTMENT_BLOCK
BAND_0859,RZ_RES_LOW,21,651,800,1.9,14.4,30,ROW_HOUSING
BAND_0860,RZ_RES_LOW,21,651,800,1.95,14.7,30,APARTMENT_BLOCK
BAND_0861,RZ_RES_LOW,21,651,800,2.0,15.0,30,ROW_HOUSING
BAND_0862,RZ_RES_LOW,21,651,800,1.9,14.4,30,APARTMENT_BLOCK
BAND_0863,RZ_RES_LOW,21,651,800,1.95,14.7,30,ROW_HOUSING
BAND_0864,RZ_RES_LOW,21,651,800,2.0,15.0,30,APARTMENT_BLOCK
BAND_0865,RZ_RES_LOW,21,651,800,1.9,14.4,30,ROW_HOUSING
BAND_0866,RZ_RES_LOW,21,651,800,1.95,14.7,30,APARTMENT_BLOCK
BAND_0867,RZ_RES_LOW,21,651,800,2.0,15.0,30,ROW_HOUSING
BAND_0868,RZ_RES_LOW,21,651,800,1.9,14.4,30,APARTMENT_BLOCK
BAND_0869,RZ_RES_LOW,21,651,800,1.95,14.7,30,ROW_HOUSING
BAND_0870,RZ_RES_LOW,21,651,800,2.0,15.0,30,APARTMENT_BLOCK
BAND_0871,RZ_RES_LOW,21,801,950,2.0,15.0,30,APARTMENT_BLOCK
BAND_0872,RZ_RES_LOW,21,801,950,2.05,15.3,30,ROW_HOUSING
BAND_0873,RZ_RES_LOW,21,801,950,2.1,15.6,30,APARTMENT_BLOCK
BAND_0874,RZ_RES_LOW,21,801,950,2.0,15.0,30,ROW_HOUSING
BAND_0875,RZ_RES_LOW,21,801,950,2.05,15.3,30,APARTMENT_BLOCK
BAND_0876,RZ_RES_LOW,21,801,950,2.1,15.6,30,ROW_HOUSING
BAND_0877,RZ_RES_LOW,21,801,950,2.0,15.0,30,APARTMENT_BLOCK
BAND_0878,RZ_RES_LOW,21,801,950,2.05,15.3,30,ROW_HOUSING
BAND_0879,RZ_RES_LOW,21,801,950,2.1,15.6,30,APARTMENT_BLOCK
BAND_0880,RZ_RES_LOW,21,801,950,2.0,15.0,30,ROW_HOUSING
BAND_0881,RZ_RES_LOW,21,801,950,2.05,15.3,30,APARTMENT_BLOCK
BAND_0882,RZ_RES_LOW,21,801,950,2.1,15.6,30,ROW_HOUSING
BAND_0883,RZ_RES_LOW,21,801,950,2.0,15.0,30,APARTMENT_BLOCK
BAND_0884,RZ_RES_LOW,21,801,950,2.05,15.3,30,ROW_HOUSING
BAND_0885,RZ_RES_LOW,21,801,950,2.1,15.6,30,APARTMENT_BLOCK
BAND_0886,RZ_RES_LOW,21,951,1100,2.0,15.0,30,APARTMENT_BLOCK
BAND_0887,RZ_RES_LOW,21,951,1100,2.05,15.3,30,ROW_HOUSING
BAND_0888,RZ_RES_LOW,21,951,1100,2.1,15.6,30,APARTMENT_BLOCK
BAND_0889,RZ_RES_LOW,21,951,1100,2.0,15.0,30,ROW_HOUSING
BAND_0890,RZ_RES_LOW,21,951,1100,2.05,15.3,30,APARTMENT_BLOCK
BAND_0891,RZ_RES_LOW,21,951,1100,2.1,15.6,30,ROW_HOUSING
BAND_0892,RZ_RES_LOW,21,951,1100,2.0,15.0,30,APARTMENT_BLOCK
BAND_0893,RZ_RES_LOW,21,951,1100,2.05,15.3,30,ROW_HOUSING
BAND_0894,RZ_RES_LOW,21,951,1100,2.1,15.6,30,APARTMENT_BLOCK
BAND_0895,RZ_RES_LOW,21,951,1100,2.0,15.0,30,ROW_HOUSING
BAND_0896,RZ_RES_LOW,21,951,1100,2.05,15.3,30,APARTMENT_BLOCK
BAND_0897,RZ_RES_LOW,21,951,1100,2.1,15.6,30,ROW_HOUSING
BAND_0898,RZ_RES_LOW,21,951,1100,2.0,15.0,30,APARTMENT_BLOCK
BAND_0899,RZ_RES_LOW,21,951,1100,2.05,15.3,30,ROW_HOUSING
BAND_0900,RZ_RES_LOW,21,951,1100,2.1,15.6,30,APARTMENT_BLOCK
BAND_0901,RZ_RES_LOW,24,60,120,1.7,13.2,30,APARTMENT_BLOCK
BAND_0902,RZ_RES_LOW,24,60,120,1.75,13.5,30,ROW_HOUSING
BAND_0903,RZ_RES_LOW,24,60,120,1.8,13.8,30,APARTMENT_BLOCK
BAND_0904,RZ_RES_LOW,24,60,120,1.7,13.2,30,ROW_HOUSING
BAND_0905,RZ_RES_LOW,24,60,120,1.75,13.5,30,APARTMENT_BLOCK
BAND_0906,RZ_RES_LOW,24,60,120,1.8,13.8,30,ROW_HOUSING
BAND_0907,RZ_RES_LOW,24,60,120,1.7,13.2,30,APARTMENT_BLOCK
BAND_0908,RZ_RES_LOW,24,60,120,1.75,13.5,30,ROW_HOUSING
BAND_0909,RZ_RES_LOW,24,60,120,1.8,13.8,30,APARTMENT_BLOCK
BAND_0910,RZ_RES_LOW,24,60,120,1.7,13.2,30,ROW_HOUSING
BAND_0911,RZ_RES_LOW,24,60,120,1.75,13.5,30,APARTMENT_BLOCK
BAND_0912,RZ_RES_LOW,24,60,120,1.8,13.8,30,ROW_HOUSING
BAND_0913,RZ_RES_LOW,24,60,120,1.7,13.2,30,APARTMENT_BLOCK
BAND_0914,RZ_RES_LOW,24,60,120,1.75,13.5,30,ROW_HOUSING
BAND_0915,RZ_RES_LOW,24,60,120,1.8,13.8,30,APARTMENT_BLOCK
BAND_0916,RZ_RES_LOW,24,121,180,1.7,13.2,30,APARTMENT_BLOCK
BAND_0917,RZ_RES_LOW,24,121,180,1.75,13.5,30,ROW_HOUSING
BAND_0918,RZ_RES_LOW,24,121,180,1.8,13.8,30,APARTMENT_BLOCK
BAND_0919,RZ_RES_LOW,24,121,180,1.7,13.2,30,ROW_HOUSING
BAND_0920,RZ_RES_LOW,24,121,180,1.75,13.5,30,APARTMENT_BLOCK
BAND_0921,RZ_RES_LOW,24,121,180,1.8,13.8,30,ROW_HOUSING
BAND_0922,RZ_RES_LOW,24,121,180,1.7,13.2,30,APARTMENT_BLOCK
BAND_0923,RZ_RES_LOW,24,121,180,1.75,13.5,30,ROW_HOUSING
BAND_0924,RZ_RES_LOW,24,121,180,1.8,13.8,30,APARTMENT_BLOCK
BAND_0925,RZ_RES_LOW,24,121,180,1.7,13.2,30,ROW_HOUSING
BAND_0926,RZ_RES_LOW,24,121,180,1.75,13.5,30,APARTMENT_BLOCK
BAND_0927,RZ_RES_LOW,24,121,180,1.8,13.8,30,ROW_HOUSING
BAND_0928,RZ_RES_LOW,24,121,180,1.7,13.2,30,APARTMENT_BLOCK
BAND_0929,RZ_RES_LOW,24,121,180,1.75,13.5,30,ROW_HOUSING
BAND_0930,RZ_RES_LOW,24,121,180,1.8,13.8,30,APARTMENT_BLOCK
BAND_0931,RZ_RES_LOW,24,181,240,1.7,13.2,30,APARTMENT_BLOCK
BAND_0932,RZ_RES_LOW,24,181,240,1.75,13.5,30,ROW_HOUSING
BAND_0933,RZ_RES_LOW,24,181,240,1.8,13.8,30,APARTMENT_BLOCK
BAND_0934,RZ_RES_LOW,24,181,240,1.7,13.2,30,ROW_HOUSING
BAND_0935,RZ_RES_LOW,24,181,240,1.75,13.5,30,APARTMENT_BLOCK
BAND_0936,RZ_RES_LOW,24,181,240,1.8,13.8,30,ROW_HOUSING
BAND_0937,RZ_RES_LOW,24,181,240,1.7,13.2,30,APARTMENT_BLOCK
BAND_0938,RZ_RES_LOW,24,181,240,1.75,13.5,30,ROW_HOUSING
BAND_0939,RZ_RES_LOW,24,181,240,1.8,13.8,30,APARTMENT_BLOCK
BAND_0940,RZ_RES_LOW,24,181,240,1.7,13.2,30,ROW_HOUSING
BAND_0941,RZ_RES_LOW,24,181,240,1.75,13.5,30,APARTMENT_BLOCK
BAND_0942,RZ_RES_LOW,24,181,240,1.8,13.8,30,ROW_HOUSING
BAND_0943,RZ_RES_LOW,24,181,240,1.7,13.2,30,APARTMENT_BLOCK
BAND_0944,RZ_RES_LOW,24,181,240,1.75,13.5,30,ROW_HOUSING
BAND_0945,RZ_RES_LOW,24,181,240,1.8,13.8,30,APARTMENT_BLOCK
BAND_0946,RZ_RES_LOW,24,241,320,1.7,13.2,30,APARTMENT_BLOCK
BAND_0947,RZ_RES_LOW,24,241,320,1.75,13.5,30,ROW_HOUSING
BAND_0948,RZ_RES_LOW,24,241,320,1.8,13.8,30,APARTMENT_BLOCK
BAND_0949,RZ_RES_LOW,24,241,320,1.7,13.2,30,ROW_HOUSING
BAND_0950,RZ_RES_LOW,24,241,320,1.75,13.5,30,APARTMENT_BLOCK
BAND_0951,RZ_RES_LOW,24,241,320,1.8,13.8,30,ROW_HOUSING
BAND_0952,RZ_RES_LOW,24,241,320,1.7,13.2,30,APARTMENT_BLOCK
BAND_0953,RZ_RES_LOW,24,241,320,1.75,13.5,30,ROW_HOUSING
BAND_0954,RZ_RES_LOW,24,241,320,1.8,13.8,30,APARTMENT_BLOCK
BAND_0955,RZ_RES_LOW,24,241,320,1.7,13.2,30,ROW_HOUSING
BAND_0956,RZ_RES_LOW,24,241,320,1.75,13.5,30,APARTMENT_BLOCK
BAND_0957,RZ_RES_LOW,24,241,320,1.8,13.8,30,ROW_HOUSING
BAND_0958,RZ_RES_LOW,24,241,320,1.7,13.2,30,APARTMENT_BLOCK
BAND_0959,RZ_RES_LOW,24,241,320,1.75,13.5,30,ROW_HOUSING
BAND_0960,RZ_RES_LOW,24,241,320,1.8,13.8,30,APARTMENT_BLOCK
BAND_0961,RZ_RES_LOW,24,321,400,1.7,13.2,30,APARTMENT_BLOCK
BAND_0962,RZ_RES_LOW,24,321,400,1.75,13.5,30,ROW_HOUSING
BAND_0963,RZ_RES_LOW,24,321,400,1.8,13.8,30,APARTMENT_BLOCK
BAND_0964,RZ_RES_LOW,24,321,400,1.7,13.2,30,ROW_HOUSING
BAND_0965,RZ_RES_LOW,24,321,400,1.75,13.5,30,APARTMENT_BLOCK
BAND_0966,RZ_RES_LOW,24,321,400,1.8,13.8,30,ROW_HOUSING
BAND_0967,RZ_RES_LOW,24,321,400,1.7,13.2,30,APARTMENT_BLOCK
BAND_0968,RZ_RES_LOW,24,321,400,1.75,13.5,30,ROW_HOUSING
BAND_0969,RZ_RES_LOW,24,321,400,1.8,13.8,30,APARTMENT_BLOCK
BAND_0970,RZ_RES_LOW,24,321,400,1.7,13.2,30,ROW_HOUSING
BAND_0971,RZ_RES_LOW,24,321,400,1.75,13.5,30,APARTMENT_BLOCK
BAND_0972,RZ_RES_LOW,24,321,400,1.8,13.8,30,ROW_HOUSING
BAND_0973,RZ_RES_LOW,24,321,400,1.7,13.2,30,APARTMENT_BLOCK
BAND_0974,RZ_RES_LOW,24,321,400,1.75,13.5,30,ROW_HOUSING
BAND_0975,RZ_RES_LOW,24,321,400,1.8,13.8,30,APARTMENT_BLOCK
BAND_0976,RZ_RES_LOW,24,401,520,1.9,14.4,30,APARTMENT_BLOCK
BAND_0977,RZ_RES_LOW,24,401,520,1.95,14.7,30,ROW_HOUSING
BAND_0978,RZ_RES_LOW,24,401,520,2.0,15.0,30,APARTMENT_BLOCK
BAND_0979,RZ_RES_LOW,24,401,520,1.9,14.4,30,ROW_HOUSING
BAND_0980,RZ_RES_LOW,24,401,520,1.95,14.7,30,APARTMENT_BLOCK
BAND_0981,RZ_RES_LOW,24,401,520,2.0,15.0,30,ROW_HOUSING
BAND_0982,RZ_RES_LOW,24,401,520,1.9,14.4,30,APARTMENT_BLOCK
BAND_0983,RZ_RES_LOW,24,401,520,1.95,14.7,30,ROW_HOUSING
BAND_0984,RZ_RES_LOW,24,401,520,2.0,15.0,30,APARTMENT_BLOCK
BAND_0985,RZ_RES_LOW,24,401,520,1.9,14.4,30,ROW_HOUSING
BAND_0986,RZ_RES_LOW,24,401,520,1.95,14.7,30,APARTMENT_BLOCK
BAND_0987,RZ_RES_LOW,24,401,520,2.0,15.0,30,ROW_HOUSING
BAND_0988,RZ_RES_LOW,24,401,520,1.9,14.4,30,APARTMENT_BLOCK
BAND_0989,RZ_RES_LOW,24,401,520,1.95,14.7,30,ROW_HOUSING
BAND_0990,RZ_RES_LOW,24,401,520,2.0,15.0,30,APARTMENT_BLOCK
BAND_0991,RZ_RES_LOW,24,521,650,1.9,14.4,30,APARTMENT_BLOCK
BAND_0992,RZ_RES_LOW,24,521,650,1.95,14.7,30,ROW_HOUSING
BAND_0993,RZ_RES_LOW,24,521,650,2.0,15.0,30,APARTMENT_BLOCK
BAND_0994,RZ_RES_LOW,24,521,650,1.9,14.4,30,ROW_HOUSING
BAND_0995,RZ_RES_LOW,24,521,650,1.95,14.7,30,APARTMENT_BLOCK
BAND_0996,RZ_RES_LOW,24,521,650,2.0,15.0,30,ROW_HOUSING
BAND_0997,RZ_RES_LOW,24,521,650,1.9,14.4,30,APARTMENT_BLOCK
BAND_0998,RZ_RES_LOW,24,521,650,1.95,14.7,30,ROW_HOUSING
BAND_0999,RZ_RES_LOW,24,521,650,2.0,15.0,30,APARTMENT_BLOCK
BAND_1000,RZ_RES_LOW,24,521,650,1.9,14.4,30,ROW_HOUSING
