heap_index,case_id,zone,plot_area_sqm,road_width_m,proposed_far,proposed_height_m,phase_critical,priority_score
1,CASE_0259,RZ_COMM_MAIN,998.3,10.9,3.94,43.1,YES,118.95
2,CASE_0131,RZ_COMM_MAIN,835.4,6.0,3.61,25.6,YES,113.9
3,CASE_0491,RZ_COMM_LOCAL,820.7,7.7,3.54,38.1,YES,109.45
4,CASE_0018,RZ_COMM_MAIN,996.4,15.5,3.91,40.0,YES,109.1
5,CASE_0330,RZ_COMM_MAIN,880.7,7.5,2.34,34.3,YES,105.55
6,CASE_0853,RZ_COMM_LOCAL,331.5,9.3,3.7,43.6,YES,106.8
7,CASE_0902,RZ_COMM_MAIN,846.5,8.1,2.79,20.7,YES,103.25
8,CASE_0133,RZ_COMM_MAIN,183.2,11.2,3.64,26.4,YES,107.6
9,CASE_0587,RZ_COMM_MAIN,526.6,9.7,3.8,20.9,YES,106.45
10,CASE_0644,RZ_COMM_MAIN,137.4,7.7,3.91,36.8,NO,92.5
11,CASE_0095,RZ_COMM_MAIN,696.7,23.2,2.19,34.7,YES,89.25
12,CASE_0397,RZ_COMM_LOCAL,946.4,9.8,3.39,38.9,YES,101.35
13,CASE_0860,RZ_COMM_MAIN,226.8,14.2,2.74,42.5,YES,98.65
14,CASE_0470,RZ_COMM_LOCAL,920.9,11.8,3.48,29.6,YES,97.6
15,CASE_0996,RZ_RES_MED,800.4,7.5,3.64,35.5,YES,99.15
16,CASE_0535,RZ_RES_MED,844.1,10.6,3.73,41.9,YES,96.25
17,CASE_0544,RZ_COMM_LOCAL,787.6,11.8,3.19,30.8,YES,95.3
18,CASE_0606,RZ_COMM_LOCAL,480.2,8.1,2.49,32.5,YES,96.15
19,CASE_0624,RZ_COMM_MAIN,328.8,21.3,3.42,27.8,YES,98.1
20,CASE_0083,RZ_COMM_MAIN,949.3,6.4,3.64,29.7,NO,86.25
21,CASE_0168,RZ_COMM_MAIN,268.1,7.1,3.47,41.7,NO,90.55
22,CASE_0091,RZ_RES_HIGH,270.8,7.2,3.87,10.4,YES,88.9
23,CASE_0368,RZ_COMM_MAIN,978.8,6.3,3.44,33.3,NO,86.05
24,CASE_0384,RZ_COMM_LOCAL,729.0,17.4,3.22,20.4,YES,82.4
25,CASE_0809,RZ_COMM_MAIN,244.3,17.1,3.21,17.9,YES,91.05
26,CASE_0416,RZ_COMM_MAIN,614.8,18.1,1.94,17.6,YES,78.2
27,CASE_0893,RZ_COMM_MAIN,133.8,22.6,3.29,29.4,YES,97.6
28,CASE_0917,RZ_RES_MED,729.4,10.8,3.78,29.7,YES,90.65
29,CASE_0471,RZ_RES_LOW,228.6,20.5,3.94,43.3,YES,91.05
30,CASE_0244,RZ_COMM_LOCAL,620.9,6.3,2.55,17.7,YES,89.35
31,CASE_0031,RZ_COMM_MAIN,601.6,10.4,2.42,23.7,YES,94.05
32,CASE_0260,RZ_COMM_LOCAL,401.5,20.4,3.04,43.3,YES,92.05
33,CASE_0538,RZ_RES_MED,592.6,16.5,3.89,12.6,YES,75.2
34,CASE_0274,RZ_COMM_MAIN,231.0,23.4,2.3,41.8,YES,93.9
35,CASE_0071,RZ_RES_MED,679.3,11.1,2.99,31.3,YES,83.55
36,CASE_0579,RZ_COMM_LOCAL,78.0,10.0,3.95,16.6,YES,95.8
37,CASE_0605,RZ_COMM_LOCAL,828.1,7.4,2.33,29.6,YES,93.1
38,CASE_0613,RZ_COMM_LOCAL,835.1,9.4,2.01,36.3,YES,86.25
39,CASE_0316,RZ_RES_LOW,673.2,10.2,3.22,39.6,YES,90.0
40,CASE_0161,RZ_COMM_MAIN,403.0,8.4,3.73,20.8,NO,82.7
41,CASE_0660,RZ_COMM_MAIN,518.0,12.0,1.38,32.6,YES,80.1
42,CASE_0169,RZ_COMM_LOCAL,169.7,6.8,1.11,44.9,YES,88.55
43,CASE_0693,RZ_RES_HIGH,613.7,19.3,3.28,34.1,YES,79.85
44,CASE_0705,RZ_COMM_MAIN,676.8,11.2,3.89,11.1,NO,72.45
45,CASE_0366,RZ_COMM_MAIN,488.6,7.1,2.91,42.6,NO,85.4
46,CASE_0743,RZ_COMM_MAIN,549.7,14.1,1.5,39.8,YES,84.9
47,CASE_0765,RZ_COMM_LOCAL,292.3,23.9,1.6,35.5,YES,73.75
48,CASE_0096,RZ_RES_MED,155.8,19.9,3.55,30.6,YES,80.8
49,CASE_0399,RZ_COMM_LOCAL,801.7,7.3,3.97,26.3,NO,77.85
50,CASE_0806,RZ_COMM_MAIN,534.4,10.0,1.87,23.2,YES,88.3
51,CASE_0412,RZ_RES_LOW,722.5,9.7,3.26,38.1,YES,89.65
52,CASE_0419,RZ_RES_MED,520.3,8.5,1.94,25.2,YES,77.0
53,CASE_0855,RZ_COMM_LOCAL,283.6,16.6,2.43,23.8,YES,76.2
54,CASE_0218,RZ_COMM_MAIN,672.7,11.8,2.43,14.4,YES,89.5
55,CASE_0883,RZ_RES_MED,252.9,6.7,2.16,40.1,YES,86.65
56,CASE_0455,RZ_RES_HIGH,573.6,9.1,2.41,44.5,YES,84.35
57,CASE_0926,RZ_COMM_LOCAL,137.6,15.1,3.55,19.0,YES,85.0
58,CASE_0941,RZ_COMM_MAIN,659.8,18.7,1.36,39.8,YES,83.5
59,CASE_0958,RZ_RES_LOW,94.8,7.0,3.36,10.5,YES,83.85
60,CASE_0962,RZ_RES_LOW,488.8,9.1,2.77,38.4,YES,84.9
61,CASE_0977,RZ_RES_LOW,929.4,9.2,3.36,26.5,YES,84.85
62,CASE_0248,RZ_RES_LOW,395.7,7.2,1.72,32.7,YES,78.55
63,CASE_0505,RZ_RES_LOW,554.9,6.0,3.75,16.3,YES,90.65
64,CASE_0512,RZ_COMM_MAIN,90.4,16.8,3.76,43.8,NO,79.5
65,CASE_0008,RZ_RES_MED,722.3,6.8,1.68,19.4,YES,71.5
66,CASE_0530,RZ_COMM_MAIN,117.3,13.0,2.57,43.8,NO,67.6
67,CASE_0271,RZ_COMM_MAIN,891.2,7.2,2.19,34.8,NO,74.3
68,CASE_0546,RZ_RES_LOW,544.4,8.9,1.93,27.2,YES,77.9
69,CASE_0139,RZ_COMM_MAIN,311.1,6.0,3.18,39.1,NO,86.35
70,CASE_0281,RZ_COMM_MAIN,332.3,23.2,2.45,38.0,NO,63.5
71,CASE_0568,RZ_COMM_MAIN,605.5,17.2,2.42,16.0,YES,82.2
72,CASE_0576,RZ_RES_HIGH,353.4,7.8,2.51,20.0,YES,80.1
73,CASE_0584,RZ_COMM_MAIN,313.8,16.9,1.41,38.9,YES,83.55
74,CASE_0593,RZ_COMM_MAIN,312.2,19.2,2.12,21.3,YES,81.85
75,CASE_0303,RZ_COMM_MAIN,925.3,21.7,3.21,11.2,YES,87.7
76,CASE_0153,RZ_COMM_MAIN,194.5,14.3,1.76,18.2,YES,76.7
77,CASE_0309,RZ_COMM_LOCAL,902.0,13.1,2.04,36.8,YES,78.8
78,CASE_0039,RZ_COMM_LOCAL,205.5,11.3,3.91,29.9,NO,72.05
79,CASE_0318,RZ_COMM_LOCAL,235.1,19.5,3.62,19.4,YES,85.9
80,CASE_0647,RZ_RES_LOW,762.1,8.8,2.38,20.9,YES,79.25
81,CASE_0650,RZ_COMM_MAIN,65.5,19.0,1.19,35.9,YES,79.85
82,CASE_0165,RZ_COMM_LOCAL,969.2,20.5,2.1,37.5,YES,79.75
83,CASE_0020,RZ_COMM_LOCAL,208.7,6.1,3.17,34.9,NO,74.15
84,CASE_0674,RZ_COMM_MAIN,913.3,12.5,2.41,25.4,YES,86.8
85,CASE_0683,RZ_COMM_MAIN,198.1,9.0,3.77,27.6,NO,79.5
86,CASE_0346,RZ_COMM_MAIN,622.0,18.1,1.96,19.9,YES,79.55
87,CASE_0703,RZ_RES_LOW,816.1,20.8,2.42,30.6,YES,69.5
88,CASE_0354,RZ_COMM_MAIN,740.8,16.1,2.44,40.3,NO,64.55
89,CASE_0715,RZ_RES_HIGH,963.6,14.3,2.38,30.1,YES,68.85
90,CASE_0724,RZ_COMM_MAIN,876.6,14.8,3.95,42.0,NO,80.5
91,CASE_0182,RZ_COMM_MAIN,100.8,20.1,3.6,27.8,NO,69.9
92,CASE_0185,RZ_COMM_MAIN,575.5,11.9,3.98,28.1,NO,81.85
93,CASE_0747,RZ_COMM_LOCAL,350.8,10.5,1.85,31.6,YES,82.3
94,CASE_0376,RZ_COMM_MAIN,678.6,9.2,3.55,9.6,NO,68.3
95,CASE_0381,RZ_COMM_LOCAL,970.8,11.9,2.9,37.2,NO,65.6
96,CASE_0772,RZ_RES_LOW,116.2,17.6,3.1,37.5,YES,79.75
97,CASE_0779,RZ_RES_MED,361.5,7.1,3.9,38.5,NO,73.25
98,CASE_0789,RZ_COMM_MAIN,450.3,7.9,2.92,21.9,NO,75.15
99,CASE_0798,RZ_RES_HIGH,405.1,16.5,1.7,38.2,YES,66.1
100,CASE_0402,RZ_RES_MED,668.2,6.8,3.95,33.4,NO,71.2
101,CASE_0405,RZ_COMM_MAIN,709.0,8.7,3.99,26.4,NO,88.1
102,CASE_0818,RZ_RES_HIGH,220.1,11.1,3.37,31.2,YES,87.3
103,CASE_0206,RZ_RES_HIGH,601.2,16.3,3.13,24.0,YES,73.3
104,CASE_0052,RZ_RES_HIGH,211.9,14.0,3.12,29.2,YES,75.8
105,CASE_0105,RZ_RES_MED,709.2,17.6,2.47,37.5,YES,73.45
106,CASE_0850,RZ_COMM_MAIN,724.8,19.1,3.93,31.0,NO,74.8
107,CASE_0858,RZ_COMM_MAIN,847.7,11.4,3.76,10.8,NO,71.0
108,CASE_0868,RZ_RES_LOW,753.2,9.7,2.85,23.9,YES,78.45
109,CASE_0875,RZ_COMM_MAIN,563.7,9.7,3.06,37.8,NO,77.5
110,CASE_0880,RZ_RES_HIGH,797.8,20.0,3.74,25.0,YES,79.9
111,CASE_0892,RZ_COMM_LOCAL,639.3,11.6,3.45,34.7,NO,69.85
112,CASE_0898,RZ_COMM_MAIN,156.8,20.7,3.39,20.7,NO,64.25
113,CASE_0905,RZ_COMM_MAIN,909.1,17.5,1.0,14.3,YES,67.15
114,CASE_0114,RZ_RES_LOW,436.7,7.3,2.89,10.9,YES,79.35
115,CASE_0115,RZ_COMM_MAIN,952.2,7.5,1.74,29.1,NO,66.95
116,CASE_0232,RZ_COMM_LOCAL,280.0,10.3,3.9,37.2,NO,75.6
117,CASE_0117,RZ_COMM_MAIN,990.6,11.5,2.86,30.9,NO,72.05
118,CASE_0948,RZ_RES_LOW,597.1,10.5,2.34,41.3,YES,82.05
119,CASE_0952,RZ_COMM_MAIN,563.2,23.8,2.0,19.9,YES,79.95
120,CASE_0967,RZ_RES_MED,154.0,21.3,2.84,37.0,YES,76.9
121,CASE_0970,RZ_RES_HIGH,551.7,13.4,3.81,31.0,YES,83.6
122,CASE_0976,RZ_RES_MED,468.6,12.0,3.42,36.3,YES,82.35
123,CASE_0990,RZ_COMM_LOCAL,525.6,7.5,3.26,34.0,NO,74.6
124,CASE_0998,RZ_RES_MED,669.3,18.7,2.68,36.8,YES,75.2
125,CASE_0251,RZ_RES_MED,119.3,20.0,2.37,19.6,YES,63.5
126,CASE_0126,RZ_COMM_MAIN,953.7,24.0,3.02,18.7,YES,89.55
127,CASE_0510,RZ_COMM_MAIN,799.8,10.0,2.77,15.3,NO,63.35
128,CASE_0128,RZ_COMM_LOCAL,970.9,14.5,2.23,20.6,YES,72.6
129,CASE_0064,RZ_RES_LOW,422.1,16.4,1.76,34.5,YES,64.85
130,CASE_0016,RZ_RES_HIGH,266.2,24.0,2.53,12.3,YES,61.45
131,CASE_0525,RZ_COMM_MAIN,511.5,7.7,1.62,32.0,NO,67.2
132,CASE_0132,RZ_COMM_MAIN,400.1,19.6,2.88,36.4,NO,67.0
133,CASE_0267,RZ_RES_LOW,821.9,23.4,3.96,33.0,NO,56.1
134,CASE_0268,RZ_COMM_MAIN,569.6,22.0,3.55,34.6,NO,72.8
135,CASE_0542,RZ_RES_HIGH,903.2,6.4,3.45,19.9,NO,59.45
136,CASE_0547,RZ_COMM_MAIN,886.6,6.5,1.58,39.0,NO,70.3
137,CASE_0550,RZ_COMM_MAIN,479.3,23.3,2.42,28.8,NO,58.6
138,CASE_0553,RZ_COMM_LOCAL,542.5,21.6,3.9,33.6,NO,65.8
139,CASE_0278,RZ_COMM_MAIN,204.9,17.9,3.16,30.8,NO,67.0
140,CASE_0070,RZ_COMM_LOCAL,475.6,9.8,2.42,41.4,NO,62.9
141,CASE_0567,RZ_RES_HIGH,409.4,16.5,2.39,13.2,YES,60.5
142,CASE_0569,RZ_COMM_LOCAL,558.0,13.4,3.61,14.4,NO,53.3
143,CASE_0287,RZ_RES_HIGH,238.4,8.9,3.99,25.8,NO,67.8
144,CASE_0288,RZ_COMM_LOCAL,81.8,23.0,2.52,43.8,NO,57.1
145,CASE_0581,RZ_RES_HIGH,785.0,17.2,2.78,10.7,YES,63.15
146,CASE_0293,RZ_COMM_MAIN,171.7,23.6,2.18,37.6,NO,60.6
147,CASE_0294,RZ_RES_HIGH,769.7,9.6,2.53,27.0,YES,76.8
148,CASE_0594,RZ_COMM_LOCAL,964.6,10.9,2.16,39.6,NO,59.4
149,CASE_0298,RZ_COMM_LOCAL,826.8,12.6,3.02,44.3,NO,62.35
150,CASE_0301,RZ_COMM_LOCAL,198.9,18.3,1.09,43.1,YES,72.45
151,CASE_0607,RZ_COMM_LOCAL,93.7,15.9,3.48,37.5,NO,63.55
152,CASE_0610,RZ_RES_HIGH,733.0,8.1,3.28,17.0,NO,56.3
153,CASE_0076,RZ_COMM_MAIN,294.2,21.3,2.37,37.9,NO,62.65
154,CASE_0619,RZ_COMM_LOCAL,816.5,8.5,2.81,40.9,NO,73.55
155,CASE_0620,RZ_COMM_MAIN,869.1,18.8,3.81,31.8,NO,74.0
156,CASE_0627,RZ_RES_HIGH,825.2,7.8,3.6,35.6,NO,68.8
157,CASE_0628,RZ_COMM_MAIN,425.6,15.2,3.39,34.1,NO,70.95
158,CASE_0634,RZ_COMM_MAIN,308.4,8.9,3.54,9.2,NO,75.0
159,CASE_0319,RZ_RES_HIGH,593.9,7.9,3.95,19.2,NO,64.1
160,CASE_0321,RZ_RES_LOW,370.8,19.2,2.94,34.9,YES,76.85
161,CASE_0010,RZ_RES_HIGH,256.9,10.8,3.81,32.3,NO,62.25
162,CASE_0081,RZ_COMM_MAIN,135.7,8.7,2.15,14.5,NO,63.75
163,CASE_0653,RZ_COMM_MAIN,266.7,19.4,3.39,39.6,NO,73.7
164,CASE_0659,RZ_COMM_MAIN,493.6,15.9,1.87,11.4,YES,74.4
165,CASE_0662,RZ_COMM_MAIN,203.3,16.2,3.42,43.5,NO,75.95
166,CASE_0665,RZ_COMM_LOCAL,578.6,9.2,2.82,39.3,NO,65.85
167,CASE_0334,RZ_COMM_MAIN,114.3,14.3,3.42,35.0,NO,71.7
168,CASE_0672,RZ_COMM_MAIN,679.8,23.4,3.21,26.4,NO,65.3
169,CASE_0678,RZ_RES_HIGH,517.6,14.7,2.81,27.1,YES,71.65
170,CASE_0680,RZ_COMM_MAIN,734.3,8.1,1.69,38.2,NO,71.0
171,CASE_0171,RZ_COMM_MAIN,454.0,19.4,1.46,23.9,YES,76.55
172,CASE_0688,RZ_COMM_LOCAL,184.3,6.3,2.57,41.7,NO,71.55
173,CASE_0695,RZ_COMM_MAIN,444.1,9.4,3.13,37.4,NO,78.0
174,CASE_0174,RZ_RES_HIGH,116.9,11.0,3.9,43.2,NO,68.6
175,CASE_0700,RZ_RES_HIGH,787.7,13.2,1.41,40.1,YES,64.15
176,CASE_0353,RZ_RES_MED,108.4,12.8,2.81,10.4,YES,63.3
177,CASE_0355,RZ_RES_LOW,259.1,9.4,3.22,35.9,NO,58.15
178,CASE_0712,RZ_COMM_MAIN,64.4,9.2,2.52,29.1,NO,67.75
179,CASE_0359,RZ_RES_MED,408.5,13.5,2.69,17.0,YES,65.4
180,CASE_0721,RZ_RES_MED,844.8,21.1,2.07,37.0,YES,69.2
181,CASE_0725,RZ_RES_MED,765.2,8.3,2.58,24.2,NO,52.9
182,CASE_0365,RZ_RES_LOW,447.6,21.2,1.69,34.5,YES,64.15
183,CASE_0733,RZ_COMM_LOCAL,186.4,22.1,2.89,28.2,NO,53.0
184,CASE_0736,RZ_RES_HIGH,399.3,16.1,3.8,18.3,YES,77.15
185,CASE_0046,RZ_COMM_MAIN,309.3,22.8,3.64,40.7,NO,76.75
186,CASE_0372,RZ_RES_LOW,147.9,12.8,2.66,11.0,YES,62.1
187,CASE_0375,RZ_COMM_MAIN,507.0,6.8,1.22,42.3,NO,68.35
188,CASE_0754,RZ_COMM_LOCAL,341.6,19.8,3.39,30.5,NO,59.15
189,CASE_0759,RZ_COMM_LOCAL,315.8,17.2,1.56,9.7,YES,60.45
190,CASE_0762,RZ_COMM_LOCAL,998.1,14.3,3.37,20.9,NO,54.15
191,CASE_0191,RZ_RES_LOW,446.2,21.7,3.82,24.2,NO,50.3
192,CASE_0385,RZ_RES_LOW,946.4,14.0,3.28,12.7,YES,69.15
193,CASE_0193,RZ_COMM_LOCAL,270.8,7.9,3.54,22.2,NO,71.5
194,CASE_0194,RZ_COMM_MAIN,272.6,13.7,2.68,36.6,NO,65.1
195,CASE_0195,RZ_COMM_MAIN,84.7,22.7,3.49,18.6,NO,64.2
196,CASE_0393,RZ_COMM_MAIN,188.0,11.8,3.84,16.2,NO,74.5
197,CASE_0394,RZ_COMM_LOCAL,970.6,11.2,3.08,26.7,NO,62.15
198,CASE_0794,RZ_COMM_LOCAL,480.6,13.1,3.18,44.4,NO,64.0
199,CASE_0199,RZ_COMM_MAIN,139.9,6.9,1.47,31.2,NO,65.3
200,CASE_0800,RZ_COMM_LOCAL,836.2,18.4,2.73,41.7,NO,58.15
201,CASE_0100,RZ_COMM_MAIN,788.2,14.4,3.48,30.3,NO,69.95
202,CASE_0101,RZ_RES_MED,840.9,7.6,3.64,17.8,NO,60.3
203,CASE_0813,RZ_RES_MED,247.7,12.7,3.27,39.7,YES,82.55
204,CASE_0816,RZ_COMM_MAIN,259.2,15.8,3.25,28.8,NO,66.9
205,CASE_0411,RZ_COMM_LOCAL,431.8,19.3,3.65,25.2,NO,59.1
206,CASE_0413,RZ_RES_LOW,811.5,15.7,2.1,16.1,YES,59.05
207,CASE_0828,RZ_RES_HIGH,915.2,11.9,2.63,16.4,YES,72.5
208,CASE_0835,RZ_COMM_MAIN,635.6,16.7,1.69,9.9,YES,71.85
209,CASE_0209,RZ_COMM_LOCAL,878.3,19.4,1.66,37.0,YES,75.1
210,CASE_0841,RZ_COMM_LOCAL,737.0,13.1,3.82,29.6,NO,63.0
211,CASE_0845,RZ_RES_MED,457.1,17.0,1.16,27.6,YES,55.4
212,CASE_0851,RZ_COMM_MAIN,417.8,19.8,3.74,29.4,NO,72.1
213,CASE_0427,RZ_COMM_LOCAL,873.4,8.1,3.44,16.6,NO,67.7
214,CASE_0859,RZ_RES_MED,211.7,11.1,2.98,34.2,NO,54.9
215,CASE_0430,RZ_RES_HIGH,332.0,10.8,3.57,44.5,NO,65.95
216,CASE_0864,RZ_COMM_MAIN,988.0,14.7,3.07,42.6,NO,72.0
217,CASE_0435,RZ_COMM_LOCAL,367.7,6.0,3.32,35.4,NO,75.9
218,CASE_0874,RZ_COMM_LOCAL,932.1,7.0,2.56,29.3,NO,65.25
219,CASE_0438,RZ_RES_MED,592.2,14.7,2.03,33.6,YES,67.1
220,CASE_0440,RZ_COMM_LOCAL,60.6,23.2,1.61,33.8,YES,73.0
221,CASE_0221,RZ_RES_HIGH,922.9,13.0,3.32,33.4,YES,79.9
222,CASE_0890,RZ_RES_LOW,182.3,14.5,3.03,12.8,YES,66.7
223,CASE_0894,RZ_COMM_LOCAL,151.4,11.6,2.93,36.6,NO,65.6
224,CASE_0449,RZ_COMM_LOCAL,868.4,7.6,1.3,36.1,NO,56.05
225,CASE_0900,RZ_COMM_LOCAL,420.8,12.1,3.44,30.3,NO,59.55
226,CASE_0904,RZ_COMM_LOCAL,367.8,17.6,1.18,16.8,YES,60.2
227,CASE_0113,RZ_COMM_LOCAL,474.0,9.3,1.15,42.9,NO,50.95
228,CASE_0228,RZ_RES_HIGH,853.8,7.8,3.31,39.1,NO,67.65
229,CASE_0916,RZ_COMM_LOCAL,394.0,9.3,2.81,29.8,NO,61.0
230,CASE_0922,RZ_COMM_MAIN,791.8,14.4,2.54,25.9,NO,58.35
231,CASE_0925,RZ_RES_MED,598.5,17.8,1.88,35.5,YES,66.55
232,CASE_0116,RZ_COMM_MAIN,803.3,10.1,2.57,25.2,NO,66.3
233,CASE_0467,RZ_COMM_MAIN,693.7,8.1,3.22,9.1,NO,71.75
234,CASE_0939,RZ_COMM_MAIN,157.7,14.0,1.66,19.2,NO,46.2
235,CASE_0940,RZ_RES_LOW,642.2,7.0,2.78,41.2,NO,63.4
236,CASE_0947,RZ_RES_MED,637.1,7.9,2.32,18.3,YES,77.35
237,CASE_0951,RZ_RES_LOW,567.7,6.1,3.86,38.4,NO,72.8
238,CASE_0476,RZ_RES_LOW,953.9,6.0,2.97,39.6,NO,64.5
239,CASE_0478,RZ_RES_MED,729.0,7.7,3.76,41.3,NO,73.25
240,CASE_0960,RZ_RES_LOW,94.7,8.5,2.96,26.0,NO,57.6
241,CASE_0482,RZ_COMM_LOCAL,315.6,7.3,1.61,37.1,NO,59.65
242,CASE_0968,RZ_COMM_LOCAL,135.9,6.1,3.78,34.4,NO,80.0
243,CASE_0243,RZ_RES_LOW,104.9,13.6,3.38,25.5,YES,76.55
244,CASE_0030,RZ_RES_HIGH,126.6,10.3,3.01,16.7,YES,76.45
245,CASE_0490,RZ_COMM_MAIN,611.0,22.5,1.22,44.9,NO,54.65
246,CASE_0246,RZ_COMM_MAIN,976.2,7.2,2.58,27.3,NO,74.45
247,CASE_0495,RZ_COMM_MAIN,510.3,7.6,2.15,24.1,NO,68.55
248,CASE_0994,RZ_COMM_LOCAL,721.7,6.0,2.88,22.9,NO,65.25
249,CASE_0007,RZ_COMM_LOCAL,134.1,11.3,2.89,40.9,NO,67.35
250,CASE_0250,RZ_RES_MED,840.6,18.3,3.94,26.2,NO,52.5
251,CASE_0502,RZ_RES_MED,225.5,16.7,3.42,34.1,NO,51.25
252,CASE_0063,RZ_RES_LOW,620.8,12.2,3.36,24.7,NO,45.95
253,CASE_0507,RZ_RES_MED,787.9,21.2,3.58,43.6,NO,57.6
254,CASE_0508,RZ_COMM_LOCAL,610.9,12.1,1.97,44.1,NO,51.75
255,CASE_0511,RZ_RES_HIGH,179.7,19.1,3.85,43.2,NO,60.1
256,CASE_0032,RZ_COMM_LOCAL,393.0,13.4,3.59,11.0,NO,51.4
257,CASE_0257,RZ_COMM_MAIN,336.1,7.8,1.98,19.6,NO,64.6
258,CASE_0258,RZ_COMM_LOCAL,216.6,14.0,2.34,35.2,NO,51.0
259,CASE_0518,RZ_COMM_MAIN,671.9,18.4,1.49,11.7,NO,40.75
260,CASE_0130,RZ_COMM_MAIN,94.5,7.6,1.76,13.2,NO,59.2
261,CASE_0523,RZ_COMM_MAIN,309.3,11.1,1.71,10.8,NO,50.5
262,CASE_0065,RZ_COMM_MAIN,705.6,22.9,3.21,16.1,NO,60.15
263,CASE_0526,RZ_COMM_LOCAL,853.1,11.6,2.19,26.6,NO,53.2
264,CASE_0264,RZ_RES_HIGH,294.6,8.0,3.21,27.0,NO,60.6
265,CASE_0004,RZ_RES_HIGH,820.9,6.1,3.42,34.1,NO,66.25
266,CASE_0532,RZ_RES_LOW,532.0,22.2,3.4,33.4,NO,50.7
267,CASE_0534,RZ_RES_MED,178.6,13.6,3.96,24.7,NO,51.95
268,CASE_0536,RZ_COMM_LOCAL,583.0,15.9,3.57,27.7,NO,59.55
269,CASE_0539,RZ_RES_LOW,798.6,21.6,3.64,40.6,NO,56.7
270,CASE_0270,RZ_COMM_LOCAL,84.7,16.0,2.11,37.9,NO,50.05
271,CASE_0543,RZ_COMM_LOCAL,866.7,18.3,3.92,17.2,NO,57.8
272,CASE_0136,RZ_COMM_LOCAL,936.7,11.3,3.12,24.0,NO,61.2
273,CASE_0017,RZ_RES_LOW,203.7,8.9,3.04,30.5,NO,60.65
274,CASE_0137,RZ_COMM_LOCAL,289.1,15.9,2.15,42.2,NO,52.6
275,CASE_0034,RZ_COMM_MAIN,481.7,13.6,1.84,18.0,NO,47.4
276,CASE_0138,RZ_RES_MED,872.2,11.0,3.37,23.9,NO,53.65
277,CASE_0555,RZ_RES_HIGH,730.0,18.8,1.83,41.2,NO,38.9
278,CASE_0556,RZ_COMM_LOCAL,296.9,14.4,3.03,38.7,NO,59.65
279,CASE_0559,RZ_RES_HIGH,869.8,10.7,3.13,41.1,NO,59.85
280,CASE_0561,RZ_COMM_LOCAL,680.9,18.3,3.16,32.6,NO,57.9
281,CASE_0562,RZ_RES_HIGH,912.5,13.3,3.21,30.0,NO,47.1
282,CASE_0564,RZ_RES_HIGH,536.9,21.2,3.52,40.6,NO,55.5
283,CASE_0283,RZ_RES_HIGH,630.3,11.6,3.16,35.4,NO,57.3
284,CASE_0284,RZ_COMM_LOCAL,182.9,12.7,2.68,20.5,NO,47.05
285,CASE_0570,RZ_RES_HIGH,444.6,16.2,3.72,25.5,NO,49.95
286,CASE_0572,RZ_RES_LOW,484.9,9.8,3.32,29.7,NO,56.05
287,CASE_0143,RZ_COMM_LOCAL,422.9,17.9,3.46,44.3,NO,66.75
288,CASE_0577,RZ_RES_LOW,340.3,11.2,3.18,30.5,NO,55.05
289,CASE_0289,RZ_RES_HIGH,105.7,11.1,2.79,39.3,NO,55.55
290,CASE_0580,RZ_COMM_MAIN,218.8,12.6,2.95,10.3,NO,54.65
291,CASE_0583,RZ_RES_MED,253.2,18.3,1.03,24.2,YES,52.4
292,CASE_0585,RZ_COMM_MAIN,170.7,8.1,1.32,16.2,NO,56.3
293,CASE_0036,RZ_RES_LOW,970.9,22.7,3.55,15.0,NO,43.0
294,CASE_0589,RZ_COMM_MAIN,130.5,19.0,3.71,32.2,NO,73.2
295,CASE_0590,RZ_RES_HIGH,308.3,6.9,3.44,40.5,NO,69.65
296,CASE_0592,RZ_RES_LOW,69.1,8.5,2.94,20.8,NO,54.8
297,CASE_0074,RZ_COMM_LOCAL,524.7,10.4,2.97,9.2,NO,52.3
298,CASE_0597,RZ_RES_HIGH,634.7,21.5,3.64,35.2,NO,54.0
299,CASE_0299,RZ_RES_LOW,621.1,10.8,2.97,44.0,NO,59.7
300,CASE_0601,RZ_RES_LOW,466.9,19.1,2.45,32.9,NO,40.95
301,CASE_0150,RZ_COMM_LOCAL,216.4,11.4,1.09,20.7,YES,69.25
302,CASE_0075,RZ_RES_LOW,791.7,9.9,3.41,34.1,NO,59.15
303,CASE_0151,RZ_RES_HIGH,412.4,8.6,2.59,29.4,NO,55.6
304,CASE_0608,RZ_RES_HIGH,896.7,16.1,2.96,25.4,NO,42.3
305,CASE_0305,RZ_COMM_LOCAL,917.4,12.2,2.06,36.8,NO,49.0
306,CASE_0038,RZ_COMM_LOCAL,328.1,18.5,3.19,37.2,NO,60.5
307,CASE_0614,RZ_COMM_MAIN,175.8,22.1,2.37,30.2,NO,58.8
308,CASE_0616,RZ_COMM_MAIN,794.2,22.4,3.08,15.3,NO,58.45
309,CASE_0077,RZ_COMM_MAIN,619.7,23.1,3.67,31.1,NO,72.25
310,CASE_0621,RZ_COMM_MAIN,731.5,18.4,3.76,13.8,NO,64.5
311,CASE_0623,RZ_COMM_LOCAL,607.8,23.0,3.13,33.3,NO,57.95
312,CASE_0156,RZ_COMM_LOCAL,862.1,7.9,2.14,21.9,NO,57.35
313,CASE_0626,RZ_RES_HIGH,197.6,7.1,3.35,16.3,NO,56.65
314,CASE_0629,RZ_RES_LOW,930.9,13.0,3.87,44.1,NO,60.75
315,CASE_0315,RZ_COMM_LOCAL,508.8,9.6,3.89,20.6,NO,67.2
316,CASE_0632,RZ_COMM_MAIN,754.1,9.5,3.17,16.0,NO,67.7
317,CASE_0079,RZ_COMM_LOCAL,303.6,10.5,2.91,36.6,NO,65.4
318,CASE_0159,RZ_RES_MED,630.6,12.3,2.91,31.4,NO,44.8
319,CASE_0019,RZ_RES_LOW,700.8,15.7,1.8,32.1,YES,64.05
320,CASE_0320,RZ_COMM_MAIN,552.9,22.0,1.4,27.2,NO,47.6
321,CASE_0643,RZ_COMM_MAIN,814.6,14.0,1.13,41.3,NO,51.95
322,CASE_0080,RZ_RES_MED,318.1,7.4,1.86,18.8,NO,43.0
323,CASE_0646,RZ_RES_MED,565.5,18.6,3.93,36.9,NO,57.75
324,CASE_0648,RZ_RES_LOW,227.3,10.5,1.21,38.6,NO,39.4
325,CASE_0162,RZ_RES_MED,184.2,15.7,3.91,28.1,NO,53.15
326,CASE_0326,RZ_RES_MED,118.4,8.1,1.92,23.6,NO,46.0
327,CASE_0654,RZ_RES_MED,340.2,22.0,3.9,40.2,NO,59.1
328,CASE_0656,RZ_COMM_MAIN,574.7,7.5,1.63,35.7,NO,69.15
329,CASE_0329,RZ_COMM_LOCAL,771.9,20.4,3.48,36.4,NO,63.0
330,CASE_0041,RZ_COMM_MAIN,135.3,9.3,2.79,33.3,NO,72.55
331,CASE_0331,RZ_COMM_MAIN,165.5,20.9,3.71,16.3,NO,65.25
332,CASE_0166,RZ_COMM_MAIN,176.2,12.6,3.25,18.4,NO,61.7
333,CASE_0666,RZ_RES_MED,897.8,9.5,3.2,31.6,NO,55.8
334,CASE_0669,RZ_RES_MED,403.9,10.0,3.32,35.4,NO,58.9
335,CASE_0335,RZ_RES_LOW,761.1,16.4,1.14,21.4,YES,52.1
336,CASE_0021,RZ_RES_MED,537.2,7.9,2.88,39.3,NO,63.45
337,CASE_0084,RZ_RES_HIGH,340.7,13.0,3.67,39.1,NO,56.25
338,CASE_0676,RZ_COMM_MAIN,571.7,9.1,2.96,22.2,NO,68.7
339,CASE_0042,RZ_RES_LOW,945.1,16.3,2.74,10.4,YES,62.6
340,CASE_0085,RZ_COMM_MAIN,811.9,22.2,2.46,18.8,NO,54.0
341,CASE_0682,RZ_RES_MED,100.6,16.3,1.48,31.7,YES,60.65
342,CASE_0684,RZ_COMM_MAIN,659.4,21.8,3.18,38.6,NO,71.1
343,CASE_0686,RZ_COMM_MAIN,194.1,16.5,3.3,31.4,NO,68.7
344,CASE_0689,RZ_RES_MED,629.2,9.2,3.7,30.6,NO,60.3
345,CASE_0690,RZ_COMM_MAIN,533.1,8.1,2.45,13.7,NO,66.35
346,CASE_0692,RZ_RES_LOW,715.8,13.7,3.82,26.4,NO,51.4
347,CASE_0043,RZ_COMM_MAIN,591.3,11.7,1.78,33.1,NO,62.35
348,CASE_0348,RZ_RES_MED,648.4,13.7,2.49,44.0,NO,46.9
349,CASE_0699,RZ_COMM_MAIN,513.5,12.7,2.66,18.1,NO,55.65
350,CASE_0350,RZ_COMM_MAIN,505.1,21.3,1.9,34.5,NO,56.25
351,CASE_0702,RZ_RES_HIGH,812.8,17.1,3.05,10.9,NO,35.95
352,CASE_0352,RZ_RES_MED,370.4,7.4,2.35,22.4,NO,49.7
353,CASE_0088,RZ_RES_LOW,664.2,8.4,2.39,10.8,NO,44.3
354,CASE_0709,RZ_COMM_LOCAL,391.9,13.1,2.76,27.6,NO,51.4
355,CASE_0710,RZ_RES_LOW,924.0,15.9,3.18,29.1,NO,46.35
356,CASE_0713,RZ_RES_HIGH,950.2,20.5,3.87,40.5,NO,58.95
357,CASE_0714,RZ_COMM_MAIN,295.1,14.0,2.13,26.4,NO,54.5
358,CASE_0358,RZ_COMM_LOCAL,498.0,20.5,3.17,36.4,NO,59.9
359,CASE_0719,RZ_COMM_LOCAL,355.0,9.9,2.72,15.6,NO,53.0
360,CASE_0180,RZ_RES_HIGH,74.8,10.8,1.38,24.2,YES,63.9
361,CASE_0722,RZ_RES_LOW,695.3,17.9,2.84,36.5,NO,46.65
362,CASE_0090,RZ_COMM_LOCAL,297.1,7.5,1.06,28.4,NO,49.8
363,CASE_0363,RZ_RES_HIGH,219.1,19.0,2.46,42.0,NO,45.6
364,CASE_0729,RZ_COMM_MAIN,382.5,9.3,2.27,24.1,NO,62.75
365,CASE_0731,RZ_RES_MED,825.3,19.0,3.41,29.0,NO,48.6
366,CASE_0183,RZ_RES_LOW,117.2,14.6,2.2,33.7,NO,38.85
367,CASE_0735,RZ_RES_LOW,262.5,10.6,3.52,12.5,NO,49.45
368,CASE_0184,RZ_COMM_LOCAL,129.1,7.5,2.82,11.4,NO,58.9
369,CASE_0739,RZ_COMM_LOCAL,896.3,12.9,1.86,31.7,YES,74.45
370,CASE_0740,RZ_RES_MED,662.1,22.7,2.27,31.0,NO,38.2
371,CASE_0742,RZ_COMM_MAIN,666.0,10.9,2.33,40.1,NO,71.35
372,CASE_0093,RZ_COMM_MAIN,950.9,14.4,1.77,22.3,NO,48.85
373,CASE_0746,RZ_COMM_MAIN,779.1,7.5,1.79,14.6,NO,60.2
374,CASE_0749,RZ_COMM_MAIN,938.8,15.9,1.41,43.1,NO,55.65
375,CASE_0751,RZ_COMM_MAIN,351.1,12.2,2.62,38.0,NO,65.2
376,CASE_0188,RZ_COMM_LOCAL,434.8,19.1,1.94,20.3,NO,39.55
377,CASE_0755,RZ_COMM_MAIN,411.2,13.4,2.68,23.2,NO,58.4
378,CASE_0757,RZ_COMM_MAIN,819.1,18.3,1.85,35.7,NO,56.35
379,CASE_0758,RZ_COMM_LOCAL,236.7,7.2,1.41,13.0,NO,45.6
380,CASE_0761,RZ_RES_LOW,278.8,8.7,2.48,21.3,NO,50.45
381,CASE_0190,RZ_RES_HIGH,823.1,16.0,2.76,29.2,NO,42.2
382,CASE_0047,RZ_RES_MED,471.9,15.8,1.91,44.4,NO,41.3
383,CASE_0383,RZ_RES_LOW,785.8,11.3,1.74,11.6,NO,31.2
384,CASE_0769,RZ_RES_HIGH,74.2,20.3,2.75,23.2,NO,39.1
385,CASE_0771,RZ_RES_MED,208.2,7.6,2.86,42.5,NO,64.85
386,CASE_0012,RZ_COMM_MAIN,266.4,11.8,3.3,11.0,NO,66.5
387,CASE_0774,RZ_RES_MED,80.1,12.8,3.17,18.0,YES,70.7
388,CASE_0776,RZ_RES_HIGH,748.5,11.0,3.49,41.9,NO,63.85
389,CASE_0778,RZ_COMM_MAIN,416.3,9.3,1.06,39.8,NO,58.5
390,CASE_0781,RZ_RES_LOW,551.8,7.2,3.51,13.7,NO,56.95
391,CASE_0391,RZ_COMM_LOCAL,618.2,9.5,1.32,20.0,NO,41.2
392,CASE_0785,RZ_COMM_LOCAL,813.0,7.1,2.67,42.8,NO,73.1
393,CASE_0786,RZ_RES_HIGH,806.6,7.0,2.85,28.0,NO,57.5
394,CASE_0788,RZ_COMM_LOCAL,238.1,15.5,1.75,31.5,NO,43.25
395,CASE_0791,RZ_RES_MED,561.9,16.8,3.8,41.5,NO,58.75
396,CASE_0793,RZ_RES_MED,589.4,9.9,3.3,42.3,NO,62.15
397,CASE_0099,RZ_COMM_LOCAL,724.9,13.8,3.2,43.8,NO,63.9
398,CASE_0398,RZ_COMM_LOCAL,692.6,8.5,1.91,18.1,NO,53.15
399,CASE_0024,RZ_RES_HIGH,285.1,10.3,2.7,11.8,NO,40.9
400,CASE_0400,RZ_COMM_MAIN,928.1,21.7,2.25,10.3,NO,47.65
401,CASE_0803,RZ_RES_MED,762.8,21.3,3.79,31.8,NO,53.8
402,CASE_0805,RZ_RES_MED,204.0,18.1,3.99,44.0,NO,61.9
403,CASE_0201,RZ_COMM_MAIN,167.0,13.7,1.85,33.4,NO,55.2
404,CASE_0808,RZ_COMM_LOCAL,787.4,8.3,1.4,29.1,NO,53.55
405,CASE_0811,RZ_RES_HIGH,239.1,12.2,2.97,36.7,NO,48.05
406,CASE_0812,RZ_RES_HIGH,639.2,23.8,2.33,14.2,YES,60.4
407,CASE_0815,RZ_RES_HIGH,712.2,8.0,2.35,9.8,NO,43.4
408,CASE_0102,RZ_COMM_MAIN,688.1,12.1,2.48,20.7,NO,55.15
409,CASE_0204,RZ_COMM_LOCAL,225.2,12.8,3.11,27.0,NO,54.6
410,CASE_0410,RZ_COMM_LOCAL,961.0,10.2,2.22,15.6,NO,48.0
411,CASE_0823,RZ_COMM_LOCAL,429.8,8.8,2.04,21.7,NO,56.25
412,CASE_0103,RZ_RES_HIGH,810.0,12.1,3.64,34.2,NO,53.5
413,CASE_0827,RZ_COMM_MAIN,880.3,18.4,2.25,29.6,NO,57.3
414,CASE_0207,RZ_RES_LOW,968.2,9.1,3.84,25.6,NO,59.2
415,CASE_0830,RZ_RES_MED,464.3,22.4,3.31,32.6,NO,49.4
416,CASE_0833,RZ_COMM_LOCAL,760.9,20.8,2.91,35.6,NO,56.9
417,CASE_0834,RZ_RES_MED,160.4,9.3,3.29,31.0,NO,56.4
418,CASE_0418,RZ_RES_MED,517.5,15.7,3.76,42.5,NO,58.85
419,CASE_0839,RZ_RES_MED,122.2,22.7,3.96,40.2,NO,59.7
420,CASE_0210,RZ_RES_LOW,558.8,9.5,3.33,21.6,NO,52.1
421,CASE_0421,RZ_COMM_LOCAL,444.6,14.9,3.13,25.0,NO,53.8
422,CASE_0844,RZ_RES_LOW,238.5,13.9,3.65,36.9,NO,54.95
423,CASE_0847,RZ_COMM_MAIN,187.2,13.4,2.35,15.4,NO,51.2
424,CASE_0424,RZ_COMM_MAIN,167.4,20.0,3.47,22.2,NO,65.8
425,CASE_0013,RZ_RES_HIGH,437.1,7.2,3.74,29.4,NO,67.1
426,CASE_0213,RZ_COMM_LOCAL,700.3,21.9,2.93,44.5,NO,61.55
427,CASE_0053,RZ_RES_MED,572.9,21.0,2.75,14.3,YES,64.65
428,CASE_0856,RZ_COMM_MAIN,66.2,21.9,1.83,31.6,NO,54.1
429,CASE_0214,RZ_RES_HIGH,201.9,7.2,2.33,19.9,NO,48.25
430,CASE_0861,RZ_RES_HIGH,363.5,22.2,3.46,36.3,NO,52.75
431,CASE_0862,RZ_RES_LOW,335.3,8.4,3.08,18.9,NO,55.25
432,CASE_0216,RZ_RES_HIGH,132.1,21.6,3.57,31.1,NO,51.25
433,CASE_0867,RZ_COMM_MAIN,278.8,11.2,1.58,13.3,NO,50.45
434,CASE_0434,RZ_RES_LOW,438.7,19.5,3.08,40.6,NO,51.1
435,CASE_0871,RZ_RES_HIGH,432.3,16.2,3.88,39.0,NO,58.3
436,CASE_0436,RZ_COMM_LOCAL,656.8,18.6,3.55,37.6,NO,64.3
437,CASE_0054,RZ_RES_HIGH,402.8,22.8,3.92,10.4,NO,44.4
438,CASE_0876,RZ_RES_HIGH,122.2,8.7,3.52,21.2,NO,60.8
439,CASE_0879,RZ_RES_MED,409.3,20.9,1.91,27.9,NO,33.05
440,CASE_0110,RZ_COMM_MAIN,326.0,7.8,1.58,17.2,NO,59.4
441,CASE_0882,RZ_RES_HIGH,789.0,8.6,3.62,38.6,NO,70.5
442,CASE_0885,RZ_RES_LOW,156.9,19.8,3.24,9.8,NO,37.3
443,CASE_0443,RZ_RES_MED,463.5,7.6,1.29,16.7,YES,66.25
444,CASE_0889,RZ_RES_HIGH,599.6,9.1,1.93,41.1,NO,47.85
445,CASE_0891,RZ_COMM_LOCAL,428.4,18.7,3.67,31.7,NO,62.55
446,CASE_0223,RZ_COMM_MAIN,880.9,12.0,2.75,14.1,NO,54.55
447,CASE_0055,RZ_RES_MED,686.9,12.4,2.68,40.5,NO,47.05
448,CASE_0448,RZ_RES_MED,473.7,19.0,2.88,14.4,NO,36.0
449,CASE_0056,RZ_RES_MED,930.2,10.3,1.49,37.8,NO,41.8
450,CASE_0450,RZ_COMM_LOCAL,390.4,13.7,3.37,17.9,NO,52.65
451,CASE_0225,RZ_RES_HIGH,824.4,18.1,3.49,35.6,NO,52.7
452,CASE_0028,RZ_COMM_LOCAL,173.7,10.0,2.01,30.2,NO,53.2
453,CASE_0453,RZ_RES_MED,525.2,8.0,2.5,30.4,NO,55.2
454,CASE_0909,RZ_RES_HIGH,118.7,22.2,3.9,9.0,NO,43.5
455,CASE_0227,RZ_RES_MED,381.2,19.8,1.58,45.0,NO,38.3
456,CASE_0912,RZ_RES_MED,236.9,12.9,3.77,39.2,NO,57.3
457,CASE_0457,RZ_COMM_MAIN,329.3,18.8,3.3,24.2,NO,65.1
458,CASE_0458,RZ_COMM_MAIN,565.4,8.7,1.25,11.8,NO,53.4
459,CASE_0919,RZ_RES_MED,746.4,15.5,3.58,36.0,NO,53.8
460,CASE_0460,RZ_RES_LOW,351.6,13.9,3.86,17.6,NO,47.4
461,CASE_0230,RZ_RES_MED,841.5,19.9,3.43,15.0,NO,41.8
462,CASE_0924,RZ_COMM_MAIN,764.5,19.1,2.69,11.2,NO,52.5
463,CASE_0231,RZ_COMM_LOCAL,402.4,19.0,3.91,31.0,NO,64.6
464,CASE_0464,RZ_RES_HIGH,749.0,8.1,3.7,21.1,NO,62.55
465,CASE_0465,RZ_COMM_MAIN,120.0,18.8,2.73,11.8,NO,53.2
466,CASE_0933,RZ_COMM_MAIN,279.6,18.3,2.17,18.5,NO,50.95
467,CASE_0233,RZ_RES_MED,405.8,23.0,3.95,25.6,NO,52.3
468,CASE_0936,RZ_RES_HIGH,374.9,10.8,1.29,32.6,NO,37.2
469,CASE_0469,RZ_RES_LOW,579.7,22.5,3.22,24.1,NO,44.25
470,CASE_0003,RZ_RES_LOW,587.6,18.9,3.1,24.1,NO,43.05
471,CASE_0942,RZ_COMM_MAIN,815.0,9.3,1.33,15.6,NO,49.1
472,CASE_0472,RZ_COMM_LOCAL,874.1,19.9,1.93,12.1,NO,35.35
473,CASE_0236,RZ_COMM_MAIN,860.1,11.1,3.29,18.8,NO,70.3
474,CASE_0237,RZ_RES_MED,841.2,7.7,3.73,38.4,NO,71.5
475,CASE_0950,RZ_COMM_MAIN,63.5,18.7,3.31,26.2,NO,66.2
476,CASE_0238,RZ_RES_LOW,450.0,13.1,2.12,22.9,YES,62.65
477,CASE_0477,RZ_RES_LOW,252.9,23.7,2.26,43.6,NO,44.4
478,CASE_0956,RZ_RES_MED,191.5,9.5,3.16,30.3,NO,54.75
479,CASE_0959,RZ_COMM_MAIN,490.9,18.2,3.62,14.4,NO,63.4
480,CASE_0480,RZ_COMM_LOCAL,130.3,16.2,2.3,43.7,NO,54.85
481,CASE_0240,RZ_RES_MED,96.0,22.5,2.42,38.9,NO,43.65
482,CASE_0965,RZ_RES_MED,778.4,16.7,2.01,13.3,YES,56.75
483,CASE_0241,RZ_COMM_LOCAL,481.7,6.1,1.24,18.2,NO,46.5
484,CASE_0121,RZ_COMM_MAIN,681.5,22.8,2.28,28.6,NO,57.1
485,CASE_0242,RZ_COMM_MAIN,943.8,17.0,2.27,36.9,NO,61.15
486,CASE_0972,RZ_COMM_LOCAL,64.3,10.2,1.35,28.1,YES,75.55
487,CASE_0975,RZ_COMM_LOCAL,527.7,8.9,3.77,10.9,NO,68.15
488,CASE_0061,RZ_RES_HIGH,390.1,15.2,3.04,39.4,NO,50.1
489,CASE_0979,RZ_RES_HIGH,276.3,8.0,1.68,17.5,NO,40.55
490,CASE_0980,RZ_RES_MED,413.0,10.0,2.41,26.4,NO,45.3
491,CASE_0983,RZ_RES_LOW,323.8,8.0,2.4,24.1,NO,51.05
492,CASE_0492,RZ_COMM_LOCAL,107.6,22.6,2.3,35.1,NO,50.55
493,CASE_0493,RZ_COMM_LOCAL,702.2,9.1,1.64,15.7,NO,42.25
494,CASE_0989,RZ_COMM_MAIN,91.6,15.6,2.44,37.7,NO,63.25
495,CASE_0123,RZ_COMM_MAIN,925.9,13.9,2.41,19.9,NO,54.05
496,CASE_0496,RZ_COMM_MAIN,294.2,23.9,2.63,9.7,NO,51.15
497,CASE_0995,RZ_COMM_MAIN,90.8,13.7,1.81,43.1,NO,59.65
498,CASE_0997,RZ_RES_HIGH,894.7,8.0,2.1,31.3,NO,51.65
499,CASE_0999,RZ_RES_HIGH,284.3,8.0,2.44,42.8,NO,60.8
500,CASE_1000,RZ_RES_MED,768.0,19.7,1.96,41.3,NO,40.25
501,CASE_0501,RZ_RES_LOW,778.2,23.1,2.73,44.4,NO,49.5
502,CASE_0125,RZ_RES_HIGH,627.5,6.5,1.69,33.3,NO,48.55
503,CASE_0503,RZ_RES_LOW,721.2,12.3,2.7,14.1,NO,34.05
504,CASE_0504,RZ_COMM_LOCAL,569.6,9.2,1.11,11.0,NO,34.6
505,CASE_0252,RZ_RES_MED,892.6,11.7,1.93,23.3,NO,38.95
506,CASE_0506,RZ_RES_MED,923.7,21.2,1.97,9.8,NO,24.6
507,CASE_0253,RZ_COMM_LOCAL,298.1,19.6,1.57,21.9,NO,36.65
508,CASE_0254,RZ_RES_HIGH,316.8,20.4,2.31,23.4,NO,34.8
509,CASE_0509,RZ_COMM_LOCAL,804.3,23.3,2.95,15.3,NO,47.15
510,CASE_0255,RZ_COMM_LOCAL,378.7,9.4,3.08,22.2,NO,59.9
511,CASE_0127,RZ_RES_MED,502.3,17.7,3.75,15.5,NO,45.25
512,CASE_0256,RZ_RES_HIGH,813.1,19.1,1.24,30.7,NO,27.75
513,CASE_0513,RZ_COMM_MAIN,157.9,14.9,1.99,11.8,NO,45.8
514,CASE_0514,RZ_RES_HIGH,217.8,21.9,1.27,34.5,NO,29.95
515,CASE_0515,RZ_RES_HIGH,479.8,10.8,1.75,11.4,NO,31.2
516,CASE_0516,RZ_RES_LOW,737.2,6.9,2.31,24.1,NO,50.15
517,CASE_0517,RZ_COMM_LOCAL,523.5,12.8,2.64,12.7,NO,42.75
518,CASE_0129,RZ_RES_MED,370.0,18.5,1.86,43.0,NO,40.1
519,CASE_0519,RZ_RES_HIGH,78.9,10.7,1.31,21.3,NO,31.75
520,CASE_0520,RZ_RES_MED,748.1,15.8,3.69,12.4,NO,43.1
521,CASE_0521,RZ_COMM_MAIN,899.6,18.7,2.29,32.5,NO,59.15
522,CASE_0522,RZ_COMM_LOCAL,207.7,7.8,1.62,15.8,NO,49.1
523,CASE_0261,RZ_COMM_MAIN,697.4,13.9,1.38,17.5,NO,42.55
524,CASE_0524,RZ_COMM_LOCAL,204.4,12.5,2.28,19.6,NO,42.6
525,CASE_0262,RZ_RES_HIGH,419.9,16.2,2.82,33.4,NO,44.9
526,CASE_0263,RZ_RES_HIGH,477.3,7.4,1.41,22.2,NO,40.2
527,CASE_0527,RZ_RES_LOW,663.4,13.0,2.11,22.7,NO,32.45
528,CASE_0528,RZ_RES_LOW,307.5,14.4,1.68,18.7,YES,56.15
529,CASE_0529,RZ_RES_LOW,140.6,12.2,2.62,43.9,NO,48.15
530,CASE_0265,RZ_COMM_MAIN,170.7,19.9,3.11,16.7,NO,59.45
531,CASE_0531,RZ_COMM_LOCAL,598.4,10.2,1.9,23.2,NO,48.6
532,CASE_0266,RZ_COMM_LOCAL,248.2,8.4,1.22,15.2,NO,44.8
533,CASE_0533,RZ_RES_LOW,952.3,14.1,3.85,15.0,NO,46.0
534,CASE_0033,RZ_RES_LOW,117.0,19.1,3.4,12.9,NO,40.45
535,CASE_0066,RZ_RES_HIGH,645.8,17.9,1.37,41.4,NO,34.4
536,CASE_0067,RZ_COMM_LOCAL,366.6,18.5,2.66,15.9,NO,44.55
537,CASE_0537,RZ_RES_LOW,799.4,17.2,2.57,24.1,NO,37.75
538,CASE_0269,RZ_RES_MED,806.1,15.2,1.36,16.2,YES,51.7
539,CASE_0134,RZ_COMM_MAIN,811.4,18.8,1.93,9.5,NO,44.05
540,CASE_0540,RZ_COMM_LOCAL,597.7,14.5,1.52,23.5,NO,36.95
541,CASE_0541,RZ_COMM_LOCAL,96.5,22.0,1.99,17.6,NO,38.7
542,CASE_0135,RZ_RES_MED,992.7,22.4,2.38,13.2,NO,30.4
543,CASE_0002,RZ_COMM_MAIN,141.7,13.6,1.09,16.9,NO,39.35
544,CASE_0272,RZ_COMM_LOCAL,783.0,20.8,1.22,44.0,NO,44.2
545,CASE_0545,RZ_COMM_LOCAL,258.7,20.8,3.22,36.3,NO,60.35
546,CASE_0273,RZ_COMM_LOCAL,497.9,15.3,1.39,38.8,NO,43.3
547,CASE_0068,RZ_COMM_LOCAL,696.7,22.3,2.85,19.8,NO,48.4
548,CASE_0548,RZ_RES_MED,91.1,6.9,2.08,16.2,NO,43.9
549,CASE_0549,RZ_COMM_LOCAL,534.8,17.4,1.37,10.1,NO,28.75
550,CASE_0275,RZ_RES_LOW,547.0,11.5,1.49,42.7,NO,44.25
551,CASE_0551,RZ_RES_HIGH,764.0,18.4,1.86,22.9,NO,30.05
552,CASE_0552,RZ_COMM_MAIN,793.0,9.9,1.66,17.1,NO,53.15
553,CASE_0276,RZ_COMM_MAIN,901.2,21.2,1.75,31.9,NO,53.45
554,CASE_0554,RZ_RES_MED,668.5,16.8,1.03,18.1,NO,19.35
555,CASE_0277,RZ_RES_MED,647.5,17.1,1.28,32.1,NO,28.85
556,CASE_0069,RZ_RES_LOW,345.6,9.8,3.36,30.8,NO,57.0
557,CASE_0557,RZ_RES_LOW,66.9,24.0,3.9,39.2,NO,58.6
558,CASE_0558,RZ_COMM_MAIN,632.5,11.4,1.32,11.3,NO,46.85
559,CASE_0279,RZ_COMM_MAIN,98.7,21.5,1.24,43.1,NO,53.95
560,CASE_0560,RZ_RES_MED,546.3,10.3,1.17,39.9,NO,39.65
561,CASE_0280,RZ_RES_HIGH,672.1,19.8,2.25,32.0,NO,38.5
562,CASE_0140,RZ_COMM_LOCAL,873.3,14.0,2.45,21.0,NO,45.0
563,CASE_0563,RZ_RES_MED,382.6,18.8,3.06,32.0,NO,46.6
564,CASE_0282,RZ_RES_HIGH,486.3,18.4,1.47,24.0,NO,26.7
565,CASE_0565,RZ_RES_LOW,502.5,19.3,3.18,29.1,NO,46.35
566,CASE_0566,RZ_RES_HIGH,675.2,10.0,1.67,40.4,NO,44.9
567,CASE_0141,RZ_COMM_LOCAL,488.0,11.8,1.57,34.1,NO,50.75
568,CASE_0035,RZ_COMM_LOCAL,819.5,21.4,1.29,32.5,NO,39.15
569,CASE_0142,RZ_RES_MED,864.7,13.4,1.95,26.0,NO,32.5
570,CASE_0285,RZ_RES_HIGH,482.6,8.5,1.15,43.0,NO,48.0
571,CASE_0571,RZ_RES_MED,792.2,14.8,2.89,15.4,NO,36.6
572,CASE_0286,RZ_COMM_LOCAL,293.4,21.6,1.48,20.8,NO,35.2
573,CASE_0573,RZ_RES_LOW,181.6,13.8,2.29,24.4,NO,35.1
574,CASE_0574,RZ_RES_LOW,95.5,9.6,2.12,9.5,NO,33.95
575,CASE_0575,RZ_COMM_MAIN,239.1,18.2,2.88,18.0,NO,57.8
576,CASE_0072,RZ_RES_MED,692.4,10.0,1.6,9.9,NO,28.95
577,CASE_0009,RZ_RES_MED,874.5,12.8,2.36,39.0,NO,43.1
578,CASE_0578,RZ_RES_MED,382.2,22.2,2.08,15.8,NO,28.7
579,CASE_0144,RZ_RES_LOW,178.7,23.4,2.0,12.6,NO,26.3
580,CASE_0145,RZ_RES_LOW,554.4,14.2,3.17,23.8,NO,43.6
581,CASE_0290,RZ_RES_HIGH,564.5,21.2,2.29,40.8,NO,43.3
582,CASE_0582,RZ_RES_LOW,105.3,8.1,2.33,13.4,NO,45.0
583,CASE_0291,RZ_COMM_LOCAL,404.0,13.2,2.71,16.0,NO,45.1
584,CASE_0292,RZ_RES_LOW,423.2,14.1,2.65,38.7,NO,45.85
585,CASE_0073,RZ_COMM_LOCAL,634.6,19.8,2.37,40.9,NO,54.15
586,CASE_0586,RZ_RES_HIGH,841.6,23.5,2.07,23.8,NO,32.6
587,CASE_0146,RZ_RES_MED,130.3,20.1,1.8,31.4,NO,33.7
588,CASE_0588,RZ_RES_LOW,912.5,21.0,3.01,14.4,YES,67.3
589,CASE_0147,RZ_RES_LOW,860.7,21.3,3.58,22.7,NO,47.15
590,CASE_0295,RZ_RES_MED,730.8,20.5,2.56,14.4,NO,32.8
591,CASE_0591,RZ_RES_HIGH,813.5,11.6,3.22,12.4,NO,46.4
592,CASE_0148,RZ_COMM_LOCAL,880.0,6.6,1.21,31.7,NO,52.95
593,CASE_0296,RZ_RES_MED,368.3,17.0,1.49,44.7,NO,37.25
594,CASE_0297,RZ_RES_HIGH,618.1,15.1,2.53,26.6,NO,38.6
595,CASE_0595,RZ_RES_MED,166.3,18.5,1.18,42.9,NO,33.25
596,CASE_0596,RZ_COMM_LOCAL,916.6,14.7,2.71,24.8,NO,49.5
597,CASE_0149,RZ_RES_MED,762.0,13.8,1.3,31.8,NO,28.9
598,CASE_0598,RZ_COMM_LOCAL,925.2,8.0,2.23,10.7,NO,52.65
599,CASE_0599,RZ_RES_HIGH,71.6,21.6,2.57,35.8,NO,43.6
600,CASE_0600,RZ_RES_MED,979.2,18.1,2.01,27.8,NO,34.0
601,CASE_0300,RZ_RES_MED,738.1,16.5,1.51,31.6,NO,30.9
602,CASE_0602,RZ_RES_MED,848.7,16.1,3.96,11.0,NO,45.1
603,CASE_0603,RZ_RES_MED,535.2,14.4,2.49,15.0,NO,32.4
604,CASE_0604,RZ_RES_HIGH,286.4,23.5,1.15,17.0,NO,20.0
605,CASE_0302,RZ_RES_LOW,474.6,13.5,2.24,16.3,NO,30.55
606,CASE_0001,RZ_RES_LOW,83.5,11.0,1.67,35.5,NO,42.45
607,CASE_0037,RZ_RES_MED,872.8,22.2,1.49,9.1,NO,19.45
608,CASE_0304,RZ_RES_MED,587.2,24.0,2.44,22.6,NO,35.7
609,CASE_0609,RZ_RES_LOW,827.6,21.2,2.0,36.6,NO,38.3
610,CASE_0152,RZ_RES_MED,224.6,17.0,2.15,33.6,NO,38.3
611,CASE_0611,RZ_RES_HIGH,574.8,12.7,1.32,41.3,NO,33.85
612,CASE_0612,RZ_COMM_LOCAL,160.5,17.0,1.56,42.5,NO,46.85
613,CASE_0306,RZ_RES_HIGH,633.5,9.5,1.74,29.1,NO,39.95
614,CASE_0307,RZ_RES_HIGH,784.9,18.7,3.07,26.6,NO,44.0
615,CASE_0615,RZ_COMM_LOCAL,64.1,19.3,2.66,24.6,NO,48.9
616,CASE_0308,RZ_COMM_MAIN,937.7,20.3,1.82,13.4,NO,44.9
617,CASE_0617,RZ_RES_LOW,424.2,16.8,3.65,27.1,NO,50.05
618,CASE_0618,RZ_COMM_MAIN,921.0,19.7,1.82,43.7,NO,60.05
619,CASE_0154,RZ_COMM_LOCAL,907.1,18.2,1.47,24.9,NO,37.15
620,CASE_0310,RZ_RES_LOW,330.4,18.9,2.04,24.9,NO,32.85
621,CASE_0155,RZ_COMM_MAIN,341.2,23.3,3.07,25.4,NO,63.4
622,CASE_0622,RZ_RES_MED,533.7,18.5,1.97,13.2,NO,26.3
623,CASE_0311,RZ_COMM_LOCAL,261.1,20.9,1.81,29.2,NO,42.7
624,CASE_0312,RZ_RES_LOW,638.7,16.6,1.73,33.1,NO,33.85
625,CASE_0625,RZ_RES_MED,109.9,7.0,1.8,37.3,NO,51.65
626,CASE_0078,RZ_COMM_MAIN,461.1,22.3,2.34,14.7,NO,50.75
627,CASE_0313,RZ_RES_MED,109.3,13.4,3.15,12.6,NO,37.8
628,CASE_0314,RZ_RES_LOW,966.6,23.6,1.47,32.5,NO,30.95
629,CASE_0157,RZ_RES_HIGH,80.6,20.9,2.19,9.3,NO,26.55
630,CASE_0630,RZ_COMM_MAIN,110.6,19.4,1.61,40.3,NO,56.25
631,CASE_0631,RZ_COMM_LOCAL,840.2,22.4,3.11,32.3,NO,57.25
632,CASE_0158,RZ_RES_LOW,916.0,19.4,3.5,41.5,NO,55.75
633,CASE_0633,RZ_RES_LOW,235.8,9.1,2.54,22.6,NO,44.7
634,CASE_0317,RZ_RES_MED,452.8,21.1,3.8,10.3,NO,43.15
635,CASE_0635,RZ_RES_MED,97.5,22.7,2.79,36.9,NO,46.35
636,CASE_0636,RZ_RES_HIGH,521.1,16.3,2.07,37.2,NO,39.3
637,CASE_0637,RZ_RES_MED,959.6,15.4,3.36,14.7,NO,40.95
638,CASE_0638,RZ_COMM_LOCAL,146.4,10.0,1.64,20.9,NO,44.85
639,CASE_0639,RZ_RES_MED,953.3,17.1,2.42,29.2,NO,38.8
640,CASE_0640,RZ_RES_LOW,167.8,12.2,1.72,32.1,NO,33.25
641,CASE_0641,RZ_RES_MED,961.4,18.3,1.96,42.0,NO,40.6
642,CASE_0642,RZ_COMM_LOCAL,301.2,19.0,1.07,27.6,NO,34.5
643,CASE_0160,RZ_RES_MED,650.6,22.3,2.94,20.1,NO,39.45
644,CASE_0322,RZ_RES_HIGH,803.3,16.2,3.27,15.3,NO,40.35
645,CASE_0645,RZ_RES_LOW,258.1,17.3,1.64,33.7,NO,33.25
646,CASE_0040,RZ_RES_HIGH,113.7,16.5,2.51,39.7,NO,44.95
647,CASE_0323,RZ_COMM_LOCAL,837.4,15.3,1.26,33.1,NO,39.15
648,CASE_0324,RZ_RES_MED,508.8,22.8,1.02,22.8,NO,21.6
649,CASE_0649,RZ_COMM_LOCAL,424.8,17.3,2.3,9.6,NO,37.8
650,CASE_0325,RZ_RES_HIGH,956.8,11.4,3.17,9.4,NO,44.4
651,CASE_0651,RZ_RES_LOW,396.2,15.1,1.87,33.7,NO,35.55
652,CASE_0652,RZ_RES_HIGH,779.4,13.9,2.19,32.8,NO,38.3
653,CASE_0163,RZ_RES_MED,301.6,20.8,2.45,38.0,NO,43.5
654,CASE_0327,RZ_RES_HIGH,708.9,17.5,3.82,22.2,NO,49.3
655,CASE_0655,RZ_RES_LOW,580.3,16.0,1.37,9.2,NO,18.3
656,CASE_0328,RZ_RES_MED,509.5,14.2,3.97,22.5,NO,50.95
657,CASE_0657,RZ_RES_MED,447.9,17.6,2.54,14.8,NO,32.8
658,CASE_0658,RZ_RES_HIGH,242.7,9.3,3.4,39.7,NO,61.85
659,CASE_0164,RZ_RES_HIGH,816.0,14.4,1.23,36.1,NO,30.35
660,CASE_0082,RZ_COMM_LOCAL,443.1,15.8,2.25,16.4,NO,40.7
661,CASE_0661,RZ_COMM_MAIN,125.6,9.5,2.46,20.8,NO,63.0
662,CASE_0005,RZ_RES_MED,262.4,19.7,1.31,22.7,NO,24.45
663,CASE_0663,RZ_RES_HIGH,291.4,10.0,3.22,24.7,NO,52.55
664,CASE_0664,RZ_RES_MED,698.8,12.0,2.44,25.0,NO,36.9
665,CASE_0332,RZ_RES_MED,368.4,15.4,1.35,16.4,NO,21.7
666,CASE_0333,RZ_RES_LOW,905.0,14.0,1.17,13.7,NO,18.55
667,CASE_0667,RZ_RES_LOW,858.6,17.4,3.44,29.8,NO,49.3
668,CASE_0668,RZ_RES_MED,911.9,15.9,2.63,45.0,NO,48.8
669,CASE_0167,RZ_RES_HIGH,161.8,10.2,1.08,40.8,NO,39.2
670,CASE_0670,RZ_COMM_LOCAL,531.1,7.6,2.09,9.4,NO,50.6
671,CASE_0671,RZ_COMM_MAIN,703.1,19.6,1.42,14.7,NO,41.55
672,CASE_0336,RZ_RES_LOW,938.5,7.2,3.8,10.1,NO,58.05
673,CASE_0673,RZ_RES_MED,775.8,10.2,1.79,17.4,NO,34.6
674,CASE_0337,RZ_RES_MED,779.9,23.6,2.94,24.1,NO,41.45
675,CASE_0675,RZ_RES_HIGH,157.0,23.4,2.9,18.8,NO,38.4
676,CASE_0338,RZ_COMM_LOCAL,481.6,22.5,2.13,11.9,NO,37.25
677,CASE_0677,RZ_RES_LOW,545.7,12.8,3.72,27.6,NO,51.0
678,CASE_0339,RZ_COMM_MAIN,185.0,21.5,1.36,44.7,NO,55.95
679,CASE_0679,RZ_RES_MED,276.2,15.3,1.84,14.4,NO,25.6
680,CASE_0340,RZ_RES_MED,744.2,10.0,1.01,9.8,NO,23.0
681,CASE_0681,RZ_COMM_LOCAL,694.7,14.6,2.77,32.3,NO,53.85
682,CASE_0170,RZ_RES_MED,894.0,8.4,2.36,33.1,NO,55.15
683,CASE_0341,RZ_COMM_MAIN,458.7,12.8,1.69,25.6,NO,49.7
684,CASE_0342,RZ_RES_MED,941.2,19.1,1.34,38.1,NO,32.45
685,CASE_0685,RZ_RES_MED,482.3,23.9,3.6,15.1,NO,43.55
686,CASE_0343,RZ_RES_LOW,286.2,7.2,2.78,25.1,NO,55.35
687,CASE_0687,RZ_RES_MED,740.7,12.2,2.36,30.3,NO,38.75
688,CASE_0344,RZ_RES_LOW,290.1,6.8,2.32,28.4,NO,52.4
689,CASE_0172,RZ_COMM_LOCAL,638.7,22.9,1.84,33.9,NO,45.35
690,CASE_0345,RZ_RES_LOW,191.7,23.9,1.7,42.0,NO,38.0
691,CASE_0691,RZ_RES_LOW,903.2,19.9,2.95,27.8,NO,43.4
692,CASE_0086,RZ_COMM_LOCAL,376.0,18.2,2.21,14.9,NO,39.55
693,CASE_0173,RZ_COMM_LOCAL,953.5,21.4,1.3,33.7,NO,39.85
694,CASE_0694,RZ_RES_MED,299.2,19.8,3.73,12.0,NO,43.3
695,CASE_0347,RZ_COMM_MAIN,267.8,11.4,1.18,43.1,NO,61.35
696,CASE_0696,RZ_RES_LOW,548.6,12.8,1.62,38.0,NO,35.2
697,CASE_0697,RZ_RES_LOW,205.5,17.7,1.76,39.8,NO,37.5
698,CASE_0698,RZ_RES_HIGH,635.2,23.9,2.19,16.3,NO,30.05
699,CASE_0349,RZ_COMM_LOCAL,798.7,11.7,2.25,14.4,NO,47.7
700,CASE_0087,RZ_RES_MED,981.9,15.6,3.72,30.3,NO,52.35
701,CASE_0701,RZ_RES_MED,479.8,18.6,1.49,16.7,NO,23.25
702,CASE_0175,RZ_RES_LOW,683.0,17.6,2.79,9.8,NO,32.8
703,CASE_0351,RZ_RES_LOW,588.6,23.4,2.67,13.8,NO,33.6
704,CASE_0704,RZ_RES_HIGH,268.5,7.4,1.11,22.8,NO,37.5
705,CASE_0176,RZ_RES_MED,989.5,20.2,1.62,38.9,NO,35.65
706,CASE_0706,RZ_RES_MED,661.9,13.9,1.61,32.6,NO,32.4
707,CASE_0707,RZ_RES_HIGH,243.1,20.1,2.53,34.1,NO,42.35
708,CASE_0708,RZ_RES_LOW,398.2,17.8,3.93,12.1,NO,45.35
709,CASE_0177,RZ_COMM_MAIN,263.0,21.7,1.99,14.3,NO,47.05
710,CASE_0044,RZ_RES_HIGH,432.0,18.1,1.9,20.4,NO,29.2
711,CASE_0711,RZ_RES_HIGH,965.5,11.0,2.82,16.0,NO,44.2
712,CASE_0356,RZ_RES_MED,713.9,18.7,2.19,17.6,NO,30.7
713,CASE_0089,RZ_RES_MED,487.4,12.1,3.64,19.0,NO,45.9
714,CASE_0178,RZ_RES_LOW,320.6,23.7,3.96,28.4,NO,53.8
715,CASE_0357,RZ_RES_HIGH,417.8,15.6,2.08,18.4,NO,30.0
716,CASE_0716,RZ_RES_LOW,302.4,12.9,3.37,16.9,NO,42.15
717,CASE_0717,RZ_RES_HIGH,447.7,12.4,2.61,34.2,NO,43.2
718,CASE_0718,RZ_RES_HIGH,147.4,18.1,3.46,11.7,NO,40.45
719,CASE_0179,RZ_RES_LOW,681.4,6.5,1.04,37.4,NO,44.1
720,CASE_0720,RZ_RES_MED,529.1,9.6,3.21,40.4,NO,60.3
721,CASE_0360,RZ_RES_HIGH,580.1,16.5,3.16,19.6,NO,41.4
722,CASE_0361,RZ_RES_MED,417.0,21.0,2.5,32.6,NO,41.3
723,CASE_0723,RZ_RES_LOW,857.1,12.7,1.95,41.3,NO,40.15
724,CASE_0362,RZ_RES_HIGH,777.6,14.8,3.17,35.6,NO,49.5
725,CASE_0181,RZ_RES_LOW,507.7,20.0,2.54,12.9,NO,31.85
726,CASE_0726,RZ_RES_LOW,532.3,13.1,3.06,15.3,NO,38.25
727,CASE_0727,RZ_COMM_MAIN,492.5,18.4,1.04,16.6,NO,38.7
728,CASE_0728,RZ_RES_HIGH,399.9,21.5,1.56,18.5,NO,24.85
729,CASE_0364,RZ_RES_LOW,552.5,21.1,1.22,38.4,YES,61.4
730,CASE_0730,RZ_RES_HIGH,863.1,11.0,1.54,13.7,NO,30.25
731,CASE_0022,RZ_RES_MED,203.7,19.7,2.62,37.0,NO,44.7
732,CASE_0732,RZ_RES_MED,197.1,23.3,1.45,38.0,NO,33.5
733,CASE_0045,RZ_RES_LOW,68.8,17.2,2.69,12.6,NO,33.2
734,CASE_0734,RZ_COMM_LOCAL,342.0,16.1,2.7,23.3,NO,48.65
735,CASE_0367,RZ_COMM_LOCAL,74.8,15.6,2.23,9.6,NO,37.1
736,CASE_0092,RZ_RES_MED,247.4,6.4,1.46,13.5,NO,36.35
737,CASE_0737,RZ_RES_LOW,390.0,18.2,2.82,29.8,NO,43.1
738,CASE_0738,RZ_COMM_MAIN,224.1,20.0,2.07,33.2,NO,57.3
739,CASE_0369,RZ_RES_MED,160.6,7.7,1.45,15.9,NO,37.45
740,CASE_0370,RZ_RES_HIGH,311.3,13.1,2.12,23.6,NO,33.0
741,CASE_0741,RZ_RES_LOW,134.4,12.2,1.94,32.5,NO,35.65
742,CASE_0011,RZ_RES_MED,562.1,10.4,2.39,18.7,NO,41.25
743,CASE_0371,RZ_RES_MED,342.0,20.9,1.24,44.7,NO,34.75
744,CASE_0744,RZ_RES_MED,682.3,22.9,3.1,11.9,NO,36.95
745,CASE_0745,RZ_RES_LOW,149.8,22.9,2.42,10.9,NO,29.65
746,CASE_0186,RZ_COMM_MAIN,464.4,20.3,1.34,32.6,NO,49.7
747,CASE_0373,RZ_RES_MED,137.7,21.2,2.93,20.9,NO,39.75
748,CASE_0748,RZ_RES_MED,86.9,17.9,3.58,20.7,NO,46.15
749,CASE_0374,RZ_RES_LOW,901.1,22.5,1.69,41.4,NO,37.6
750,CASE_0750,RZ_COMM_MAIN,621.7,17.4,2.91,29.3,NO,63.75
751,CASE_0187,RZ_COMM_MAIN,737.6,9.9,2.35,17.2,NO,60.1
752,CASE_0752,RZ_RES_HIGH,447.5,8.8,1.03,27.8,NO,39.2
753,CASE_0753,RZ_RES_MED,383.3,14.4,1.02,42.2,NO,31.3
754,CASE_0377,RZ_RES_MED,767.1,18.8,2.19,11.8,NO,27.8
755,CASE_0094,RZ_RES_LOW,791.1,8.9,1.93,29.8,NO,49.2
756,CASE_0756,RZ_COMM_LOCAL,838.7,10.0,1.24,31.5,NO,46.15
757,CASE_0378,RZ_RES_MED,592.7,21.3,3.03,28.5,NO,44.55
758,CASE_0189,RZ_RES_MED,705.6,14.5,1.27,12.1,NO,18.75
759,CASE_0379,RZ_RES_MED,803.1,18.4,1.24,35.8,NO,30.3
760,CASE_0760,RZ_COMM_MAIN,80.8,23.5,1.85,13.5,NO,45.25
761,CASE_0380,RZ_RES_LOW,470.9,21.1,2.02,36.7,NO,38.55
762,CASE_0023,RZ_RES_LOW,623.0,14.8,1.34,22.1,NO,24.45
763,CASE_0763,RZ_RES_MED,112.7,20.0,1.21,25.9,NO,25.05
764,CASE_0764,RZ_RES_HIGH,828.2,20.9,1.37,36.7,NO,32.05
765,CASE_0382,RZ_RES_MED,394.5,22.9,2.3,33.5,NO,39.75
766,CASE_0766,RZ_RES_MED,504.5,18.3,1.94,20.6,NO,29.7
767,CASE_0767,RZ_RES_LOW,760.0,15.9,1.37,26.3,NO,26.85
768,CASE_0768,RZ_RES_HIGH,894.3,21.5,1.65,13.1,NO,23.05
769,CASE_0192,RZ_RES_LOW,970.3,16.8,2.05,29.8,NO,35.4
770,CASE_0770,RZ_RES_LOW,606.2,18.4,3.07,14.6,NO,38.0
771,CASE_0048,RZ_COMM_MAIN,67.4,20.7,1.9,32.9,NO,55.45
772,CASE_0386,RZ_COMM_LOCAL,481.9,16.0,2.22,9.9,NO,37.15
773,CASE_0773,RZ_RES_MED,357.7,16.1,2.93,21.5,NO,40.05
774,CASE_0387,RZ_RES_LOW,621.1,20.1,3.59,9.4,NO,40.6
775,CASE_0775,RZ_COMM_LOCAL,585.5,15.8,2.47,29.4,NO,49.4
776,CASE_0388,RZ_RES_LOW,741.4,16.1,3.98,17.7,NO,48.65
777,CASE_0777,RZ_RES_LOW,559.3,14.1,3.46,28.5,NO,48.85
778,CASE_0097,RZ_COMM_MAIN,795.7,12.2,2.29,22.3,NO,54.05
779,CASE_0389,RZ_COMM_LOCAL,219.3,10.8,1.81,14.3,NO,43.25
780,CASE_0780,RZ_COMM_LOCAL,779.8,8.8,1.85,23.8,NO,55.4
781,CASE_0390,RZ_RES_HIGH,455.8,14.7,1.23,18.1,NO,21.35
782,CASE_0782,RZ_RES_MED,160.6,9.4,1.1,32.1,NO,35.05
783,CASE_0783,RZ_COMM_LOCAL,554.3,18.6,1.77,22.2,NO,38.8
784,CASE_0784,RZ_RES_LOW,72.3,22.6,2.97,42.4,NO,50.9
785,CASE_0392,RZ_RES_HIGH,851.1,12.8,3.59,24.8,NO,48.3
786,CASE_0196,RZ_RES_HIGH,926.2,12.3,1.54,14.2,NO,22.5
787,CASE_0787,RZ_RES_HIGH,133.3,9.9,2.56,12.6,NO,39.9
788,CASE_0098,RZ_RES_HIGH,71.9,13.6,2.47,24.6,NO,37.0
789,CASE_0197,RZ_RES_LOW,193.4,17.4,1.09,35.9,NO,28.85
790,CASE_0790,RZ_COMM_LOCAL,889.9,9.0,1.54,23.5,NO,45.15
791,CASE_0395,RZ_RES_MED,366.3,11.0,3.36,22.1,NO,52.65
792,CASE_0792,RZ_RES_HIGH,854.2,13.4,2.9,38.7,NO,48.35
793,CASE_0396,RZ_RES_MED,616.7,15.8,3.05,28.8,NO,44.9
794,CASE_0198,RZ_COMM_LOCAL,486.4,8.8,1.93,20.7,NO,54.65
795,CASE_0795,RZ_COMM_MAIN,187.0,22.0,1.02,44.4,NO,52.4
796,CASE_0796,RZ_RES_HIGH,80.4,20.8,3.07,18.9,NO,40.15
797,CASE_0797,RZ_COMM_MAIN,596.4,16.3,1.28,25.6,NO,45.6
798,CASE_0049,RZ_RES_MED,308.6,22.0,3.23,14.6,NO,39.6
799,CASE_0799,RZ_COMM_LOCAL,594.9,9.9,1.23,20.7,NO,40.65
800,CASE_0200,RZ_RES_HIGH,476.5,13.6,2.82,23.9,NO,40.15
801,CASE_0801,RZ_RES_HIGH,95.1,20.6,2.14,37.1,NO,39.95
802,CASE_0802,RZ_RES_HIGH,387.1,20.7,2.25,40.2,NO,42.6
803,CASE_0401,RZ_COMM_MAIN,618.2,22.5,1.33,17.9,NO,42.25
804,CASE_0804,RZ_RES_LOW,346.5,6.7,2.62,14.4,NO,48.4
805,CASE_0025,RZ_RES_LOW,979.3,15.6,1.38,32.8,NO,30.2
806,CASE_0403,RZ_RES_HIGH,967.8,13.7,1.03,18.3,NO,19.45
807,CASE_0807,RZ_RES_LOW,507.3,19.4,2.64,18.5,NO,35.65
808,CASE_0202,RZ_RES_HIGH,102.7,13.1,2.8,9.3,NO,32.65
809,CASE_0404,RZ_COMM_MAIN,584.5,18.4,1.66,22.5,NO,47.85
810,CASE_0810,RZ_COMM_LOCAL,364.0,22.6,1.27,33.2,NO,39.3
811,CASE_0050,RZ_RES_MED,734.6,9.7,2.9,18.5,NO,46.25
812,CASE_0203,RZ_RES_MED,781.3,19.8,1.87,13.3,NO,25.35
813,CASE_0406,RZ_RES_LOW,169.1,22.9,1.43,20.2,NO,24.4
814,CASE_0814,RZ_RES_LOW,288.5,17.2,1.44,39.0,NO,33.9
815,CASE_0407,RZ_RES_MED,549.8,12.3,1.29,35.0,NO,30.4
816,CASE_0408,RZ_RES_LOW,342.2,20.6,1.35,39.6,NO,33.3
817,CASE_0817,RZ_RES_MED,713.4,18.0,2.13,41.6,NO,42.1
818,CASE_0409,RZ_RES_MED,934.1,19.3,2.55,28.9,NO,39.95
819,CASE_0819,RZ_RES_LOW,122.6,17.9,2.99,41.9,NO,50.85
820,CASE_0820,RZ_RES_LOW,77.9,21.6,2.95,17.3,NO,38.15
821,CASE_0821,RZ_RES_LOW,909.6,14.7,2.79,12.2,NO,34.0
822,CASE_0822,RZ_COMM_LOCAL,587.0,18.8,1.12,42.2,NO,42.3
823,CASE_0205,RZ_RES_HIGH,127.8,21.5,1.13,9.7,NO,16.15
824,CASE_0824,RZ_RES_MED,996.2,23.6,1.83,11.2,NO,23.9
825,CASE_0825,RZ_COMM_LOCAL,897.0,20.7,1.09,29.0,NO,35.4
826,CASE_0826,RZ_RES_MED,381.3,13.1,1.41,35.3,NO,31.75
827,CASE_0051,RZ_RES_LOW,146.8,13.6,1.83,9.1,NO,22.85
828,CASE_0414,RZ_COMM_LOCAL,556.1,17.5,2.79,31.0,NO,53.4
829,CASE_0829,RZ_COMM_MAIN,703.0,9.6,1.41,33.8,NO,59.0
830,CASE_0415,RZ_RES_HIGH,390.9,14.2,1.52,33.2,NO,31.8
831,CASE_0831,RZ_RES_MED,358.4,16.0,3.85,13.3,NO,45.15
832,CASE_0832,RZ_RES_MED,743.5,19.8,3.64,23.9,NO,48.35
833,CASE_0208,RZ_RES_HIGH,142.8,21.2,1.73,30.2,NO,32.4
834,CASE_0104,RZ_RES_LOW,545.6,9.4,1.72,23.6,NO,37.0
835,CASE_0417,RZ_RES_HIGH,711.8,15.2,2.25,14.0,NO,29.5
836,CASE_0836,RZ_COMM_LOCAL,186.0,21.2,2.41,32.4,NO,50.3
837,CASE_0837,RZ_COMM_LOCAL,522.0,8.5,1.58,10.2,NO,45.9
838,CASE_0838,RZ_RES_LOW,929.9,23.1,1.67,33.2,NO,33.3
839,CASE_0006,RZ_RES_HIGH,627.5,20.5,3.19,28.3,NO,46.05
840,CASE_0840,RZ_RES_HIGH,874.8,22.0,2.28,36.9,NO,41.25
841,CASE_0420,RZ_RES_HIGH,954.7,14.7,1.59,22.8,NO,27.3
842,CASE_0842,RZ_RES_LOW,549.4,14.1,3.48,10.5,NO,40.05
843,CASE_0843,RZ_COMM_MAIN,565.6,23.7,1.12,22.9,NO,42.65
844,CASE_0211,RZ_RES_MED,282.1,8.6,1.59,30.7,NO,46.25
845,CASE_0422,RZ_COMM_MAIN,89.0,19.7,1.88,18.9,NO,48.25
846,CASE_0846,RZ_COMM_LOCAL,145.0,15.0,1.54,30.1,NO,40.45
847,CASE_0423,RZ_RES_MED,793.9,16.2,3.32,26.8,NO,46.6
848,CASE_0848,RZ_RES_MED,889.6,7.6,1.97,32.3,NO,50.85
849,CASE_0849,RZ_RES_MED,735.3,8.2,1.34,25.2,NO,41.0
850,CASE_0425,RZ_RES_LOW,774.4,13.9,1.66,24.3,NO,28.75
851,CASE_0212,RZ_RES_LOW,226.5,19.9,2.48,36.2,NO,42.9
852,CASE_0852,RZ_RES_MED,212.4,8.6,3.31,10.8,NO,53.5
853,CASE_0426,RZ_RES_MED,339.8,24.0,2.35,21.5,NO,34.25
854,CASE_0854,RZ_RES_HIGH,71.5,15.0,2.5,38.1,NO,44.05
855,CASE_0106,RZ_RES_MED,440.1,10.4,2.99,22.3,NO,49.05
856,CASE_0428,RZ_RES_HIGH,869.4,17.0,2.28,31.2,NO,38.4
857,CASE_0857,RZ_RES_MED,106.0,8.7,2.96,10.3,NO,49.75
858,CASE_0429,RZ_RES_MED,817.1,16.3,2.6,30.5,NO,41.25
859,CASE_0026,RZ_RES_MED,309.2,21.7,2.27,16.6,NO,31.0
860,CASE_0215,RZ_RES_LOW,390.8,7.3,2.39,10.4,NO,44.1
861,CASE_0107,RZ_RES_HIGH,460.0,19.4,1.99,34.3,NO,37.05
862,CASE_0431,RZ_RES_LOW,187.5,19.5,2.23,11.1,NO,27.85
863,CASE_0863,RZ_COMM_MAIN,257.3,9.8,1.17,29.6,NO,54.5
864,CASE_0432,RZ_RES_MED,719.3,8.4,1.44,20.6,NO,39.7
865,CASE_0865,RZ_RES_HIGH,461.4,21.3,1.78,29.7,NO,32.65
866,CASE_0866,RZ_RES_MED,637.4,14.9,3.19,26.9,NO,45.35
867,CASE_0433,RZ_COMM_LOCAL,520.1,16.4,1.81,23.9,NO,40.05
868,CASE_0217,RZ_COMM_LOCAL,605.5,23.2,3.22,10.5,NO,47.45
869,CASE_0869,RZ_RES_HIGH,586.8,17.5,1.03,16.2,NO,18.4
870,CASE_0870,RZ_RES_LOW,349.3,15.1,1.97,9.2,NO,24.3
871,CASE_0108,RZ_RES_HIGH,276.7,19.0,1.95,35.7,NO,37.35
872,CASE_0872,RZ_RES_HIGH,926.9,14.6,2.42,10.3,YES,59.35
873,CASE_0873,RZ_RES_MED,649.6,22.1,2.61,21.1,NO,36.65
874,CASE_0109,RZ_RES_MED,240.0,19.3,1.83,30.2,NO,33.4
875,CASE_0437,RZ_COMM_LOCAL,835.4,14.9,1.97,19.2,NO,39.3
876,CASE_0219,RZ_RES_LOW,822.3,21.1,3.95,12.0,NO,45.5
877,CASE_0877,RZ_COMM_MAIN,851.9,16.3,2.17,30.4,NO,56.9
878,CASE_0878,RZ_RES_HIGH,723.0,11.7,1.09,23.9,NO,30.85
879,CASE_0439,RZ_RES_LOW,648.6,21.1,1.05,42.5,NO,31.75
880,CASE_0027,RZ_RES_MED,730.2,13.2,3.02,22.4,NO,41.4
881,CASE_0881,RZ_COMM_LOCAL,910.7,8.8,2.02,26.4,NO,58.4
882,CASE_0220,RZ_RES_LOW,292.9,13.9,2.32,27.8,NO,37.1
883,CASE_0441,RZ_RES_HIGH,209.4,22.8,1.82,32.6,NO,34.5
884,CASE_0884,RZ_RES_HIGH,936.4,18.4,2.78,12.1,NO,33.85
885,CASE_0442,RZ_RES_HIGH,684.6,17.7,1.16,31.5,NO,27.35
886,CASE_0886,RZ_RES_MED,361.6,9.5,1.83,20.5,NO,36.55
887,CASE_0887,RZ_RES_LOW,316.3,8.8,1.34,43.5,NO,50.15
888,CASE_0888,RZ_RES_LOW,254.2,12.3,1.96,14.1,NO,26.65
889,CASE_0444,RZ_COMM_MAIN,272.6,18.2,1.03,34.0,NO,47.3
890,CASE_0445,RZ_COMM_LOCAL,712.4,14.6,1.69,12.2,NO,33.0
891,CASE_0222,RZ_RES_HIGH,122.0,7.7,3.04,19.2,NO,55.0
892,CASE_0111,RZ_RES_LOW,725.5,8.3,1.14,11.0,NO,31.9
893,CASE_0446,RZ_RES_LOW,354.6,21.9,1.41,36.8,NO,32.5
894,CASE_0447,RZ_RES_MED,663.1,18.2,1.21,29.3,NO,26.75
895,CASE_0895,RZ_RES_MED,195.1,22.1,1.77,22.1,NO,28.75
896,CASE_0896,RZ_RES_HIGH,801.5,21.9,2.36,10.1,NO,28.65
897,CASE_0897,RZ_RES_HIGH,509.9,21.2,1.85,21.6,NO,29.3
898,CASE_0224,RZ_COMM_LOCAL,181.2,18.8,1.25,29.1,NO,37.05
899,CASE_0899,RZ_RES_HIGH,560.8,13.2,2.24,31.4,NO,38.1
900,CASE_0112,RZ_RES_MED,659.6,19.6,1.31,9.4,NO,17.8
901,CASE_0901,RZ_COMM_LOCAL,593.2,12.2,3.08,15.2,NO,48.4
902,CASE_0451,RZ_RES_MED,580.2,16.8,2.82,37.0,NO,46.7
903,CASE_0903,RZ_COMM_LOCAL,225.6,23.2,1.21,12.9,NO,28.55
904,CASE_0226,RZ_COMM_MAIN,147.8,18.1,2.53,9.7,NO,50.15
905,CASE_0452,RZ_RES_HIGH,253.1,16.9,1.57,23.1,NO,27.25
906,CASE_0906,RZ_COMM_MAIN,334.0,17.1,2.34,16.4,NO,51.6
907,CASE_0907,RZ_RES_HIGH,596.1,22.4,1.91,43.0,NO,40.6
908,CASE_0908,RZ_RES_HIGH,990.9,16.5,2.83,27.4,NO,42.0
909,CASE_0454,RZ_RES_LOW,987.7,22.8,1.4,40.0,NO,34.0
910,CASE_0910,RZ_RES_HIGH,163.1,11.1,1.09,24.5,NO,31.15
911,CASE_0911,RZ_RES_HIGH,729.1,13.3,2.31,16.6,NO,31.4
912,CASE_0456,RZ_COMM_MAIN,123.5,10.7,1.12,11.2,NO,44.8
913,CASE_0913,RZ_RES_MED,186.2,7.3,1.05,35.0,NO,43.0
914,CASE_0914,RZ_COMM_LOCAL,976.5,8.4,1.41,38.0,NO,58.1
915,CASE_0915,RZ_COMM_MAIN,934.5,17.2,2.36,24.3,NO,55.75
916,CASE_0229,RZ_RES_LOW,682.2,21.8,2.85,30.5,NO,43.75
917,CASE_0057,RZ_COMM_LOCAL,83.3,19.3,2.0,42.5,NO,51.25
918,CASE_0918,RZ_RES_LOW,594.1,18.7,1.34,26.3,NO,26.55
919,CASE_0459,RZ_RES_MED,564.2,13.0,2.9,39.0,NO,48.5
920,CASE_0920,RZ_COMM_MAIN,133.5,22.0,1.27,26.0,NO,45.7
921,CASE_0921,RZ_RES_LOW,703.0,15.7,2.74,31.1,NO,42.95
922,CASE_0461,RZ_COMM_LOCAL,169.0,17.0,1.17,33.0,NO,38.2
923,CASE_0923,RZ_COMM_LOCAL,391.7,23.6,1.88,15.0,NO,36.3
924,CASE_0014,RZ_RES_MED,676.1,13.1,3.74,25.5,NO,50.15
925,CASE_0462,RZ_RES_MED,172.3,18.7,3.1,14.9,NO,38.45
926,CASE_0463,RZ_COMM_MAIN,546.2,20.8,1.78,22.4,NO,49.0
927,CASE_0927,RZ_RES_HIGH,318.7,10.6,3.22,30.7,NO,55.55
928,CASE_0928,RZ_RES_MED,679.6,12.7,1.53,37.2,NO,33.9
929,CASE_0929,RZ_RES_MED,811.4,21.5,2.03,12.0,YES,56.3
930,CASE_0930,RZ_RES_MED,847.4,19.5,2.24,22.8,NO,33.8
931,CASE_0931,RZ_RES_MED,258.2,19.2,2.04,32.1,NO,36.45
932,CASE_0932,RZ_RES_LOW,109.4,14.4,2.43,26.1,NO,37.35
933,CASE_0466,RZ_RES_HIGH,112.1,21.5,1.5,14.7,NO,22.35
934,CASE_0934,RZ_COMM_LOCAL,71.2,22.7,2.35,33.4,NO,50.2
935,CASE_0935,RZ_RES_LOW,151.5,15.6,2.06,39.4,NO,40.3
936,CASE_0468,RZ_RES_LOW,289.9,14.5,2.15,14.4,NO,28.7
937,CASE_0937,RZ_RES_MED,750.3,16.6,1.58,21.1,NO,26.35
938,CASE_0938,RZ_RES_MED,354.5,6.2,1.03,11.4,NO,31.0
939,CASE_0234,RZ_COMM_LOCAL,532.7,13.5,1.49,16.2,NO,33.0
940,CASE_0058,RZ_RES_MED,310.8,20.2,1.32,40.4,NO,33.4
941,CASE_0235,RZ_RES_HIGH,109.0,14.7,2.11,42.6,NO,42.4
942,CASE_0029,RZ_RES_MED,66.8,18.7,1.18,11.4,YES,47.5
943,CASE_0943,RZ_RES_LOW,660.5,22.6,1.83,24.4,NO,30.5
944,CASE_0944,RZ_RES_HIGH,301.9,20.1,1.83,11.2,NO,23.9
945,CASE_0945,RZ_RES_LOW,302.7,20.6,1.53,11.5,NO,21.05
946,CASE_0946,RZ_RES_MED,633.7,9.2,2.48,14.2,NO,39.9
947,CASE_0473,RZ_RES_HIGH,248.6,16.1,1.91,31.4,NO,34.8
948,CASE_0474,RZ_COMM_MAIN,973.5,24.0,3.33,35.4,NO,71.0
949,CASE_0949,RZ_RES_LOW,936.9,18.0,1.8,34.2,NO,35.1
950,CASE_0118,RZ_RES_MED,648.0,10.8,1.24,17.6,NO,29.2
951,CASE_0475,RZ_RES_MED,201.5,22.8,1.07,28.5,NO,24.95
952,CASE_0059,RZ_RES_MED,247.6,22.5,2.05,38.5,NO,39.75
953,CASE_0953,RZ_RES_LOW,403.4,21.4,2.02,39.3,NO,39.85
954,CASE_0954,RZ_RES_HIGH,668.9,9.2,1.12,22.8,NO,30.6
955,CASE_0955,RZ_COMM_LOCAL,902.7,17.4,2.08,12.1,NO,36.85
956,CASE_0119,RZ_RES_MED,62.5,14.1,2.78,19.5,NO,37.55
957,CASE_0957,RZ_RES_LOW,805.2,17.6,2.5,43.7,NO,46.85
958,CASE_0479,RZ_RES_HIGH,491.0,19.5,2.74,27.2,NO,41.0
959,CASE_0239,RZ_RES_MED,86.5,22.8,3.52,32.4,NO,51.4
960,CASE_0120,RZ_RES_HIGH,720.8,14.2,3.06,42.3,NO,51.75
961,CASE_0961,RZ_RES_LOW,288.1,17.7,1.04,31.8,NO,26.3
962,CASE_0481,RZ_RES_HIGH,859.9,22.7,2.18,38.9,NO,41.25
963,CASE_0963,RZ_COMM_LOCAL,619.3,17.1,1.19,16.3,NO,30.05
964,CASE_0964,RZ_COMM_LOCAL,364.8,23.6,2.73,13.9,NO,44.25
965,CASE_0060,RZ_RES_MED,82.2,9.5,1.98,40.1,NO,47.85
966,CASE_0966,RZ_COMM_LOCAL,218.0,12.7,1.5,17.8,NO,33.9
967,CASE_0483,RZ_RES_MED,159.3,14.1,1.94,13.3,NO,26.05
968,CASE_0484,RZ_RES_MED,484.8,14.3,3.56,12.3,NO,41.75
969,CASE_0969,RZ_RES_HIGH,451.2,20.5,3.32,33.9,NO,50.15
970,CASE_0485,RZ_RES_HIGH,836.8,18.5,1.12,39.1,NO,30.75
971,CASE_0971,RZ_RES_MED,734.2,17.0,1.26,38.8,NO,32.0
972,CASE_0486,RZ_RES_LOW,728.5,23.4,2.19,10.8,NO,27.3
973,CASE_0973,RZ_RES_HIGH,871.0,23.8,2.52,25.7,NO,38.05
974,CASE_0974,RZ_RES_MED,319.8,9.5,3.39,33.7,NO,58.75
975,CASE_0487,RZ_RES_MED,89.2,13.3,2.36,35.9,NO,41.55
976,CASE_0015,RZ_RES_MED,760.3,15.7,3.24,24.4,NO,44.6
977,CASE_0488,RZ_COMM_LOCAL,155.8,20.3,1.36,11.2,NO,29.2
978,CASE_0978,RZ_RES_MED,738.1,16.7,1.98,16.2,NO,27.9
979,CASE_0489,RZ_RES_MED,182.9,20.8,2.12,31.7,NO,37.05
980,CASE_0122,RZ_RES_HIGH,837.0,7.3,1.5,20.1,NO,40.05
981,CASE_0981,RZ_RES_MED,263.2,17.0,1.53,22.4,NO,26.5
982,CASE_0982,RZ_RES_MED,654.1,23.6,1.61,13.6,NO,22.9
983,CASE_0245,RZ_COMM_LOCAL,61.5,12.4,2.71,15.7,NO,44.95
984,CASE_0984,RZ_RES_MED,893.2,16.9,3.37,32.0,NO,49.7
985,CASE_0985,RZ_RES_MED,603.4,15.9,1.69,23.8,NO,28.8
986,CASE_0986,RZ_RES_MED,616.1,21.1,1.84,35.3,NO,36.05
987,CASE_0987,RZ_RES_MED,293.0,13.8,1.67,42.4,NO,37.9
988,CASE_0988,RZ_COMM_MAIN,904.4,13.5,1.13,44.7,NO,53.65
989,CASE_0494,RZ_RES_MED,92.6,17.1,1.74,19.6,NO,27.2
990,CASE_0247,RZ_COMM_MAIN,79.1,21.7,1.13,22.9,NO,42.75
991,CASE_0991,RZ_RES_MED,184.7,11.3,2.94,12.3,NO,43.55
992,CASE_0992,RZ_RES_HIGH,212.1,14.3,2.71,30.0,NO,42.1
993,CASE_0993,RZ_COMM_LOCAL,785.5,21.7,2.22,37.4,NO,50.9
994,CASE_0497,RZ_RES_HIGH,510.9,20.1,2.03,29.4,NO,35.0
995,CASE_0062,RZ_RES_LOW,168.4,23.5,1.54,43.7,NO,37.25
996,CASE_0498,RZ_RES_HIGH,229.0,11.7,1.66,41.2,NO,45.2
997,CASE_0249,RZ_COMM_MAIN,751.1,12.0,1.13,28.7,NO,45.65
998,CASE_0499,RZ_RES_LOW,820.1,14.5,2.07,30.0,NO,35.7
999,CASE_0124,RZ_RES_HIGH,530.4,14.9,1.24,10.4,NO,17.6
1000,CASE_0500,RZ_RES_MED,154.1,17.8,1.8,38.4,NO,37.2
