Block_ID,Harvest_Year,Planting_Year,Age_Years,Host_Tree_Mix,Projected_Yield_Score
8,2028,2008,20,Acacia_dominant,88.6
62,2028,2011,17,Agroforestry_Farm,71.2
82,2028,2001,27,Agroforestry_Farm,66.8
126,2028,2008,20,Agroforestry_Farm,84.0
211,2028,2004,24,Native_Assisted,86.4
237,2028,2011,17,Mixed_Hardwood,70.1
253,2028,2004,24,Mixed_Hardwood,84.4
282,2028,2011,17,Agroforestry_Farm,66.5
347,2028,1999,29,Native_Assisted,68.8
407,2028,2008,20,Native_Assisted,83.3
414,2028,2012,16,Agroforestry_Farm,70.0
546,2028,2011,17,Agroforestry_Farm,64.4
553,2028,2006,22,Mixed_Hardwood,95.2
635,2028,2011,17,Native_Assisted,68.6
638,2028,1998,30,Agroforestry_Farm,60.6
661,2028,2010,18,Mixed_Hardwood,75.6
722,2028,2004,24,Agroforestry_Farm,82.3
778,2028,2006,22,Agroforestry_Farm,87.1
805,2028,2007,21,Mixed_Hardwood,93.2
830,2028,2007,21,Agroforestry_Farm,85.9
833,2028,2013,15,Mixed_Hardwood,64.2
875,2028,2004,24,Native_Assisted,85.1
881,2028,2004,24,Mixed_Hardwood,83.8
921,2028,1998,30,Mixed_Hardwood,55.7
4,2029,2014,15,Acacia_dominant,61.8
27,2029,2004,25,Native_Assisted,80.5
36,2029,2011,18,Acacia_dominant,74.9
63,2029,2007,22,Native_Assisted,89.7
64,2029,2004,25,Acacia_dominant,78.2
71,2029,2011,18,Native_Assisted,72.9
87,2029,2013,16,Native_Assisted,69.8
93,2029,2012,17,Mixed_Hardwood,71.4
130,2029,1999,30,Agroforestry_Farm,53.9
160,2029,2007,22,Acacia_dominant,99.8
251,2029,2005,24,Native_Assisted,87.6
255,2029,2006,23,Native_Assisted,94.2
324,2029,2010,19,Acacia_dominant,82.5
334,2029,2012,17,Agroforestry_Farm,66.5
339,2029,2004,25,Native_Assisted,84.5
383,2029,2005,24,Native_Assisted,90.6
452,2029,2012,17,Acacia_dominant,71.9
521,2029,2001,28,Mixed_Hardwood,66.6
532,2029,1999,30,Acacia_dominant,65.4
550,2029,2007,22,Agroforestry_Farm,89.2
569,2029,2004,25,Mixed_Hardwood,84.8
671,2029,2013,16,Native_Assisted,65.4
709,2029,2011,18,Mixed_Hardwood,75.5
761,2029,2001,28,Mixed_Hardwood,66.4
781,2029,2002,27,Mixed_Hardwood,71.6
847,2029,2014,15,Native_Assisted,66.9
851,2029,2007,22,Native_Assisted,91.1
928,2029,2011,18,Acacia_dominant,73.6
969,2029,2000,29,Mixed_Hardwood,61.5
28,2030,2009,21,Acacia_dominant,95.0
90,2030,2013,17,Agroforestry_Farm,70.9
145,2030,2005,25,Mixed_Hardwood,81.7
200,2030,2000,30,Acacia_dominant,56.9
267,2030,2010,20,Native_Assisted,83.1
304,2030,2008,22,Acacia_dominant,99.9
343,2030,2003,27,Native_Assisted,74.4
487,2030,2000,30,Native_Assisted,60.1
499,2030,2010,20,Native_Assisted,81.1
537,2030,2008,22,Mixed_Hardwood,96.2
540,2030,2004,26,Acacia_dominant,75.6
567,2030,2001,29,Native_Assisted,60.2
592,2030,2008,22,Acacia_dominant,97.8
616,2030,2013,17,Acacia_dominant,72.3
619,2030,2011,19,Native_Assisted,86.2
642,2030,2014,16,Agroforestry_Farm,61.6
716,2030,2008,22,Acacia_dominant,95.4
762,2030,2014,16,Agroforestry_Farm,69.3
763,2030,2000,30,Native_Assisted,56.0
800,2030,2001,29,Acacia_dominant,69.3
801,2030,2009,21,Mixed_Hardwood,84.3
848,2030,2000,30,Acacia_dominant,65.1
853,2030,2007,23,Mixed_Hardwood,92.8
877,2030,2010,20,Mixed_Hardwood,84.0
879,2030,2004,26,Native_Assisted,77.9
41,2031,2008,23,Mixed_Hardwood,91.5
46,2031,2007,24,Agroforestry_Farm,85.1
69,2031,2003,28,Mixed_Hardwood,66.5
73,2031,2009,22,Mixed_Hardwood,89.9
106,2031,2012,19,Agroforestry_Farm,75.1
107,2031,2012,19,Native_Assisted,79.2
115,2031,2014,17,Native_Assisted,77.6
137,2031,2008,23,Mixed_Hardwood,85.6
290,2031,2011,20,Agroforestry_Farm,80.0
305,2031,2002,29,Mixed_Hardwood,68.3
337,2031,2013,18,Mixed_Hardwood,75.8
375,2031,2002,29,Native_Assisted,63.5
382,2031,2012,19,Agroforestry_Farm,73.0
384,2031,2013,18,Acacia_dominant,75.7
411,2031,2002,29,Native_Assisted,64.9
416,2031,2001,30,Acacia_dominant,63.8
426,2031,2006,25,Agroforestry_Farm,76.8
430,2031,2005,26,Agroforestry_Farm,76.5
456,2031,2007,24,Acacia_dominant,88.4
462,2031,2016,15,Agroforestry_Farm,60.8
473,2031,2009,22,Mixed_Hardwood,92.4
505,2031,2004,27,Mixed_Hardwood,70.0
648,2031,2006,25,Acacia_dominant,79.9
649,2031,2008,23,Mixed_Hardwood,88.3
668,2031,2004,27,Acacia_dominant,72.9
723,2031,2006,25,Native_Assisted,79.3
740,2031,2002,29,Acacia_dominant,63.9
779,2031,2015,16,Native_Assisted,68.5
917,2031,2008,23,Mixed_Hardwood,86.1
926,2031,2002,29,Agroforestry_Farm,63.1
949,2031,2011,20,Mixed_Hardwood,83.4
964,2031,2013,18,Acacia_dominant,76.0
968,2031,2009,22,Acacia_dominant,93.0
971,2031,2009,22,Native_Assisted,91.1
32,2032,2010,22,Acacia_dominant,97.4
35,2032,2002,30,Native_Assisted,56.6
118,2032,2004,28,Agroforestry_Farm,61.3
164,2032,2017,15,Acacia_dominant,69.8
252,2032,2002,30,Acacia_dominant,57.7
310,2032,2005,27,Agroforestry_Farm,66.1
341,2032,2010,22,Mixed_Hardwood,93.3
345,2032,2010,22,Mixed_Hardwood,92.6
402,2032,2017,15,Agroforestry_Farm,58.6
403,2032,2013,19,Native_Assisted,81.9
408,2032,2004,28,Acacia_dominant,70.3
428,2032,2002,30,Acacia_dominant,57.3
445,2032,2005,27,Mixed_Hardwood,67.9
451,2032,2012,20,Native_Assisted,88.2
480,2032,2009,23,Acacia_dominant,87.8
515,2032,2013,19,Native_Assisted,77.3
519,2032,2012,20,Native_Assisted,82.5
543,2032,2016,16,Native_Assisted,66.9
545,2032,2002,30,Mixed_Hardwood,59.2
591,2032,2003,29,Native_Assisted,60.2
623,2032,2004,28,Native_Assisted,69.0
647,2032,2006,26,Native_Assisted,77.5
650,2032,2014,18,Agroforestry_Farm,68.8
673,2032,2013,19,Mixed_Hardwood,78.8
725,2032,2003,29,Mixed_Hardwood,61.6
734,2032,2002,30,Agroforestry_Farm,54.9
752,2032,2012,20,Acacia_dominant,84.9
787,2032,2010,22,Native_Assisted,93.1
796,2032,2003,29,Acacia_dominant,70.0
872,2032,2005,27,Acacia_dominant,76.3
886,2032,2015,17,Agroforestry_Farm,65.8
906,2032,2008,24,Agroforestry_Farm,79.1
950,2032,2005,27,Agroforestry_Farm,68.3
951,2032,2005,27,Native_Assisted,72.4
974,2032,2011,21,Agroforestry_Farm,89.0
982,2032,2010,22,Agroforestry_Farm,86.5
23,2033,2011,22,Native_Assisted,90.6
37,2033,2005,28,Mixed_Hardwood,69.0
43,2033,2004,29,Native_Assisted,59.9
75,2033,2010,23,Native_Assisted,89.5
151,2033,2009,24,Native_Assisted,84.7
196,2033,2017,16,Acacia_dominant,67.6
210,2033,2009,24,Agroforestry_Farm,77.7
276,2033,2009,24,Acacia_dominant,87.6
287,2033,2005,28,Native_Assisted,70.3
366,2033,2012,21,Agroforestry_Farm,82.2
471,2033,2004,29,Native_Assisted,68.2
556,2033,2016,17,Acacia_dominant,74.4
565,2033,2004,29,Mixed_Hardwood,68.6
600,2033,2003,30,Acacia_dominant,61.8
626,2033,2008,25,Agroforestry_Farm,81.8
632,2033,2014,19,Acacia_dominant,79.2
654,2033,2003,30,Agroforestry_Farm,61.6
718,2033,2005,28,Agroforestry_Farm,68.8
719,2033,2017,16,Native_Assisted,74.0
838,2033,2015,18,Agroforestry_Farm,77.5
884,2033,2006,27,Acacia_dominant,70.9
896,2033,2006,27,Acacia_dominant,78.9
930,2033,2011,22,Agroforestry_Farm,90.2
977,2033,2008,25,Mixed_Hardwood,85.3
66,2034,2015,19,Agroforestry_Farm,79.7
95,2034,2009,25,Native_Assisted,78.9
100,2034,2011,23,Acacia_dominant,87.2
109,2034,2011,23,Mixed_Hardwood,88.9
121,2034,2012,22,Mixed_Hardwood,94.7
153,2034,2006,28,Mixed_Hardwood,70.9
207,2034,2005,29,Native_Assisted,66.8
213,2034,2017,17,Mixed_Hardwood,73.1
230,2034,2008,26,Agroforestry_Farm,76.3
266,2034,2013,21,Agroforestry_Farm,83.5
297,2034,2008,26,Mixed_Hardwood,77.6
299,2034,2011,23,Native_Assisted,90.3
391,2034,2005,29,Native_Assisted,64.3
397,2034,2019,15,Mixed_Hardwood,59.3
478,2034,2008,26,Agroforestry_Farm,71.8
527,2034,2008,26,Native_Assisted,79.1
547,2034,2015,19,Native_Assisted,82.0
568,2034,2018,16,Acacia_dominant,72.9
612,2034,2015,19,Acacia_dominant,79.9
658,2034,2008,26,Agroforestry_Farm,68.8
670,2034,2007,27,Agroforestry_Farm,69.2
695,2034,2012,22,Native_Assisted,91.8
705,2034,2013,21,Mixed_Hardwood,92.1
754,2034,2004,30,Agroforestry_Farm,52.6
803,2034,2013,21,Native_Assisted,89.6
818,2034,2009,25,Agroforestry_Farm,74.8
856,2034,2015,19,Acacia_dominant,85.0
890,2034,2005,29,Agroforestry_Farm,56.9
937,2034,2013,21,Mixed_Hardwood,86.6
940,2034,2005,29,Acacia_dominant,62.0
5,2035,2020,15,Mixed_Hardwood,64.4
17,2035,2011,24,Mixed_Hardwood,89.5
52,2035,2018,17,Acacia_dominant,70.0
60,2035,2018,17,Acacia_dominant,72.5
65,2035,2012,23,Mixed_Hardwood,90.5
91,2035,2008,27,Native_Assisted,69.4
124,2035,2015,20,Acacia_dominant,91.4
159,2035,2014,21,Native_Assisted,86.3
166,2035,2015,20,Agroforestry_Farm,84.7
168,2035,2017,18,Acacia_dominant,77.9
179,2035,2008,27,Native_Assisted,75.1
204,2035,2014,21,Acacia_dominant,94.2
226,2035,2018,17,Agroforestry_Farm,67.0
243,2035,2017,18,Native_Assisted,79.5
260,2035,2017,18,Acacia_dominant,78.9
319,2035,2008,27,Native_Assisted,70.5
344,2035,2005,30,Acacia_dominant,65.8
372,2035,2008,27,Acacia_dominant,78.8
378,2035,2005,30,Agroforestry_Farm,51.9
380,2035,2018,17,Acacia_dominant,75.5
392,2035,2009,26,Acacia_dominant,74.3
424,2035,2007,28,Acacia_dominant,68.4
525,2035,2011,24,Mixed_Hardwood,89.3
599,2035,2017,18,Native_Assisted,72.6
627,2035,2009,26,Native_Assisted,81.8
735,2035,2020,15,Native_Assisted,62.4
736,2035,2006,29,Acacia_dominant,68.4
743,2035,2013,22,Native_Assisted,98.6
795,2035,2011,24,Native_Assisted,89.2
809,2035,2010,25,Mixed_Hardwood,83.3
816,2035,2016,19,Acacia_dominant,77.7
829,2035,2018,17,Mixed_Hardwood,74.2
864,2035,2018,17,Acacia_dominant,72.6
889,2035,2005,30,Mixed_Hardwood,60.6
913,2035,2009,26,Mixed_Hardwood,73.0
961,2035,2011,24,Mixed_Hardwood,80.0
962,2035,2011,24,Agroforestry_Farm,78.3
1,2036,2014,22,Mixed_Hardwood,90.2
110,2036,2020,16,Agroforestry_Farm,60.9
113,2036,2016,20,Mixed_Hardwood,87.1
134,2036,2019,17,Agroforestry_Farm,73.8
135,2036,2010,26,Native_Assisted,78.7
138,2036,2020,16,Agroforestry_Farm,61.1
175,2036,2006,30,Native_Assisted,61.9
176,2036,2007,29,Acacia_dominant,61.6
189,2036,2008,28,Mixed_Hardwood,67.9
273,2036,2015,21,Mixed_Hardwood,88.1
275,2036,2017,19,Native_Assisted,77.2
279,2036,2006,30,Native_Assisted,60.0
308,2036,2008,28,Acacia_dominant,73.3
312,2036,2008,28,Acacia_dominant,68.4
346,2036,2007,29,Agroforestry_Farm,58.4
368,2036,2016,20,Acacia_dominant,84.2
390,2036,2020,16,Agroforestry_Farm,66.9
395,2036,2015,21,Native_Assisted,94.5
419,2036,2011,25,Native_Assisted,80.3
440,2036,2014,22,Acacia_dominant,98.1
443,2036,2012,24,Native_Assisted,89.9
602,2036,2007,29,Agroforestry_Farm,58.0
629,2036,2015,21,Mixed_Hardwood,90.2
662,2036,2010,26,Agroforestry_Farm,76.0
681,2036,2014,22,Mixed_Hardwood,95.2
706,2036,2013,23,Agroforestry_Farm,82.2
788,2036,2020,16,Acacia_dominant,70.6
799,2036,2015,21,Native_Assisted,88.1
841,2036,2009,27,Mixed_Hardwood,68.0
885,2036,2012,24,Mixed_Hardwood,82.4
887,2036,2008,28,Native_Assisted,67.0
899,2036,2009,27,Native_Assisted,71.8
981,2036,2017,19,Mixed_Hardwood,82.5
85,2037,2016,21,Mixed_Hardwood,93.5
97,2037,2008,29,Mixed_Hardwood,62.0
119,2037,2011,26,Native_Assisted,81.3
147,2037,2013,24,Native_Assisted,87.3
157,2037,2012,25,Mixed_Hardwood,76.4
177,2037,2015,22,Mixed_Hardwood,90.7
263,2037,2009,28,Native_Assisted,67.1
271,2037,2013,24,Native_Assisted,87.7
300,2037,2008,29,Acacia_dominant,69.6
303,2037,2022,15,Native_Assisted,65.4
314,2037,2013,24,Agroforestry_Farm,85.0
340,2037,2011,26,Acacia_dominant,77.1
351,2037,2016,21,Native_Assisted,94.8
358,2037,2015,22,Agroforestry_Farm,91.1
365,2037,2012,25,Mixed_Hardwood,83.0
370,2037,2012,25,Agroforestry_Farm,80.5
449,2037,2012,25,Mixed_Hardwood,83.3
458,2037,2021,16,Agroforestry_Farm,62.2
460,2037,2016,21,Acacia_dominant,93.5
475,2037,2012,25,Native_Assisted,78.7
488,2037,2014,23,Acacia_dominant,91.7
502,2037,2010,27,Agroforestry_Farm,68.3
508,2037,2010,27,Acacia_dominant,70.5
513,2037,2017,20,Mixed_Hardwood,89.2
529,2037,2010,27,Mixed_Hardwood,72.2
549,2037,2015,22,Mixed_Hardwood,91.0
554,2037,2009,28,Agroforestry_Farm,60.0
609,2037,2013,24,Mixed_Hardwood,88.2
631,2037,2020,17,Native_Assisted,73.2
640,2037,2007,30,Acacia_dominant,59.1
659,2037,2007,30,Native_Assisted,61.6
665,2037,2020,17,Mixed_Hardwood,71.0
677,2037,2007,30,Mixed_Hardwood,62.8
696,2037,2015,22,Acacia_dominant,99.4
697,2037,2013,24,Mixed_Hardwood,86.7
703,2037,2020,17,Native_Assisted,71.6
784,2037,2015,22,Acacia_dominant,98.2
793,2037,2010,27,Mixed_Hardwood,69.0
836,2037,2022,15,Acacia_dominant,65.9
858,2037,2017,20,Agroforestry_Farm,82.3
891,2037,2022,15,Native_Assisted,69.3
897,2037,2007,30,Mixed_Hardwood,64.3
904,2037,2020,17,Acacia_dominant,77.4
978,2037,2013,24,Agroforestry_Farm,82.4
9,2038,2015,23,Mixed_Hardwood,85.4
42,2038,2020,18,Agroforestry_Farm,71.3
112,2038,2019,19,Acacia_dominant,83.9
127,2038,2010,28,Native_Assisted,72.0
140,2038,2010,28,Acacia_dominant,71.1
148,2038,2011,27,Acacia_dominant,76.1
178,2038,2021,17,Agroforestry_Farm,65.6
197,2038,2017,21,Mixed_Hardwood,88.4
198,2038,2011,27,Agroforestry_Farm,66.9
231,2038,2015,23,Native_Assisted,93.6
244,2038,2020,18,Acacia_dominant,80.8
293,2038,2015,23,Mixed_Hardwood,87.1
318,2038,2017,21,Agroforestry_Farm,90.6
398,2038,2016,22,Agroforestry_Farm,94.9
418,2038,2019,19,Agroforestry_Farm,73.2
503,2038,2022,16,Native_Assisted,71.9
514,2038,2008,30,Agroforestry_Farm,53.6
541,2038,2020,18,Mixed_Hardwood,79.7
574,2038,2015,23,Agroforestry_Farm,82.1
582,2038,2020,18,Agroforestry_Farm,69.1
644,2038,2019,19,Acacia_dominant,80.6
669,2038,2012,26,Mixed_Hardwood,78.9
672,2038,2008,30,Acacia_dominant,61.9
692,2038,2018,20,Acacia_dominant,86.3
729,2038,2014,24,Mixed_Hardwood,85.3
737,2038,2014,24,Mixed_Hardwood,85.5
792,2038,2010,28,Acacia_dominant,69.1
814,2038,2017,21,Agroforestry_Farm,84.5
866,2038,2023,15,Agroforestry_Farm,62.2
874,2038,2012,26,Agroforestry_Farm,69.4
892,2038,2011,27,Acacia_dominant,77.2
893,2038,2009,29,Mixed_Hardwood,62.2
916,2038,2010,28,Acacia_dominant,66.1
924,2038,2009,29,Acacia_dominant,68.7
929,2038,2020,18,Mixed_Hardwood,78.1
948,2038,2020,18,Acacia_dominant,75.7
954,2038,2009,29,Agroforestry_Farm,62.0
983,2038,2016,22,Native_Assisted,96.6
990,2038,2023,15,Agroforestry_Farm,64.5
995,2038,2014,24,Native_Assisted,84.0
12,2039,2016,23,Acacia_dominant,93.9
21,2039,2018,21,Mixed_Hardwood,90.5
51,2039,2015,24,Native_Assisted,83.1
101,2039,2022,17,Mixed_Hardwood,76.0
102,2039,2015,24,Agroforestry_Farm,78.2
122,2039,2011,28,Agroforestry_Farm,69.7
186,2039,2015,24,Agroforestry_Farm,84.2
202,2039,2017,22,Agroforestry_Farm,91.5
221,2039,2010,29,Mixed_Hardwood,65.9
249,2039,2019,20,Mixed_Hardwood,82.7
349,2039,2015,24,Mixed_Hardwood,86.1
359,2039,2017,22,Native_Assisted,95.4
386,2039,2011,28,Agroforestry_Farm,65.9
406,2039,2017,22,Agroforestry_Farm,90.9
439,2039,2013,26,Native_Assisted,73.5
444,2039,2024,15,Acacia_dominant,62.6
472,2039,2022,17,Acacia_dominant,73.5
489,2039,2022,17,Mixed_Hardwood,70.3
538,2039,2024,15,Agroforestry_Farm,60.0
555,2039,2017,22,Native_Assisted,94.7
557,2039,2022,17,Mixed_Hardwood,76.7
560,2039,2016,23,Acacia_dominant,93.3
561,2039,2022,17,Mixed_Hardwood,70.6
564,2039,2014,25,Acacia_dominant,85.6
575,2039,2011,28,Native_Assisted,72.9
593,2039,2013,26,Mixed_Hardwood,75.2
596,2039,2010,29,Acacia_dominant,68.5
663,2039,2023,16,Native_Assisted,68.0
678,2039,2014,25,Agroforestry_Farm,79.2
699,2039,2016,23,Native_Assisted,87.7
739,2039,2017,22,Native_Assisted,89.6
769,2039,2021,18,Mixed_Hardwood,73.1
775,2039,2020,19,Native_Assisted,79.3
791,2039,2012,27,Native_Assisted,76.0
811,2039,2015,24,Native_Assisted,83.3
831,2039,2023,16,Native_Assisted,70.2
863,2039,2023,16,Native_Assisted,65.0
868,2039,2012,27,Acacia_dominant,73.5
944,2039,2013,26,Acacia_dominant,81.8
989,2039,2010,29,Mixed_Hardwood,68.3
11,2040,2022,18,Native_Assisted,75.9
14,2040,2023,17,Agroforestry_Farm,69.7
19,2040,2017,23,Native_Assisted,89.4
24,2040,2017,23,Acacia_dominant,95.7
38,2040,2013,27,Agroforestry_Farm,70.1
58,2040,2014,26,Agroforestry_Farm,72.7
81,2040,2024,16,Mixed_Hardwood,64.6
96,2040,2021,19,Acacia_dominant,84.2
136,2040,2015,25,Acacia_dominant,86.9
163,2040,2010,30,Native_Assisted,59.7
190,2040,2015,25,Agroforestry_Farm,79.2
212,2040,2013,27,Acacia_dominant,78.6
238,2040,2018,22,Agroforestry_Farm,88.1
257,2040,2010,30,Mixed_Hardwood,55.4
262,2040,2011,29,Agroforestry_Farm,64.9
292,2040,2024,16,Acacia_dominant,69.5
353,2040,2014,26,Mixed_Hardwood,77.1
374,2040,2025,15,Agroforestry_Farm,58.5
470,2040,2025,15,Agroforestry_Farm,65.5
474,2040,2023,17,Agroforestry_Farm,68.1
510,2040,2015,25,Agroforestry_Farm,80.6
539,2040,2014,26,Native_Assisted,74.7
577,2040,2015,25,Mixed_Hardwood,85.2
598,2040,2015,25,Agroforestry_Farm,79.0
651,2040,2012,28,Native_Assisted,66.5
657,2040,2011,29,Mixed_Hardwood,68.5
701,2040,2014,26,Mixed_Hardwood,80.9
720,2040,2010,30,Acacia_dominant,58.5
741,2040,2016,24,Mixed_Hardwood,86.6
759,2040,2017,23,Native_Assisted,93.0
766,2040,2011,29,Agroforestry_Farm,64.5
767,2040,2013,27,Native_Assisted,69.0
802,2040,2024,16,Agroforestry_Farm,68.7
810,2040,2011,29,Agroforestry_Farm,61.2
842,2040,2011,29,Agroforestry_Farm,61.5
846,2040,2013,27,Agroforestry_Farm,69.7
919,2040,2011,29,Native_Assisted,67.6
933,2040,2020,20,Mixed_Hardwood,81.5
957,2040,2010,30,Mixed_Hardwood,58.8
986,2040,2011,29,Agroforestry_Farm,56.6
34,2041,2014,27,Agroforestry_Farm,67.8
70,2041,2012,29,Agroforestry_Farm,64.5
111,2041,2018,23,Native_Assisted,85.3
139,2041,2015,26,Native_Assisted,79.6
181,2041,2016,25,Mixed_Hardwood,80.9
182,2041,2025,16,Agroforestry_Farm,62.1
183,2041,2014,27,Native_Assisted,77.2
195,2041,2022,19,Native_Assisted,85.2
218,2041,2015,26,Agroforestry_Farm,69.0
220,2041,2011,30,Acacia_dominant,57.7
222,2041,2021,20,Agroforestry_Farm,84.0
261,2041,2019,22,Mixed_Hardwood,95.8
269,2041,2012,29,Mixed_Hardwood,65.7
289,2041,2016,25,Mixed_Hardwood,78.7
328,2041,2022,19,Acacia_dominant,78.2
350,2041,2018,23,Agroforestry_Farm,85.4
433,2041,2015,26,Mixed_Hardwood,80.1
463,2041,2021,20,Native_Assisted,82.0
512,2041,2015,26,Acacia_dominant,73.5
530,2041,2021,20,Agroforestry_Farm,84.8
587,2041,2018,23,Native_Assisted,91.2
643,2041,2011,30,Native_Assisted,60.3
679,2041,2017,24,Native_Assisted,88.6
687,2041,2020,21,Native_Assisted,88.9
764,2041,2021,20,Acacia_dominant,89.4
790,2041,2011,30,Agroforestry_Farm,52.1
815,2041,2025,16,Native_Assisted,69.6
828,2041,2022,19,Acacia_dominant,85.9
834,2041,2026,15,Agroforestry_Farm,56.0
922,2041,2024,17,Agroforestry_Farm,65.3
932,2041,2012,29,Acacia_dominant,63.2
936,2041,2014,27,Acacia_dominant,69.2
994,2041,2020,21,Agroforestry_Farm,85.8
39,2042,2019,23,Native_Assisted,94.5
155,2042,2021,21,Native_Assisted,89.9
171,2042,2014,28,Native_Assisted,72.3
227,2042,2020,22,Native_Assisted,96.5
242,2042,2019,23,Agroforestry_Farm,83.9
254,2042,2017,25,Agroforestry_Farm,74.3
272,2042,2025,17,Acacia_dominant,76.0
278,2042,2018,24,Agroforestry_Farm,83.7
316,2042,2012,30,Acacia_dominant,60.1
327,2042,2027,15,Native_Assisted,67.1
363,2042,2026,16,Native_Assisted,69.8
371,2042,2025,17,Native_Assisted,69.6
381,2042,2018,24,Mixed_Hardwood,86.2
417,2042,2025,17,Mixed_Hardwood,76.2
425,2042,2015,27,Mixed_Hardwood,71.3
448,2042,2017,25,Acacia_dominant,79.1
454,2042,2014,28,Agroforestry_Farm,62.7
467,2042,2025,17,Native_Assisted,76.8
490,2042,2026,16,Agroforestry_Farm,60.6
497,2042,2024,18,Mixed_Hardwood,79.4
585,2042,2016,26,Mixed_Hardwood,75.8
655,2042,2012,30,Native_Assisted,64.5
666,2042,2019,23,Agroforestry_Farm,89.1
686,2042,2017,25,Agroforestry_Farm,76.7
704,2042,2019,23,Acacia_dominant,93.3
756,2042,2023,19,Acacia_dominant,82.6
757,2042,2026,16,Mixed_Hardwood,68.6
773,2042,2014,28,Mixed_Hardwood,68.3
903,2042,2021,21,Native_Assisted,89.2
927,2042,2017,25,Native_Assisted,77.2
959,2042,2012,30,Native_Assisted,57.3
963,2042,2012,30,Native_Assisted,61.2
967,2042,2021,21,Native_Assisted,94.7
992,2042,2016,26,Acacia_dominant,81.8
30,2043,2016,27,Agroforestry_Farm,73.0
50,2043,2028,15,Agroforestry_Farm,57.0
53,2043,2026,17,Mixed_Hardwood,76.9
55,2043,2023,20,Native_Assisted,83.3
68,2043,2015,28,Acacia_dominant,66.9
80,2043,2013,30,Acacia_dominant,58.8
206,2043,2025,18,Agroforestry_Farm,74.0
229,2043,2018,25,Mixed_Hardwood,77.3
256,2043,2025,18,Acacia_dominant,81.6
270,2043,2019,24,Agroforestry_Farm,77.0
288,2043,2026,17,Acacia_dominant,73.9
298,2043,2014,29,Agroforestry_Farm,63.4
301,2043,2025,18,Mixed_Hardwood,71.6
309,2043,2021,22,Mixed_Hardwood,92.6
438,2043,2021,22,Agroforestry_Farm,93.5
496,2043,2024,19,Acacia_dominant,87.1
559,2043,2027,16,Native_Assisted,70.4
566,2043,2023,20,Agroforestry_Farm,84.8
578,2043,2013,30,Agroforestry_Farm,55.3
604,2043,2022,21,Acacia_dominant,87.1
613,2043,2028,15,Mixed_Hardwood,62.4
656,2043,2028,15,Acacia_dominant,61.7
713,2043,2013,30,Mixed_Hardwood,61.2
744,2043,2024,19,Acacia_dominant,82.0
952,2043,2023,20,Acacia_dominant,87.2
953,2043,2019,24,Mixed_Hardwood,81.1
956,2043,2024,19,Acacia_dominant,79.5
958,2043,2015,28,Agroforestry_Farm,67.1
997,2043,2018,25,Mixed_Hardwood,84.4
47,2044,2023,21,Native_Assisted,86.4
59,2044,2015,29,Native_Assisted,61.0
88,2044,2024,20,Acacia_dominant,82.2
89,2044,2027,17,Mixed_Hardwood,75.7
141,2044,2026,18,Mixed_Hardwood,75.2
233,2044,2023,21,Mixed_Hardwood,84.7
240,2044,2018,26,Acacia_dominant,77.6
447,2044,2023,21,Native_Assisted,88.6
493,2044,2017,27,Mixed_Hardwood,71.8
501,2044,2024,20,Mixed_Hardwood,83.3
534,2044,2026,18,Agroforestry_Farm,71.2
536,2044,2025,19,Acacia_dominant,85.8
570,2044,2017,27,Agroforestry_Farm,74.1
611,2044,2022,22,Native_Assisted,90.2
625,2044,2025,19,Mixed_Hardwood,78.5
628,2044,2020,24,Acacia_dominant,90.1
676,2044,2014,30,Acacia_dominant,63.8
690,2044,2023,21,Agroforestry_Farm,86.4
732,2044,2019,25,Acacia_dominant,78.4
749,2044,2018,26,Mixed_Hardwood,72.1
753,2044,2015,29,Mixed_Hardwood,60.0
755,2044,2015,29,Native_Assisted,67.9
812,2044,2014,30,Acacia_dominant,61.3
839,2044,2025,19,Native_Assisted,78.9
925,2044,2014,30,Mixed_Hardwood,58.1
3,2045,2028,17,Native_Assisted,74.1
33,2045,2022,23,Mixed_Hardwood,91.3
54,2045,2026,19,Agroforestry_Farm,73.8
57,2045,2024,21,Mixed_Hardwood,91.0
74,2045,2016,29,Agroforestry_Farm,57.2
78,2045,2030,15,Agroforestry_Farm,65.5
105,2045,2021,24,Mixed_Hardwood,89.0
114,2045,2017,28,Agroforestry_Farm,65.6
149,2045,2026,19,Mixed_Hardwood,77.4
170,2045,2020,25,Agroforestry_Farm,82.0
172,2045,2016,29,Acacia_dominant,69.8
201,2045,2029,16,Mixed_Hardwood,73.0
224,2045,2015,30,Acacia_dominant,61.3
268,2045,2028,17,Acacia_dominant,70.7
274,2045,2023,22,Agroforestry_Farm,91.5
296,2045,2016,29,Acacia_dominant,65.0
317,2045,2018,27,Mixed_Hardwood,71.7
367,2045,2019,26,Native_Assisted,77.6
379,2045,2020,25,Native_Assisted,85.7
385,2045,2026,19,Mixed_Hardwood,79.4
431,2045,2029,16,Native_Assisted,69.9
432,2045,2020,25,Acacia_dominant,84.2
464,2045,2023,22,Acacia_dominant,95.0
494,2045,2029,16,Agroforestry_Farm,64.5
517,2045,2029,16,Mixed_Hardwood,69.6
533,2045,2027,18,Mixed_Hardwood,78.4
558,2045,2030,15,Agroforestry_Farm,59.7
571,2045,2015,30,Native_Assisted,58.2
601,2045,2027,18,Mixed_Hardwood,74.0
615,2045,2026,19,Native_Assisted,82.6
630,2045,2022,23,Agroforestry_Farm,82.1
639,2045,2021,24,Native_Assisted,87.1
693,2045,2020,25,Mixed_Hardwood,81.0
712,2045,2025,20,Acacia_dominant,85.7
746,2045,2015,30,Agroforestry_Farm,59.2
751,2045,2024,21,Native_Assisted,90.6
770,2045,2018,27,Agroforestry_Farm,69.5
782,2045,2024,21,Agroforestry_Farm,88.4
794,2045,2015,30,Agroforestry_Farm,54.1
797,2045,2017,28,Mixed_Hardwood,72.7
798,2045,2026,19,Agroforestry_Farm,76.4
817,2045,2017,28,Mixed_Hardwood,66.0
825,2045,2029,16,Mixed_Hardwood,68.2
860,2045,2020,25,Acacia_dominant,81.3
878,2045,2017,28,Agroforestry_Farm,61.0
883,2045,2023,22,Native_Assisted,94.7
901,2045,2025,20,Mixed_Hardwood,86.5
902,2045,2030,15,Agroforestry_Farm,65.4
910,2045,2017,28,Agroforestry_Farm,65.4
931,2045,2025,20,Native_Assisted,84.0
965,2045,2019,26,Mixed_Hardwood,76.8
976,2045,2022,23,Acacia_dominant,91.8
7,2046,2023,23,Native_Assisted,92.9
29,2046,2021,25,Mixed_Hardwood,77.6
61,2046,2024,22,Mixed_Hardwood,93.9
67,2046,2016,30,Native_Assisted,58.1
86,2046,2030,16,Agroforestry_Farm,67.5
92,2046,2024,22,Acacia_dominant,95.8
94,2046,2021,25,Agroforestry_Farm,81.8
142,2046,2025,21,Agroforestry_Farm,83.4
184,2046,2031,15,Acacia_dominant,69.4
194,2046,2031,15,Agroforestry_Farm,56.7
217,2046,2030,16,Mixed_Hardwood,66.5
228,2046,2019,27,Acacia_dominant,72.5
239,2046,2020,26,Native_Assisted,77.1
247,2046,2022,24,Native_Assisted,90.5
315,2046,2016,30,Native_Assisted,64.3
325,2046,2021,25,Mixed_Hardwood,84.2
342,2046,2026,20,Agroforestry_Farm,78.4
356,2046,2030,16,Acacia_dominant,74.1
437,2046,2025,21,Mixed_Hardwood,85.4
450,2046,2029,17,Agroforestry_Farm,73.0
457,2046,2016,30,Mixed_Hardwood,59.9
468,2046,2018,28,Acacia_dominant,70.7
484,2046,2017,29,Acacia_dominant,67.6
485,2046,2021,25,Mixed_Hardwood,84.1
507,2046,2027,19,Native_Assisted,85.7
528,2046,2017,29,Acacia_dominant,65.5
594,2046,2030,16,Agroforestry_Farm,66.1
597,2046,2027,19,Mixed_Hardwood,80.8
614,2046,2020,26,Agroforestry_Farm,73.0
634,2046,2030,16,Agroforestry_Farm,68.3
653,2046,2021,25,Mixed_Hardwood,77.4
664,2046,2025,21,Acacia_dominant,89.5
682,2046,2016,30,Agroforestry_Farm,53.4
700,2046,2019,27,Acacia_dominant,78.1
738,2046,2031,15,Agroforestry_Farm,58.4
750,2046,2028,18,Agroforestry_Farm,69.0
789,2046,2026,20,Mixed_Hardwood,85.9
819,2046,2024,22,Native_Assisted,94.0
854,2046,2030,16,Agroforestry_Farm,61.8
859,2046,2019,27,Native_Assisted,74.9
900,2046,2025,21,Acacia_dominant,91.8
920,2046,2027,19,Acacia_dominant,80.9
947,2046,2029,17,Native_Assisted,74.9
960,2046,2031,15,Acacia_dominant,68.8
985,2046,2023,23,Mixed_Hardwood,90.1
996,2046,2027,19,Acacia_dominant,83.2
99,2047,2029,18,Native_Assisted,73.1
108,2047,2026,21,Acacia_dominant,93.0
154,2047,2022,25,Agroforestry_Farm,77.1
161,2047,2030,17,Mixed_Hardwood,71.7
193,2047,2032,15,Mixed_Hardwood,67.9
205,2047,2028,19,Mixed_Hardwood,77.9
209,2047,2029,18,Mixed_Hardwood,79.1
216,2047,2029,18,Acacia_dominant,81.3
264,2047,2031,16,Acacia_dominant,71.1
280,2047,2031,16,Acacia_dominant,73.9
311,2047,2028,19,Native_Assisted,85.1
360,2047,2024,23,Acacia_dominant,92.6
389,2047,2019,28,Mixed_Hardwood,72.4
412,2047,2031,16,Acacia_dominant,72.3
420,2047,2023,24,Acacia_dominant,86.2
421,2047,2019,28,Mixed_Hardwood,64.0
436,2047,2023,24,Acacia_dominant,85.2
459,2047,2031,16,Native_Assisted,64.1
481,2047,2028,19,Mixed_Hardwood,83.1
523,2047,2023,24,Native_Assisted,88.2
581,2047,2027,20,Mixed_Hardwood,85.1
584,2047,2019,28,Acacia_dominant,66.7
603,2047,2023,24,Native_Assisted,87.6
633,2047,2022,25,Mixed_Hardwood,83.9
667,2047,2029,18,Native_Assisted,73.6
674,2047,2022,25,Agroforestry_Farm,74.1
675,2047,2023,24,Native_Assisted,86.6
707,2047,2025,22,Native_Assisted,91.4
745,2047,2021,26,Mixed_Hardwood,75.5
840,2047,2024,23,Acacia_dominant,94.0
870,2047,2023,24,Agroforestry_Farm,84.6
880,2047,2022,25,Acacia_dominant,86.1
895,2047,2026,21,Native_Assisted,89.6
909,2047,2017,30,Mixed_Hardwood,60.5
914,2047,2031,16,Agroforestry_Farm,65.6
943,2047,2020,27,Native_Assisted,74.0
945,2047,2027,20,Mixed_Hardwood,87.8
973,2047,2019,28,Mixed_Hardwood,64.7
0,2048,2030,18,Acacia_dominant,73.6
25,2048,2026,22,Mixed_Hardwood,94.8
31,2048,2019,29,Native_Assisted,61.3
162,2048,2027,21,Agroforestry_Farm,88.0
219,2048,2023,25,Native_Assisted,76.6
223,2048,2025,23,Native_Assisted,91.0
236,2048,2018,30,Acacia_dominant,61.1
258,2048,2032,16,Agroforestry_Farm,61.5
286,2048,2019,29,Agroforestry_Farm,65.0
302,2048,2026,22,Agroforestry_Farm,92.1
306,2048,2029,19,Agroforestry_Farm,77.5
333,2048,2018,30,Mixed_Hardwood,63.4
362,2048,2032,16,Agroforestry_Farm,63.1
388,2048,2030,18,Acacia_dominant,81.7
394,2048,2022,26,Agroforestry_Farm,68.9
423,2048,2027,21,Native_Assisted,89.1
477,2048,2030,18,Mixed_Hardwood,76.6
482,2048,2031,17,Agroforestry_Farm,65.9
486,2048,2023,25,Agroforestry_Farm,74.0
504,2048,2023,25,Acacia_dominant,78.2
542,2048,2023,25,Agroforestry_Farm,80.4
589,2048,2021,27,Mixed_Hardwood,70.8
620,2048,2031,17,Acacia_dominant,73.7
636,2048,2025,23,Acacia_dominant,92.3
683,2048,2021,27,Native_Assisted,69.6
715,2048,2032,16,Native_Assisted,73.1
724,2048,2018,30,Acacia_dominant,65.6
742,2048,2024,24,Agroforestry_Farm,80.3
820,2048,2023,25,Acacia_dominant,80.1
822,2048,2018,30,Agroforestry_Farm,56.3
849,2048,2023,25,Mixed_Hardwood,81.2
873,2048,2029,19,Mixed_Hardwood,82.9
915,2048,2021,27,Native_Assisted,77.8
942,2048,2023,25,Agroforestry_Farm,78.5
999,2048,2019,29,Native_Assisted,60.0
133,2049,2028,21,Mixed_Hardwood,87.8
146,2049,2031,18,Agroforestry_Farm,75.5
150,2049,2022,27,Agroforestry_Farm,70.9
283,2049,2034,15,Native_Assisted,69.8
284,2049,2026,23,Acacia_dominant,91.6
323,2049,2030,19,Native_Assisted,81.5
335,2049,2025,24,Native_Assisted,90.6
348,2049,2029,20,Acacia_dominant,82.4
393,2049,2023,26,Mixed_Hardwood,76.8
427,2049,2026,23,Native_Assisted,88.6
442,2049,2026,23,Agroforestry_Farm,81.1
453,2049,2021,28,Mixed_Hardwood,67.9
511,2049,2032,17,Native_Assisted,74.6
583,2049,2025,24,Native_Assisted,83.7
595,2049,2020,29,Native_Assisted,69.3
621,2049,2023,26,Mixed_Hardwood,72.6
684,2049,2027,22,Acacia_dominant,90.3
691,2049,2019,30,Native_Assisted,60.9
694,2049,2026,23,Agroforestry_Farm,86.9
708,2049,2027,22,Acacia_dominant,96.4
733,2049,2031,18,Mixed_Hardwood,73.2
748,2049,2032,17,Acacia_dominant,74.4
758,2049,2025,24,Agroforestry_Farm,83.9
768,2049,2030,19,Acacia_dominant,84.0
777,2049,2021,28,Mixed_Hardwood,69.1
780,2049,2033,16,Acacia_dominant,67.4
827,2049,2033,16,Native_Assisted,71.6
832,2049,2019,30,Acacia_dominant,63.3
869,2049,2022,27,Mixed_Hardwood,68.0
907,2049,2030,19,Native_Assisted,83.7
934,2049,2021,28,Agroforestry_Farm,64.0
941,2049,2019,30,Mixed_Hardwood,59.9
984,2049,2022,27,Acacia_dominant,74.1
6,2050,2022,28,Agroforestry_Farm,62.2
16,2050,2033,17,Acacia_dominant,69.6
22,2050,2033,17,Agroforestry_Farm,70.3
84,2050,2020,30,Acacia_dominant,58.2
116,2050,2031,19,Acacia_dominant,83.0
143,2050,2022,28,Native_Assisted,64.0
167,2050,2021,29,Native_Assisted,60.3
180,2050,2029,21,Acacia_dominant,86.5
232,2050,2027,23,Acacia_dominant,91.4
250,2050,2031,19,Agroforestry_Farm,75.2
291,2050,2020,30,Native_Assisted,58.5
307,2050,2026,24,Native_Assisted,85.8
330,2050,2023,27,Agroforestry_Farm,70.7
338,2050,2026,24,Agroforestry_Farm,85.7
354,2050,2026,24,Agroforestry_Farm,76.9
422,2050,2032,18,Agroforestry_Farm,76.9
469,2050,2022,28,Mixed_Hardwood,65.9
500,2050,2021,29,Acacia_dominant,70.7
509,2050,2033,17,Mixed_Hardwood,70.3
520,2050,2030,20,Acacia_dominant,88.9
606,2050,2021,29,Agroforestry_Farm,65.8
608,2050,2033,17,Acacia_dominant,74.7
610,2050,2030,20,Agroforestry_Farm,84.6
617,2050,2020,30,Mixed_Hardwood,59.9
645,2050,2025,25,Mixed_Hardwood,82.8
685,2050,2032,18,Mixed_Hardwood,73.2
698,2050,2020,30,Agroforestry_Farm,54.8
710,2050,2020,30,Agroforestry_Farm,52.7
728,2050,2030,20,Acacia_dominant,81.8
808,2050,2029,21,Acacia_dominant,89.8
837,2050,2022,28,Mixed_Hardwood,71.1
843,2050,2028,22,Native_Assisted,92.0
857,2050,2023,27,Mixed_Hardwood,76.5
862,2050,2033,17,Agroforestry_Farm,69.2
871,2050,2033,17,Native_Assisted,69.0
938,2050,2033,17,Agroforestry_Farm,69.9
946,2050,2026,24,Agroforestry_Farm,85.9
2,2051,2033,18,Agroforestry_Farm,75.1
13,2051,2022,29,Mixed_Hardwood,64.2
44,2051,2028,23,Acacia_dominant,95.6
72,2051,2026,25,Acacia_dominant,85.5
123,2051,2032,19,Native_Assisted,85.8
173,2051,2021,30,Mixed_Hardwood,59.2
188,2051,2029,22,Acacia_dominant,94.9
234,2051,2023,28,Agroforestry_Farm,64.9
241,2051,2026,25,Mixed_Hardwood,79.0
246,2051,2021,30,Agroforestry_Farm,54.4
265,2051,2033,18,Mixed_Hardwood,80.8
281,2051,2026,25,Mixed_Hardwood,81.5
321,2051,2021,30,Mixed_Hardwood,61.7
336,2051,2034,17,Acacia_dominant,73.5
357,2051,2021,30,Mixed_Hardwood,63.0
361,2051,2032,19,Mixed_Hardwood,81.8
364,2051,2032,19,Acacia_dominant,78.4
376,2051,2028,23,Acacia_dominant,91.7
387,2051,2032,19,Native_Assisted,85.4
409,2051,2034,17,Mixed_Hardwood,71.9
435,2051,2035,16,Native_Assisted,73.7
446,2051,2036,15,Agroforestry_Farm,56.8
506,2051,2032,19,Agroforestry_Farm,75.8
522,2051,2029,22,Agroforestry_Farm,94.7
548,2051,2023,28,Acacia_dominant,66.1
562,2051,2033,18,Agroforestry_Farm,76.0
563,2051,2026,25,Native_Assisted,77.8
576,2051,2022,29,Acacia_dominant,69.8
580,2051,2023,28,Acacia_dominant,65.8
586,2051,2025,26,Agroforestry_Farm,74.5
680,2051,2036,15,Acacia_dominant,66.8
689,2051,2035,16,Mixed_Hardwood,70.1
717,2051,2035,16,Mixed_Hardwood,72.1
721,2051,2027,24,Mixed_Hardwood,88.4
727,2051,2022,29,Native_Assisted,66.3
760,2051,2030,21,Acacia_dominant,91.6
771,2051,2029,22,Native_Assisted,97.3
776,2051,2033,18,Acacia_dominant,73.7
785,2051,2026,25,Mixed_Hardwood,81.3
806,2051,2033,18,Agroforestry_Farm,75.8
823,2051,2025,26,Native_Assisted,74.0
824,2051,2021,30,Acacia_dominant,58.5
835,2051,2028,23,Native_Assisted,90.2
861,2051,2032,19,Mixed_Hardwood,83.4
918,2051,2029,22,Agroforestry_Farm,89.5
923,2051,2032,19,Native_Assisted,80.0
935,2051,2030,21,Native_Assisted,89.3
972,2051,2025,26,Acacia_dominant,81.9
988,2051,2028,23,Acacia_dominant,92.8
10,2052,2027,25,Agroforestry_Farm,73.5
45,2052,2032,20,Mixed_Hardwood,84.7
48,2052,2032,20,Acacia_dominant,87.1
49,2052,2037,15,Mixed_Hardwood,64.8
79,2052,2030,22,Native_Assisted,90.7
98,2052,2035,17,Agroforestry_Farm,64.3
158,2052,2030,22,Agroforestry_Farm,91.7
174,2052,2030,22,Agroforestry_Farm,93.4
185,2052,2025,27,Mixed_Hardwood,71.9
203,2052,2036,16,Native_Assisted,71.5
208,2052,2026,26,Acacia_dominant,75.0
215,2052,2028,24,Native_Assisted,89.2
235,2052,2030,22,Native_Assisted,95.9
245,2052,2032,20,Mixed_Hardwood,81.6
285,2052,2032,20,Mixed_Hardwood,84.4
294,2052,2025,27,Agroforestry_Farm,72.8
320,2052,2024,28,Acacia_dominant,65.4
400,2052,2031,21,Acacia_dominant,91.7
410,2052,2026,26,Agroforestry_Farm,73.5
434,2052,2024,28,Agroforestry_Farm,68.7
455,2052,2034,18,Native_Assisted,75.8
461,2052,2029,23,Mixed_Hardwood,86.7
476,2052,2032,20,Acacia_dominant,82.4
483,2052,2022,30,Native_Assisted,60.3
518,2052,2033,19,Agroforestry_Farm,78.5
535,2052,2032,20,Native_Assisted,83.4
572,2052,2031,21,Acacia_dominant,88.7
618,2052,2024,28,Agroforestry_Farm,68.2
637,2052,2024,28,Mixed_Hardwood,69.2
688,2052,2022,30,Acacia_dominant,65.4
711,2052,2033,19,Native_Assisted,76.6
714,2052,2028,24,Agroforestry_Farm,79.9
730,2052,2031,21,Agroforestry_Farm,82.6
765,2052,2024,28,Mixed_Hardwood,66.7
772,2052,2037,15,Acacia_dominant,70.6
783,2052,2036,16,Native_Assisted,65.4
786,2052,2027,25,Agroforestry_Farm,74.9
807,2052,2022,30,Native_Assisted,64.8
865,2052,2025,27,Mixed_Hardwood,76.9
876,2052,2029,23,Acacia_dominant,86.9
882,2052,2035,17,Agroforestry_Farm,71.4
966,2052,2036,16,Agroforestry_Farm,67.6
980,2052,2024,28,Acacia_dominant,74.2
998,2052,2036,16,Agroforestry_Farm,60.5
83,2053,2024,29,Native_Assisted,62.7
104,2053,2038,15,Acacia_dominant,67.5
120,2053,2037,16,Acacia_dominant,74.0
125,2053,2033,20,Mixed_Hardwood,88.5
129,2053,2035,18,Mixed_Hardwood,75.2
144,2053,2032,21,Acacia_dominant,89.5
156,2053,2033,20,Acacia_dominant,88.3
169,2053,2024,29,Mixed_Hardwood,65.5
191,2053,2026,27,Native_Assisted,75.4
259,2053,2029,24,Native_Assisted,81.5
313,2053,2030,23,Mixed_Hardwood,92.0
322,2053,2026,27,Agroforestry_Farm,68.0
329,2053,2030,23,Mixed_Hardwood,87.2
373,2053,2027,26,Mixed_Hardwood,72.2
399,2053,2032,21,Native_Assisted,85.5
404,2053,2033,20,Acacia_dominant,82.8
495,2053,2032,21,Native_Assisted,88.0
524,2053,2024,29,Acacia_dominant,63.2
526,2053,2023,30,Agroforestry_Farm,60.7
531,2053,2034,19,Native_Assisted,85.2
551,2053,2024,29,Native_Assisted,60.5
579,2053,2030,23,Native_Assisted,92.8
588,2053,2037,16,Acacia_dominant,65.8
590,2053,2033,20,Agroforestry_Farm,86.2
607,2053,2028,25,Native_Assisted,83.2
641,2053,2026,27,Mixed_Hardwood,70.1
702,2053,2034,19,Agroforestry_Farm,75.4
726,2053,2035,18,Agroforestry_Farm,71.6
747,2053,2032,21,Native_Assisted,92.5
813,2053,2023,30,Mixed_Hardwood,62.3
867,2053,2024,29,Native_Assisted,64.7
888,2053,2036,17,Acacia_dominant,72.8
898,2053,2031,22,Agroforestry_Farm,88.3
905,2053,2025,28,Mixed_Hardwood,69.7
908,2053,2026,27,Acacia_dominant,69.9
911,2053,2027,26,Native_Assisted,79.3
912,2053,2036,17,Acacia_dominant,70.3
939,2053,2033,20,Native_Assisted,84.3
975,2053,2037,16,Native_Assisted,69.7
987,2053,2036,17,Native_Assisted,72.2
993,2053,2026,27,Mixed_Hardwood,69.3
15,2054,2028,26,Native_Assisted,78.1
20,2054,2028,26,Acacia_dominant,75.0
26,2054,2038,16,Agroforestry_Farm,62.3
103,2054,2030,24,Native_Assisted,86.8
117,2054,2028,26,Mixed_Hardwood,77.2
131,2054,2025,29,Native_Assisted,63.3
132,2054,2032,22,Acacia_dominant,92.2
152,2054,2039,15,Acacia_dominant,63.9
192,2054,2025,29,Acacia_dominant,70.0
199,2054,2026,28,Native_Assisted,66.5
214,2054,2032,22,Agroforestry_Farm,86.0
225,2054,2031,23,Mixed_Hardwood,87.1
248,2054,2033,21,Acacia_dominant,88.8
277,2054,2030,24,Mixed_Hardwood,84.1
295,2054,2039,15,Native_Assisted,66.4
355,2054,2027,27,Native_Assisted,70.9
369,2054,2024,30,Mixed_Hardwood,64.3
377,2054,2028,26,Mixed_Hardwood,72.4
401,2054,2032,22,Mixed_Hardwood,91.3
429,2054,2037,17,Mixed_Hardwood,68.1
465,2054,2028,26,Mixed_Hardwood,72.1
479,2054,2035,19,Native_Assisted,78.9
491,2054,2030,24,Native_Assisted,81.4
498,2054,2029,25,Agroforestry_Farm,82.3
544,2054,2024,30,Acacia_dominant,63.6
552,2054,2024,30,Acacia_dominant,62.6
622,2054,2034,20,Agroforestry_Farm,84.3
660,2054,2024,30,Acacia_dominant,59.5
774,2054,2032,22,Agroforestry_Farm,87.5
821,2054,2024,30,Mixed_Hardwood,64.3
826,2054,2037,17,Agroforestry_Farm,73.6
844,2054,2037,17,Acacia_dominant,75.7
894,2054,2035,19,Agroforestry_Farm,75.5
18,2055,2033,22,Agroforestry_Farm,93.7
40,2055,2040,15,Acacia_dominant,67.6
56,2055,2027,28,Acacia_dominant,74.6
76,2055,2038,17,Acacia_dominant,73.6
77,2055,2037,18,Mixed_Hardwood,71.8
128,2055,2033,22,Acacia_dominant,92.7
165,2055,2037,18,Mixed_Hardwood,79.1
187,2055,2027,28,Native_Assisted,69.4
326,2055,2026,29,Agroforestry_Farm,56.8
331,2055,2030,25,Native_Assisted,85.0
332,2055,2028,27,Acacia_dominant,78.7
352,2055,2025,30,Acacia_dominant,57.7
396,2055,2026,29,Acacia_dominant,61.8
405,2055,2040,15,Mixed_Hardwood,60.2
413,2055,2031,24,Mixed_Hardwood,84.2
415,2055,2028,27,Native_Assisted,72.4
441,2055,2040,15,Mixed_Hardwood,64.9
466,2055,2039,16,Agroforestry_Farm,64.4
492,2055,2038,17,Acacia_dominant,75.3
516,2055,2037,18,Acacia_dominant,78.4
573,2055,2039,16,Mixed_Hardwood,71.7
605,2055,2038,17,Mixed_Hardwood,71.7
624,2055,2039,16,Acacia_dominant,73.3
646,2055,2029,26,Agroforestry_Farm,78.1
652,2055,2035,20,Acacia_dominant,89.8
731,2055,2028,27,Native_Assisted,76.4
804,2055,2030,25,Acacia_dominant,80.5
845,2055,2039,16,Mixed_Hardwood,63.9
850,2055,2037,18,Agroforestry_Farm,77.3
852,2055,2025,30,Acacia_dominant,59.4
855,2055,2030,25,Native_Assisted,76.7
955,2055,2029,26,Native_Assisted,81.9
970,2055,2038,17,Agroforestry_Farm,68.6
979,2055,2037,18,Native_Assisted,73.7
991,2055,2038,17,Native_Assisted,75.5
