student_id,name,score,course,zone,attendance,performance_index
S0001,Vishal Joshi,53,History,Zone-A,68,1.09
S0002,Ananya Iyer,75,Math,Zone-D,71,8.72
S0003,Ananya Gupta,62,Economics,Zone-D,99,1.4
S0004,Sneha Rao,29,English,Zone-D,61,7.29
S0005,Vishal Shah,51,Science,Zone-D,64,5.23
S0006,Meera Singh,91,Computer,Zone-A,64,9.93
S0007,Vishal Sharma,46,Economics,Zone-E,57,1.54
S0008,Shruti Pai,87,Science,Zone-A,88,5.99
S0009,Krish Patil,45,Math,Zone-E,53,6.31
S0010,Rahul Shinde,65,Math,Zone-F,60,5.42
S0011,Neha Pai,10,Math,Zone-F,59,8.61
S0012,Neha Shetty,78,Economics,Zone-C,60,3.12
S0013,Karthik Patil,7,History,Zone-B,79,5.2
S0014,Shruti Kapoor,67,Computer,Zone-F,100,9.34
S0015,Arvind Nair,59,History,Zone-C,82,1.31
S0016,Manoj Patil,52,Science,Zone-C,83,3.37
S0017,Rohan Jain,56,Computer,Zone-D,96,5.37
S0018,Vishal Hegde,27,History,Zone-A,75,7.59
S0019,Pranav Nair,47,Science,Zone-B,56,3.37
S0020,Rohan Kulkarni,10,Science,Zone-A,50,8.18
S0021,Pranav Singh,6,History,Zone-E,100,7.95
S0022,Sneha Shah,86,English,Zone-A,69,9.79
S0023,Arjun Desai,98,Science,Zone-B,63,2.45
S0024,Riya Shetty,70,Computer,Zone-C,67,4.7
S0025,Pranav Sharma,30,Science,Zone-B,59,6.68
S0026,Meera Deshmukh,66,Economics,Zone-D,98,1.81
S0027,Pooja Deshmukh,74,History,Zone-A,81,1.42
S0028,Karthik Kapoor,87,Economics,Zone-D,53,4.71
S0029,Pooja Rao,52,Computer,Zone-B,94,9.53
S0030,Meera Bhat,64,English,Zone-E,82,5.96
S0031,Manoj Joshi,37,Economics,Zone-A,86,4.98
S0032,Rahul Pai,27,Economics,Zone-D,74,3.59
S0033,Rohan Shinde,60,Science,Zone-F,68,4.48
S0034,Sneha Sharma,45,Science,Zone-D,64,3.83
S0035,Riya Deshmukh,61,History,Zone-F,83,6.22
S0036,Neha Rao,99,History,Zone-D,84,4.55
S0037,Dev Bhat,59,Economics,Zone-B,59,6.89
S0038,Karthik Pai,78,History,Zone-A,57,3.87
S0039,Dev Shinde,42,Economics,Zone-A,53,4.16
S0040,Shruti Kulkarni,68,Computer,Zone-B,66,8.48
S0041,Pooja Patil,83,Math,Zone-F,60,8.39
S0042,Aditi Bhat,32,History,Zone-D,94,3.81
S0043,Sneha Bhat,16,History,Zone-C,92,6.21
S0044,Krish Sharma,17,English,Zone-F,61,8.96
S0045,Arjun Sharma,35,History,Zone-E,78,5.14
S0046,Meera Deshmukh,29,Science,Zone-D,90,1.84
S0047,Arjun Kulkarni,22,Computer,Zone-B,70,3.48
S0048,Dev Iyer,8,Math,Zone-F,86,9.78
S0049,Sneha Mehta,81,Computer,Zone-B,51,8.32
S0050,Kiran Jain,46,Math,Zone-D,96,3.47
S0051,Arjun Shetty,20,History,Zone-E,84,3.36
S0052,Rohan Bhat,59,English,Zone-F,61,9.79
S0053,Rohan Iyer,22,Computer,Zone-F,97,9.24
S0054,Rahul Jain,80,English,Zone-C,55,9.02
S0055,Rohan Nair,10,History,Zone-D,53,5.64
S0056,Meera Kulkarni,49,English,Zone-A,84,1.9
S0057,Pranav Jain,1,Computer,Zone-D,78,9.61
S0058,Sneha Kulkarni,33,Science,Zone-E,83,8.46
S0059,Aditi Shetty,39,Computer,Zone-C,87,2.47
S0060,Krish Patil,31,History,Zone-C,73,6.71
S0061,Neha Hegde,85,Science,Zone-E,83,4.03
S0062,Riya Pai,10,Math,Zone-D,71,1.34
S0063,Dev Shah,55,Economics,Zone-A,88,2.2
S0064,Meera Pai,74,Science,Zone-E,90,4.03
S0065,Shruti Shah,24,History,Zone-D,89,5.08
S0066,Aditi Patil,60,History,Zone-C,99,6.77
S0067,Neha Shah,7,History,Zone-D,58,9.23
S0068,Arvind Bhat,27,English,Zone-A,74,1.65
S0069,Pranav Shinde,22,Math,Zone-E,93,4.5
S0070,Sneha Jain,1,Science,Zone-D,61,2.84
S0071,Riya Iyer,78,English,Zone-C,50,9.26
S0072,Pooja Shetty,64,Economics,Zone-D,55,2.33
S0073,Kiran Bhat,65,English,Zone-E,63,8.72
S0074,Megha Kapoor,16,Computer,Zone-F,73,5.85
S0075,Megha Shinde,41,Math,Zone-C,76,9.26
S0076,Neha Nair,88,English,Zone-A,82,9.28
S0077,Manoj Patil,7,Computer,Zone-D,86,1.16
S0078,Sneha Deshmukh,26,Science,Zone-E,50,8.78
S0079,Pranav Sharma,0,Computer,Zone-F,54,1.98
S0080,Ananya Shetty,79,History,Zone-A,51,4.07
S0081,Arvind Nair,70,Science,Zone-A,85,8.68
S0082,Krish Jain,6,Math,Zone-F,75,5.93
S0083,Pranav Shah,82,Computer,Zone-E,77,2.75
S0084,Megha Iyer,88,History,Zone-F,51,6.71
S0085,Vishal Nair,18,Computer,Zone-D,62,9.48
S0086,Neha Kapoor,69,Computer,Zone-A,97,6.05
S0087,Rohan Kapoor,82,Math,Zone-B,89,5.92
S0088,Karthik Pai,45,History,Zone-B,50,9.27
S0089,Meera Kapoor,8,English,Zone-F,76,7.8
S0090,Manoj Deshmukh,91,Computer,Zone-D,92,2.03
S0091,Kiran Bhat,71,Computer,Zone-C,80,2.73
S0092,Pranav Nair,21,Math,Zone-F,82,6.06
S0093,Manoj Hegde,66,History,Zone-F,99,6.31
S0094,Rohan Mehta,42,History,Zone-C,55,2.53
S0095,Manoj Bhat,72,Math,Zone-E,90,9.32
S0096,Arvind Shinde,70,Economics,Zone-D,98,4.16
S0097,Ananya Iyer,48,Math,Zone-A,75,6.51
S0098,Kiran Shah,37,English,Zone-C,73,1.08
S0099,Krish Desai,26,Science,Zone-A,94,5.4
S0100,Pranav Nair,85,Math,Zone-F,62,2.21
S0101,Meera Deshmukh,70,History,Zone-B,52,7.29
S0102,Rohan Jain,79,English,Zone-C,60,3.56
S0103,Manoj Bhat,59,Science,Zone-A,60,6.71
S0104,Riya Deshmukh,11,English,Zone-A,58,5.28
S0105,Pooja Kulkarni,23,Science,Zone-A,52,8.6
S0106,Meera Pai,71,English,Zone-A,61,5.73
S0107,Rohan Shetty,87,History,Zone-C,73,9.15
S0108,Ananya Pai,42,English,Zone-F,81,2.98
S0109,Dev Singh,10,Science,Zone-C,70,3.59
S0110,Rohan Shah,58,Economics,Zone-C,86,5.92
S0111,Vishal Kapoor,75,History,Zone-D,59,2.55
S0112,Pranav Kulkarni,19,History,Zone-D,98,2.28
S0113,Sneha Mehta,66,Science,Zone-A,95,8.19
S0114,Arvind Patil,77,Computer,Zone-A,100,8.71
S0115,Shruti Singh,95,English,Zone-B,52,9.68
S0116,Sneha Gupta,11,Math,Zone-F,66,1.84
S0117,Dev Hegde,53,Economics,Zone-C,50,7.69
S0118,Rohan Shah,63,Computer,Zone-E,96,9.65
S0119,Vishal Bhat,99,Computer,Zone-C,83,9.93
S0120,Krish Deshmukh,7,Computer,Zone-C,83,8.66
S0121,Pranav Kulkarni,32,English,Zone-A,61,3.33
S0122,Megha Iyer,2,Science,Zone-C,94,4.82
S0123,Rahul Kulkarni,9,Computer,Zone-B,63,8.17
S0124,Aditi Iyer,31,Science,Zone-D,51,1.57
S0125,Meera Gupta,75,History,Zone-F,94,4.59
S0126,Rahul Jain,78,Economics,Zone-D,84,9.89
S0127,Riya Shinde,88,Science,Zone-B,53,3.44
S0128,Arvind Deshmukh,87,Economics,Zone-C,100,3.54
S0129,Meera Desai,46,Economics,Zone-F,77,5.95
S0130,Sneha Rao,32,Math,Zone-F,67,5.8
S0131,Arjun Kulkarni,87,English,Zone-B,81,7.53
S0132,Krish Gupta,19,History,Zone-E,50,9.28
S0133,Manoj Jain,32,English,Zone-A,82,6.88
S0134,Kiran Deshmukh,88,History,Zone-E,67,5.48
S0135,Shruti Shinde,43,Science,Zone-C,52,8.57
S0136,Karthik Desai,55,History,Zone-C,50,1.32
S0137,Kiran Joshi,28,English,Zone-E,53,9.59
S0138,Krish Shetty,2,Economics,Zone-C,86,8.37
S0139,Rohan Patil,20,History,Zone-F,51,3.36
S0140,Arjun Sharma,36,English,Zone-E,98,6.05
S0141,Neha Kulkarni,56,History,Zone-A,93,7.86
S0142,Pooja Bhat,27,Economics,Zone-D,98,7.0
S0143,Sneha Shinde,35,Computer,Zone-D,96,4.72
S0144,Shruti Kapoor,65,English,Zone-A,81,6.75
S0145,Rohan Singh,40,Math,Zone-C,73,8.73
S0146,Neha Desai,95,English,Zone-A,64,6.77
S0147,Ananya Mehta,51,Economics,Zone-D,85,2.31
S0148,Manoj Singh,54,English,Zone-C,99,4.03
S0149,Krish Shinde,24,Computer,Zone-C,89,9.22
S0150,Ananya Kulkarni,15,Computer,Zone-F,60,1.38
S0151,Pooja Pai,59,Science,Zone-F,52,5.78
S0152,Krish Kulkarni,9,English,Zone-D,78,5.72
S0153,Meera Bhat,53,English,Zone-D,82,1.54
S0154,Sneha Shah,95,English,Zone-F,99,4.75
S0155,Vishal Gupta,54,Computer,Zone-C,81,9.63
S0156,Riya Shah,3,Math,Zone-D,78,2.01
S0157,Arjun Joshi,33,English,Zone-D,78,2.12
S0158,Dev Hegde,98,History,Zone-D,53,5.83
S0159,Rohan Rao,90,Computer,Zone-B,100,6.18
S0160,Sneha Kapoor,17,Computer,Zone-B,54,3.18
S0161,Rahul Hegde,10,English,Zone-C,61,9.3
S0162,Manoj Joshi,20,Math,Zone-D,56,7.16
S0163,Ananya Shah,99,English,Zone-F,55,1.91
S0164,Pranav Desai,95,History,Zone-C,55,4.08
S0165,Dev Sharma,18,Science,Zone-D,62,7.45
S0166,Karthik Deshmukh,55,Math,Zone-A,65,8.36
S0167,Neha Gupta,64,English,Zone-E,53,8.96
S0168,Pooja Jain,61,Science,Zone-D,88,1.0
S0169,Pooja Shinde,6,Math,Zone-A,92,4.36
S0170,Aditi Hegde,38,Math,Zone-C,69,6.95
S0171,Rohan Mehta,8,Economics,Zone-F,91,2.68
S0172,Ananya Kulkarni,57,English,Zone-D,69,3.93
S0173,Aditi Iyer,70,Economics,Zone-C,67,9.88
S0174,Kiran Desai,47,English,Zone-F,58,7.66
S0175,Megha Bhat,0,Math,Zone-C,94,3.78
S0176,Pooja Mehta,56,Economics,Zone-E,57,3.24
S0177,Shruti Pai,29,Economics,Zone-F,89,7.54
S0178,Pooja Deshmukh,37,Science,Zone-D,92,8.42
S0179,Meera Kulkarni,9,Math,Zone-B,80,9.33
S0180,Kiran Desai,97,History,Zone-E,80,8.05
S0181,Manoj Bhat,19,Economics,Zone-C,92,5.42
S0182,Megha Deshmukh,34,Math,Zone-B,52,8.35
S0183,Krish Joshi,22,Math,Zone-E,64,4.2
S0184,Shruti Patil,35,Economics,Zone-F,58,3.75
S0185,Riya Kapoor,96,Science,Zone-F,99,3.57
S0186,Pooja Shetty,32,History,Zone-F,50,4.41
S0187,Arvind Gupta,95,Math,Zone-D,83,7.87
S0188,Ananya Kulkarni,28,Science,Zone-B,95,4.87
S0189,Aditi Shah,33,Science,Zone-E,59,5.14
S0190,Pranav Jain,49,Computer,Zone-B,68,2.34
S0191,Pranav Deshmukh,44,Science,Zone-B,84,6.61
S0192,Krish Joshi,96,History,Zone-C,92,4.21
S0193,Krish Nair,88,Math,Zone-A,55,7.86
S0194,Riya Hegde,2,English,Zone-A,93,6.02
S0195,Shruti Gupta,33,English,Zone-F,52,1.92
S0196,Shruti Kapoor,1,Computer,Zone-B,64,2.86
S0197,Pranav Deshmukh,94,Science,Zone-F,89,8.27
S0198,Manoj Singh,73,English,Zone-E,62,7.63
S0199,Pooja Bhat,97,Economics,Zone-A,88,2.53
S0200,Pooja Shah,18,Science,Zone-E,80,8.45
S0201,Meera Shetty,45,Science,Zone-C,79,9.15
S0202,Megha Iyer,32,English,Zone-E,88,4.65
S0203,Arvind Joshi,34,Economics,Zone-B,59,9.68
S0204,Rohan Rao,4,Science,Zone-A,62,9.71
S0205,Arvind Shinde,59,Economics,Zone-C,80,1.44
S0206,Shruti Jain,89,Math,Zone-E,100,4.79
S0207,Karthik Rao,13,Computer,Zone-C,56,6.08
S0208,Shruti Shinde,64,Math,Zone-F,58,8.03
S0209,Ananya Jain,20,Computer,Zone-F,61,1.86
S0210,Krish Shah,50,Computer,Zone-C,81,1.87
S0211,Riya Rao,60,Math,Zone-D,94,4.03
S0212,Pranav Bhat,73,Math,Zone-F,81,8.2
S0213,Rahul Shah,85,History,Zone-B,94,2.8
S0214,Krish Singh,96,Science,Zone-D,66,1.96
S0215,Ananya Deshmukh,100,Math,Zone-F,97,1.63
S0216,Pranav Iyer,14,History,Zone-A,70,9.57
S0217,Shruti Shetty,38,Economics,Zone-D,91,5.81
S0218,Manoj Nair,55,History,Zone-D,54,8.14
S0219,Manoj Kulkarni,69,Math,Zone-F,58,3.97
S0220,Arjun Rao,79,Economics,Zone-A,64,5.64
S0221,Meera Joshi,78,English,Zone-C,83,8.49
S0222,Rohan Mehta,64,Math,Zone-A,62,7.61
S0223,Meera Shah,57,Economics,Zone-A,71,9.94
S0224,Vishal Iyer,18,Science,Zone-D,80,2.65
S0225,Manoj Rao,3,Economics,Zone-D,77,7.68
S0226,Rohan Nair,55,Computer,Zone-C,94,4.38
S0227,Vishal Pai,75,Economics,Zone-C,60,8.66
S0228,Neha Singh,44,Economics,Zone-E,82,4.52
S0229,Kiran Desai,83,Computer,Zone-F,63,5.66
S0230,Neha Nair,67,English,Zone-C,99,5.84
S0231,Riya Iyer,38,Science,Zone-D,86,5.38
S0232,Rahul Shetty,20,Math,Zone-F,88,2.49
S0233,Aditi Joshi,40,Computer,Zone-A,97,1.18
S0234,Dev Patil,32,Computer,Zone-D,61,4.18
S0235,Shruti Desai,48,Computer,Zone-F,59,9.78
S0236,Aditi Gupta,80,Computer,Zone-A,78,3.76
S0237,Aditi Patil,39,English,Zone-B,55,9.28
S0238,Ananya Mehta,22,Computer,Zone-A,73,9.79
S0239,Sneha Nair,86,Economics,Zone-C,79,5.37
S0240,Shruti Sharma,10,History,Zone-D,90,1.45
S0241,Neha Pai,99,Math,Zone-E,95,3.89
S0242,Manoj Patil,91,History,Zone-F,71,7.39
S0243,Aditi Gupta,31,Computer,Zone-C,89,2.61
S0244,Arvind Nair,92,Computer,Zone-F,75,1.71
S0245,Arvind Shah,21,Economics,Zone-A,98,9.51
S0246,Arvind Rao,8,Math,Zone-C,55,3.02
S0247,Ananya Pai,33,Computer,Zone-C,93,8.63
S0248,Kiran Kapoor,54,Science,Zone-D,69,9.92
S0249,Pooja Shinde,14,Math,Zone-B,63,1.09
S0250,Megha Kulkarni,12,Computer,Zone-B,93,6.84
S0251,Rohan Desai,26,Computer,Zone-B,52,6.21
S0252,Sneha Jain,61,English,Zone-B,66,9.92
S0253,Dev Deshmukh,82,English,Zone-E,50,8.81
S0254,Riya Singh,11,Science,Zone-E,63,5.97
S0255,Aditi Patil,10,Science,Zone-E,81,4.26
S0256,Karthik Deshmukh,54,Science,Zone-D,71,5.2
S0257,Sneha Pai,54,Math,Zone-B,93,9.2
S0258,Ananya Deshmukh,59,Computer,Zone-D,57,6.14
S0259,Karthik Patil,29,History,Zone-A,68,1.16
S0260,Rohan Kapoor,89,Computer,Zone-A,54,5.42
S0261,Arvind Jain,37,Math,Zone-F,52,3.9
S0262,Sneha Sharma,36,Science,Zone-B,57,4.96
S0263,Ananya Joshi,86,English,Zone-C,82,8.13
S0264,Pranav Rao,77,Science,Zone-F,68,5.59
S0265,Pooja Jain,47,Math,Zone-D,76,4.35
S0266,Vishal Deshmukh,44,English,Zone-A,95,1.44
S0267,Dev Bhat,94,Science,Zone-A,50,9.56
S0268,Riya Bhat,10,English,Zone-C,79,2.85
S0269,Manoj Joshi,27,Math,Zone-E,50,8.33
S0270,Sneha Nair,99,Computer,Zone-D,69,4.83
S0271,Karthik Shinde,42,History,Zone-F,69,9.0
S0272,Ananya Singh,41,Computer,Zone-C,90,6.0
S0273,Kiran Singh,44,History,Zone-B,54,9.86
S0274,Neha Rao,38,Science,Zone-B,65,8.53
S0275,Kiran Shinde,81,History,Zone-B,89,1.39
S0276,Karthik Shinde,80,English,Zone-E,61,3.68
S0277,Arvind Nair,93,English,Zone-D,89,3.54
S0278,Manoj Kulkarni,0,Science,Zone-E,80,3.55
S0279,Kiran Jain,53,Math,Zone-C,61,3.48
S0280,Shruti Gupta,66,Science,Zone-C,71,1.99
S0281,Rohan Deshmukh,45,Science,Zone-A,88,7.8
S0282,Kiran Singh,58,Science,Zone-B,88,2.76
S0283,Ananya Joshi,80,Math,Zone-D,95,2.76
S0284,Rahul Singh,84,English,Zone-F,86,6.31
S0285,Rohan Patil,2,Economics,Zone-C,88,8.85
S0286,Rohan Patil,57,History,Zone-F,95,6.76
S0287,Rohan Desai,42,Math,Zone-B,74,5.52
S0288,Pranav Joshi,61,History,Zone-B,92,1.04
S0289,Riya Iyer,12,English,Zone-F,74,2.68
S0290,Ananya Kulkarni,48,Computer,Zone-C,93,3.14
S0291,Shruti Shetty,17,Economics,Zone-D,67,6.65
S0292,Pranav Hegde,19,Economics,Zone-A,58,6.54
S0293,Krish Jain,83,History,Zone-E,65,4.33
S0294,Dev Joshi,82,Math,Zone-E,58,6.32
S0295,Kiran Deshmukh,34,English,Zone-C,93,6.39
S0296,Krish Gupta,2,Economics,Zone-C,52,5.61
S0297,Neha Iyer,2,Computer,Zone-F,66,5.85
S0298,Shruti Nair,67,History,Zone-B,77,4.12
S0299,Pranav Sharma,64,Computer,Zone-C,56,5.2
S0300,Aditi Bhat,12,Computer,Zone-F,60,9.51
S0301,Manoj Bhat,76,History,Zone-C,69,1.33
S0302,Pooja Gupta,14,Computer,Zone-D,70,5.7
S0303,Neha Sharma,11,Science,Zone-D,63,9.0
S0304,Ananya Bhat,18,Economics,Zone-D,66,1.62
S0305,Kiran Jain,66,English,Zone-D,94,5.49
S0306,Vishal Joshi,27,History,Zone-A,59,7.58
S0307,Manoj Joshi,94,Economics,Zone-F,70,3.28
S0308,Arvind Singh,22,Computer,Zone-B,73,2.79
S0309,Rahul Mehta,30,Computer,Zone-A,67,7.28
S0310,Pranav Bhat,35,Economics,Zone-A,56,3.83
S0311,Ananya Rao,58,Math,Zone-A,50,6.73
S0312,Pranav Hegde,43,History,Zone-E,88,4.27
S0313,Arvind Hegde,24,Science,Zone-F,66,1.16
S0314,Arvind Sharma,53,Math,Zone-F,92,3.29
S0315,Krish Joshi,87,English,Zone-F,76,4.65
S0316,Aditi Patil,27,History,Zone-A,66,6.1
S0317,Megha Hegde,22,Economics,Zone-A,66,6.79
S0318,Rohan Bhat,23,Economics,Zone-C,78,7.63
S0319,Shruti Gupta,39,Economics,Zone-E,89,2.02
S0320,Dev Deshmukh,45,English,Zone-B,51,5.9
S0321,Neha Sharma,86,Math,Zone-C,91,1.7
S0322,Arjun Shetty,7,Science,Zone-C,60,3.09
S0323,Shruti Pai,66,Economics,Zone-D,83,4.23
S0324,Riya Desai,19,Computer,Zone-B,81,5.73
S0325,Vishal Bhat,52,Economics,Zone-C,61,4.35
S0326,Manoj Kapoor,64,English,Zone-D,76,3.0
S0327,Dev Deshmukh,37,English,Zone-E,77,1.85
S0328,Arvind Nair,80,English,Zone-A,60,9.48
S0329,Neha Rao,54,Math,Zone-D,56,1.21
S0330,Meera Kulkarni,65,Economics,Zone-A,88,3.92
S0331,Dev Sharma,70,Math,Zone-F,77,8.8
S0332,Shruti Patil,88,Math,Zone-D,63,1.62
S0333,Rahul Patil,9,Science,Zone-E,100,2.07
S0334,Shruti Hegde,97,Computer,Zone-D,60,6.78
S0335,Shruti Patil,32,Math,Zone-C,54,7.91
S0336,Manoj Shetty,35,English,Zone-D,64,1.06
S0337,Ananya Pai,27,English,Zone-A,57,6.41
S0338,Arvind Rao,11,Math,Zone-A,81,8.07
S0339,Kiran Jain,75,History,Zone-E,60,3.93
S0340,Dev Sharma,34,History,Zone-A,79,9.66
S0341,Karthik Sharma,94,History,Zone-F,65,2.17
S0342,Dev Deshmukh,48,Computer,Zone-B,76,8.46
S0343,Ananya Hegde,22,Science,Zone-A,89,7.54
S0344,Rohan Shah,94,History,Zone-E,97,4.26
S0345,Shruti Joshi,67,English,Zone-C,79,1.14
S0346,Dev Jain,49,Science,Zone-C,56,1.93
S0347,Riya Kapoor,52,Math,Zone-A,68,3.65
S0348,Shruti Bhat,7,Economics,Zone-E,52,1.52
S0349,Rohan Deshmukh,53,Computer,Zone-A,58,2.29
S0350,Rohan Deshmukh,96,Math,Zone-C,92,8.17
S0351,Megha Shinde,20,Math,Zone-D,78,6.91
S0352,Aditi Kulkarni,96,English,Zone-D,73,3.2
S0353,Ananya Iyer,5,History,Zone-A,88,6.65
S0354,Karthik Bhat,67,Math,Zone-C,75,1.62
S0355,Kiran Shah,99,Economics,Zone-A,90,4.67
S0356,Kiran Joshi,82,Computer,Zone-A,85,9.15
S0357,Arvind Singh,14,Science,Zone-D,72,5.66
S0358,Dev Shetty,23,English,Zone-E,85,1.46
S0359,Shruti Deshmukh,88,Computer,Zone-B,78,1.79
S0360,Ananya Kapoor,77,English,Zone-F,51,4.61
S0361,Krish Kapoor,74,Science,Zone-E,94,5.08
S0362,Shruti Gupta,37,Computer,Zone-C,72,1.87
S0363,Rahul Sharma,10,Economics,Zone-D,93,5.63
S0364,Meera Gupta,87,Computer,Zone-F,78,4.88
S0365,Meera Shetty,64,English,Zone-B,89,5.83
S0366,Sneha Joshi,85,English,Zone-C,63,4.26
S0367,Pooja Shah,51,History,Zone-B,56,7.07
S0368,Rohan Nair,34,Economics,Zone-A,72,3.79
S0369,Meera Iyer,63,Economics,Zone-A,94,1.98
S0370,Dev Sharma,4,Math,Zone-D,91,6.55
S0371,Arjun Shah,99,Computer,Zone-A,86,9.78
S0372,Aditi Mehta,21,History,Zone-F,79,3.76
S0373,Karthik Gupta,25,Computer,Zone-E,66,4.95
S0374,Vishal Joshi,17,English,Zone-B,69,2.44
S0375,Meera Rao,65,History,Zone-B,82,5.39
S0376,Aditi Nair,47,Computer,Zone-A,98,9.08
S0377,Manoj Jain,23,Economics,Zone-B,87,1.83
S0378,Dev Deshmukh,15,Economics,Zone-F,53,2.93
S0379,Kiran Nair,83,Math,Zone-C,52,9.18
S0380,Pranav Bhat,33,History,Zone-F,95,5.86
S0381,Riya Shah,6,Science,Zone-D,87,6.05
S0382,Karthik Shetty,39,English,Zone-A,57,5.13
S0383,Pranav Pai,78,Computer,Zone-B,61,8.42
S0384,Megha Kulkarni,93,Economics,Zone-E,67,3.58
S0385,Riya Sharma,42,Science,Zone-A,83,6.11
S0386,Riya Pai,50,Computer,Zone-E,77,5.65
S0387,Arjun Kulkarni,67,Computer,Zone-B,84,4.66
S0388,Meera Joshi,99,Economics,Zone-C,92,1.51
S0389,Karthik Jain,46,Economics,Zone-A,64,7.51
S0390,Kiran Shetty,79,Math,Zone-C,89,2.13
S0391,Dev Mehta,10,History,Zone-C,55,5.0
S0392,Vishal Joshi,54,Science,Zone-F,81,8.55
S0393,Kiran Nair,46,History,Zone-C,69,9.07
S0394,Neha Kulkarni,10,Economics,Zone-F,53,8.46
S0395,Riya Nair,37,Science,Zone-E,97,8.0
S0396,Krish Bhat,90,Economics,Zone-C,64,6.43
S0397,Rahul Deshmukh,50,History,Zone-E,89,3.78
S0398,Pooja Bhat,98,English,Zone-A,79,4.05
S0399,Shruti Rao,73,History,Zone-A,57,6.22
S0400,Rahul Desai,31,Math,Zone-E,65,1.42
S0401,Pooja Kulkarni,94,Science,Zone-D,84,9.76
S0402,Krish Shetty,91,Science,Zone-B,82,5.96
S0403,Dev Patil,66,History,Zone-F,61,6.18
S0404,Vishal Rao,5,Science,Zone-F,79,9.57
S0405,Kiran Bhat,33,History,Zone-F,100,1.19
S0406,Riya Kulkarni,87,Computer,Zone-F,59,8.12
S0407,Sneha Singh,8,Math,Zone-C,70,3.53
S0408,Aditi Singh,40,Math,Zone-B,68,8.54
S0409,Krish Iyer,14,History,Zone-D,80,8.4
S0410,Shruti Pai,55,English,Zone-C,87,5.37
S0411,Dev Shah,35,English,Zone-A,62,7.73
S0412,Pranav Shetty,36,History,Zone-F,60,4.22
S0413,Kiran Rao,59,Math,Zone-D,87,5.87
S0414,Arvind Rao,7,Computer,Zone-E,79,1.64
S0415,Karthik Kulkarni,2,Math,Zone-B,87,7.89
S0416,Ananya Sharma,62,Science,Zone-C,77,9.33
S0417,Vishal Gupta,20,Math,Zone-F,69,2.77
S0418,Manoj Sharma,66,Computer,Zone-F,96,7.95
S0419,Shruti Deshmukh,67,Science,Zone-B,53,9.92
S0420,Aditi Deshmukh,2,Science,Zone-D,83,5.13
S0421,Megha Mehta,77,History,Zone-B,95,1.23
S0422,Rohan Shah,70,English,Zone-C,95,3.51
S0423,Manoj Iyer,57,History,Zone-D,91,9.38
S0424,Ananya Deshmukh,51,Math,Zone-D,85,1.5
S0425,Aditi Shinde,86,Computer,Zone-E,55,4.03
S0426,Arjun Deshmukh,38,Math,Zone-E,78,7.43
S0427,Rahul Shetty,69,Economics,Zone-A,99,1.06
S0428,Riya Singh,86,Economics,Zone-C,53,9.12
S0429,Manoj Singh,13,English,Zone-F,77,2.51
S0430,Neha Rao,16,Math,Zone-F,75,6.77
S0431,Dev Joshi,7,Computer,Zone-E,76,7.42
S0432,Pooja Rao,9,Science,Zone-B,74,2.78
S0433,Vishal Kapoor,58,Math,Zone-C,63,1.03
S0434,Neha Patil,33,History,Zone-E,55,2.41
S0435,Karthik Bhat,17,History,Zone-A,60,8.0
S0436,Vishal Joshi,99,Science,Zone-E,53,3.05
S0437,Arvind Pai,1,Science,Zone-C,64,2.58
S0438,Riya Rao,52,Computer,Zone-C,72,7.56
S0439,Krish Kapoor,44,Computer,Zone-B,58,9.01
S0440,Sneha Kulkarni,88,Economics,Zone-A,57,1.4
S0441,Riya Nair,93,History,Zone-F,52,3.7
S0442,Arvind Nair,41,Science,Zone-E,61,4.0
S0443,Ananya Kulkarni,37,History,Zone-E,61,6.45
S0444,Krish Kapoor,8,Computer,Zone-D,67,7.44
S0445,Megha Shinde,40,Computer,Zone-E,69,2.0
S0446,Meera Mehta,52,History,Zone-D,78,8.99
S0447,Arjun Kapoor,0,Economics,Zone-E,100,9.21
S0448,Dev Pai,14,Science,Zone-A,51,4.36
S0449,Neha Nair,65,Math,Zone-B,93,9.88
S0450,Sneha Deshmukh,4,English,Zone-F,92,2.8
S0451,Riya Sharma,40,Math,Zone-F,73,9.11
S0452,Rahul Joshi,14,Science,Zone-F,73,7.52
S0453,Arjun Kapoor,84,History,Zone-D,74,3.15
S0454,Shruti Mehta,71,History,Zone-B,72,2.2
S0455,Arjun Sharma,96,History,Zone-A,70,8.72
S0456,Arjun Hegde,10,History,Zone-A,52,8.6
S0457,Meera Patil,96,Math,Zone-A,88,6.61
S0458,Dev Patil,46,Math,Zone-C,55,6.59
S0459,Neha Shinde,27,Computer,Zone-D,80,3.67
S0460,Dev Iyer,34,Computer,Zone-B,68,4.25
S0461,Manoj Patil,83,Math,Zone-E,98,9.3
S0462,Karthik Pai,10,History,Zone-F,86,2.15
S0463,Pranav Shinde,82,Economics,Zone-A,66,6.1
S0464,Karthik Sharma,93,Math,Zone-A,78,3.61
S0465,Pranav Rao,55,Economics,Zone-A,89,9.61
S0466,Megha Shetty,92,English,Zone-F,95,9.28
S0467,Megha Sharma,61,Math,Zone-C,64,6.07
S0468,Pooja Gupta,74,Math,Zone-B,87,3.24
S0469,Kiran Shetty,77,Economics,Zone-D,74,3.34
S0470,Arvind Jain,7,History,Zone-D,62,8.17
S0471,Manoj Rao,8,History,Zone-A,62,7.91
S0472,Sneha Joshi,31,Economics,Zone-B,69,6.23
S0473,Ananya Mehta,63,Computer,Zone-E,61,8.12
S0474,Sneha Hegde,65,History,Zone-B,100,5.08
S0475,Neha Gupta,22,Computer,Zone-E,64,6.36
S0476,Megha Mehta,87,History,Zone-F,86,5.7
S0477,Vishal Shinde,35,Math,Zone-D,55,2.22
S0478,Sneha Jain,90,Computer,Zone-E,83,5.41
S0479,Dev Kulkarni,89,English,Zone-E,61,2.46
S0480,Shruti Nair,53,Computer,Zone-D,77,1.83
S0481,Pooja Shinde,86,History,Zone-D,63,2.47
S0482,Pooja Singh,69,English,Zone-C,68,9.12
S0483,Sneha Shetty,16,Economics,Zone-B,72,4.11
S0484,Sneha Joshi,81,Computer,Zone-A,94,9.62
S0485,Ananya Rao,69,Science,Zone-A,79,1.87
S0486,Rohan Desai,75,Computer,Zone-B,64,9.94
S0487,Dev Shinde,3,Science,Zone-C,97,9.98
S0488,Shruti Hegde,19,History,Zone-E,66,2.7
S0489,Shruti Kulkarni,79,History,Zone-E,64,3.02
S0490,Manoj Iyer,51,Computer,Zone-E,97,2.36
S0491,Pooja Pai,35,Science,Zone-B,60,9.07
S0492,Megha Gupta,30,Economics,Zone-C,60,4.41
S0493,Rohan Desai,22,English,Zone-A,76,2.73
S0494,Meera Shetty,79,English,Zone-B,98,8.5
S0495,Rohan Hegde,83,Science,Zone-F,83,3.94
S0496,Rohan Shah,84,History,Zone-E,61,8.59
S0497,Neha Deshmukh,6,Economics,Zone-A,84,2.01
S0498,Pooja Sharma,6,History,Zone-F,68,7.45
S0499,Sneha Shinde,44,English,Zone-F,56,3.89
S0500,Rohan Kapoor,42,History,Zone-D,86,5.09
S0501,Sneha Shah,18,Computer,Zone-A,78,9.17
S0502,Megha Shinde,14,Economics,Zone-F,73,4.75
S0503,Vishal Jain,75,Math,Zone-C,94,7.66
S0504,Neha Singh,83,Economics,Zone-A,50,8.86
S0505,Pooja Singh,51,History,Zone-B,92,7.83
S0506,Meera Joshi,26,Economics,Zone-D,62,6.82
S0507,Manoj Jain,19,Computer,Zone-D,58,7.22
S0508,Neha Mehta,10,English,Zone-D,88,7.56
S0509,Pranav Joshi,95,English,Zone-E,64,5.46
S0510,Pranav Kapoor,90,Science,Zone-C,78,5.88
S0511,Meera Shah,64,History,Zone-C,55,8.11
S0512,Meera Singh,4,Math,Zone-F,57,2.16
S0513,Vishal Hegde,0,Science,Zone-F,82,6.1
S0514,Krish Deshmukh,4,Science,Zone-B,68,9.57
S0515,Riya Sharma,46,History,Zone-C,59,9.59
S0516,Neha Kapoor,11,Computer,Zone-F,95,8.18
S0517,Dev Iyer,89,Science,Zone-A,97,6.62
S0518,Rohan Shetty,36,Math,Zone-D,71,1.58
S0519,Sneha Singh,16,Economics,Zone-E,64,3.8
S0520,Neha Iyer,16,Math,Zone-F,58,4.12
S0521,Arvind Singh,25,History,Zone-F,57,4.15
S0522,Sneha Rao,4,Math,Zone-E,69,8.27
S0523,Manoj Joshi,56,Math,Zone-E,61,5.51
S0524,Meera Kulkarni,37,Math,Zone-A,79,5.3
S0525,Arvind Shetty,52,Science,Zone-C,66,2.53
S0526,Arjun Shetty,77,History,Zone-A,68,7.86
S0527,Kiran Kulkarni,3,History,Zone-B,62,2.08
S0528,Rahul Kapoor,88,Economics,Zone-A,100,6.3
S0529,Karthik Gupta,83,History,Zone-D,81,2.87
S0530,Rahul Deshmukh,80,Computer,Zone-E,70,1.55
S0531,Rohan Hegde,38,History,Zone-E,99,6.39
S0532,Riya Shetty,60,Computer,Zone-D,61,4.58
S0533,Pooja Shah,41,History,Zone-D,94,8.41
S0534,Aditi Deshmukh,66,History,Zone-A,51,6.47
S0535,Manoj Shah,77,Economics,Zone-C,66,7.51
S0536,Arjun Jain,24,Computer,Zone-C,72,7.46
S0537,Karthik Gupta,57,Economics,Zone-F,60,8.25
S0538,Rohan Patil,7,Computer,Zone-F,100,8.06
S0539,Arvind Deshmukh,63,Economics,Zone-F,86,3.75
S0540,Pranav Deshmukh,7,English,Zone-F,100,3.98
S0541,Neha Desai,54,English,Zone-C,50,6.77
S0542,Vishal Pai,39,Economics,Zone-D,54,8.96
S0543,Karthik Rao,87,Science,Zone-D,96,2.08
S0544,Pooja Pai,43,History,Zone-C,90,3.78
S0545,Aditi Rao,78,Economics,Zone-D,88,1.39
S0546,Neha Shetty,3,History,Zone-A,57,5.67
S0547,Krish Kulkarni,42,History,Zone-E,75,7.59
S0548,Meera Kapoor,9,Science,Zone-D,93,8.71
S0549,Krish Iyer,10,Science,Zone-A,71,2.47
S0550,Rohan Shinde,30,History,Zone-F,79,9.26
S0551,Meera Joshi,48,Computer,Zone-B,76,2.19
S0552,Pooja Deshmukh,45,Economics,Zone-D,94,1.58
S0553,Pooja Iyer,25,English,Zone-F,54,2.53
S0554,Rohan Gupta,19,Economics,Zone-D,100,2.54
S0555,Krish Mehta,64,Math,Zone-E,82,2.96
S0556,Krish Pai,21,Computer,Zone-B,63,8.85
S0557,Arjun Iyer,97,History,Zone-F,69,7.5
S0558,Vishal Pai,10,Math,Zone-C,68,3.84
S0559,Arjun Joshi,98,Economics,Zone-C,73,7.87
S0560,Sneha Sharma,47,Economics,Zone-D,56,4.33
S0561,Ananya Mehta,15,Math,Zone-F,83,6.03
S0562,Krish Rao,40,History,Zone-E,98,5.19
S0563,Neha Jain,93,Science,Zone-C,72,7.82
S0564,Meera Shinde,14,Math,Zone-F,65,6.75
S0565,Sneha Deshmukh,30,English,Zone-A,92,9.89
S0566,Ananya Shetty,80,English,Zone-F,56,6.36
S0567,Pooja Pai,65,English,Zone-C,70,2.95
S0568,Karthik Shah,32,Science,Zone-B,57,3.4
S0569,Arvind Joshi,92,English,Zone-A,87,8.14
S0570,Vishal Singh,36,History,Zone-C,66,2.49
S0571,Shruti Patil,38,Economics,Zone-C,73,3.63
S0572,Megha Hegde,33,Computer,Zone-D,57,5.45
S0573,Dev Iyer,23,Economics,Zone-E,58,6.16
S0574,Pooja Mehta,55,Science,Zone-E,54,9.63
S0575,Rohan Kulkarni,82,Science,Zone-C,61,1.14
S0576,Vishal Jain,47,English,Zone-E,91,2.12
S0577,Karthik Hegde,13,Economics,Zone-E,92,9.68
S0578,Riya Kapoor,28,English,Zone-B,94,2.79
S0579,Rohan Deshmukh,26,Math,Zone-D,56,3.03
S0580,Krish Mehta,88,History,Zone-E,62,9.07
S0581,Rahul Kulkarni,56,Math,Zone-D,52,8.69
S0582,Arjun Rao,43,Economics,Zone-E,77,6.79
S0583,Aditi Kapoor,15,English,Zone-E,97,1.93
S0584,Krish Patil,77,Science,Zone-A,70,2.51
S0585,Vishal Pai,59,Science,Zone-E,68,5.29
S0586,Arjun Gupta,28,Science,Zone-F,71,7.78
S0587,Vishal Bhat,64,Computer,Zone-D,67,9.03
S0588,Sneha Iyer,96,Economics,Zone-C,96,8.12
S0589,Ananya Shetty,28,Computer,Zone-D,65,3.68
S0590,Arjun Bhat,8,English,Zone-E,59,8.54
S0591,Krish Joshi,35,Economics,Zone-F,70,5.2
S0592,Pooja Shah,41,Economics,Zone-A,82,6.99
S0593,Manoj Patil,22,Science,Zone-A,86,6.81
S0594,Krish Deshmukh,12,Economics,Zone-C,55,9.75
S0595,Dev Hegde,18,English,Zone-C,81,5.62
S0596,Rohan Bhat,50,Computer,Zone-C,93,2.28
S0597,Aditi Iyer,51,Math,Zone-D,89,7.71
S0598,Pranav Nair,38,History,Zone-C,89,1.44
S0599,Arjun Pai,90,English,Zone-E,54,5.61
S0600,Pranav Gupta,67,English,Zone-D,50,1.69
S0601,Krish Shetty,22,English,Zone-A,99,7.11
S0602,Meera Shinde,72,Computer,Zone-F,53,5.54
S0603,Sneha Kulkarni,49,Computer,Zone-C,63,9.76
S0604,Karthik Jain,56,Computer,Zone-E,83,8.67
S0605,Aditi Kulkarni,21,English,Zone-F,55,5.63
S0606,Sneha Shetty,85,Math,Zone-D,70,4.45
S0607,Kiran Gupta,78,Economics,Zone-F,93,8.6
S0608,Ananya Mehta,35,Economics,Zone-C,80,4.75
S0609,Karthik Nair,43,Economics,Zone-C,76,3.02
S0610,Megha Gupta,34,Computer,Zone-E,81,4.17
S0611,Arjun Iyer,85,History,Zone-E,90,6.76
S0612,Meera Kapoor,53,English,Zone-E,86,5.13
S0613,Manoj Patil,29,Economics,Zone-B,89,9.9
S0614,Neha Deshmukh,39,Economics,Zone-B,89,6.62
S0615,Pranav Shinde,74,History,Zone-D,78,7.43
S0616,Pranav Rao,16,English,Zone-B,58,9.59
S0617,Shruti Shetty,18,English,Zone-D,88,3.44
S0618,Kiran Kapoor,56,Economics,Zone-E,67,8.12
S0619,Shruti Mehta,23,Computer,Zone-E,100,1.98
S0620,Krish Jain,6,History,Zone-A,65,3.88
S0621,Megha Kapoor,74,Computer,Zone-A,66,9.44
S0622,Neha Desai,52,English,Zone-F,50,5.98
S0623,Karthik Nair,49,Computer,Zone-A,70,7.64
S0624,Krish Patil,51,Computer,Zone-E,82,5.01
S0625,Shruti Hegde,55,English,Zone-D,69,7.94
S0626,Rohan Joshi,42,Economics,Zone-B,82,5.52
S0627,Pooja Nair,81,Math,Zone-A,89,3.36
S0628,Arvind Mehta,37,Economics,Zone-E,88,4.41
S0629,Neha Jain,43,Science,Zone-D,100,2.13
S0630,Meera Bhat,84,Math,Zone-D,89,9.18
S0631,Sneha Hegde,25,Science,Zone-A,83,7.43
S0632,Meera Pai,25,Math,Zone-E,58,6.71
S0633,Meera Mehta,39,English,Zone-D,90,6.72
S0634,Pranav Sharma,35,History,Zone-F,81,1.77
S0635,Aditi Desai,13,Computer,Zone-E,69,4.54
S0636,Ananya Sharma,72,Math,Zone-E,55,5.01
S0637,Megha Patil,70,English,Zone-A,86,6.65
S0638,Arjun Jain,89,History,Zone-B,96,9.94
S0639,Rahul Kulkarni,1,Economics,Zone-F,85,5.6
S0640,Rahul Kulkarni,42,Math,Zone-C,89,4.9
S0641,Neha Gupta,18,Computer,Zone-F,70,1.49
S0642,Dev Nair,67,English,Zone-E,78,2.32
S0643,Megha Desai,63,Science,Zone-D,85,3.0
S0644,Rahul Shetty,1,Economics,Zone-A,65,1.25
S0645,Riya Patil,12,Math,Zone-A,72,9.06
S0646,Megha Pai,14,History,Zone-D,54,8.44
S0647,Dev Pai,34,English,Zone-E,51,9.31
S0648,Neha Singh,38,History,Zone-E,98,6.66
S0649,Sneha Shinde,42,English,Zone-E,83,1.5
S0650,Rahul Iyer,43,Computer,Zone-C,72,8.22
S0651,Neha Gupta,77,Computer,Zone-E,94,8.87
S0652,Sneha Mehta,11,Math,Zone-E,65,7.71
S0653,Neha Mehta,24,English,Zone-B,63,3.35
S0654,Meera Jain,97,Computer,Zone-C,95,5.52
S0655,Pooja Jain,40,Science,Zone-F,94,2.68
S0656,Megha Shinde,50,Computer,Zone-D,79,4.62
S0657,Rahul Jain,2,Computer,Zone-E,74,9.52
S0658,Ananya Kapoor,23,Economics,Zone-C,75,3.78
S0659,Megha Shinde,32,Computer,Zone-A,98,1.59
S0660,Arjun Kulkarni,69,History,Zone-C,54,6.43
S0661,Meera Sharma,88,History,Zone-B,52,1.6
S0662,Shruti Hegde,58,History,Zone-D,88,5.96
S0663,Karthik Desai,47,History,Zone-A,92,8.72
S0664,Rahul Patil,53,Economics,Zone-E,75,7.03
S0665,Pranav Jain,83,History,Zone-F,65,5.31
S0666,Neha Joshi,98,History,Zone-E,60,7.2
S0667,Neha Singh,28,Computer,Zone-C,74,2.24
S0668,Pranav Jain,55,Computer,Zone-B,54,2.67
S0669,Dev Deshmukh,83,History,Zone-C,58,3.59
S0670,Rohan Sharma,2,English,Zone-E,79,7.24
S0671,Ananya Nair,10,Computer,Zone-E,55,9.97
S0672,Neha Joshi,86,History,Zone-A,62,4.49
S0673,Arjun Deshmukh,73,English,Zone-C,61,3.13
S0674,Dev Sharma,24,Computer,Zone-A,90,3.77
S0675,Meera Iyer,96,Science,Zone-D,70,6.0
S0676,Dev Rao,83,Math,Zone-F,61,4.28
S0677,Shruti Patil,64,Computer,Zone-A,100,4.43
S0678,Arjun Kapoor,28,Science,Zone-E,53,7.31
S0679,Vishal Desai,44,Economics,Zone-E,52,2.54
S0680,Megha Gupta,77,Computer,Zone-A,81,6.14
S0681,Krish Joshi,38,Computer,Zone-D,84,7.27
S0682,Aditi Deshmukh,53,Computer,Zone-D,62,2.02
S0683,Neha Nair,96,History,Zone-B,83,5.64
S0684,Kiran Deshmukh,7,Math,Zone-D,86,5.72
S0685,Arvind Deshmukh,71,Math,Zone-C,67,2.03
S0686,Kiran Deshmukh,48,English,Zone-C,60,6.67
S0687,Rohan Gupta,32,Math,Zone-F,50,4.51
S0688,Riya Shah,13,Economics,Zone-C,94,8.56
S0689,Krish Joshi,82,Science,Zone-B,71,3.72
S0690,Pooja Joshi,90,Science,Zone-C,64,3.49
S0691,Manoj Shetty,80,English,Zone-B,74,2.57
S0692,Shruti Shetty,24,Science,Zone-B,71,6.34
S0693,Pranav Shetty,45,English,Zone-F,78,6.71
S0694,Sneha Shetty,97,Economics,Zone-B,74,9.41
S0695,Shruti Deshmukh,96,English,Zone-F,96,8.57
S0696,Meera Rao,47,Economics,Zone-A,51,6.8
S0697,Aditi Mehta,62,Computer,Zone-E,92,8.27
S0698,Ananya Shetty,58,Computer,Zone-C,94,1.48
S0699,Ananya Iyer,6,Computer,Zone-B,60,3.01
S0700,Manoj Jain,37,History,Zone-D,80,9.31
S0701,Arjun Mehta,0,English,Zone-E,82,1.09
S0702,Krish Shinde,54,Math,Zone-D,83,5.92
S0703,Megha Singh,79,Science,Zone-F,82,8.66
S0704,Meera Bhat,71,Economics,Zone-C,75,9.68
S0705,Ananya Mehta,55,Economics,Zone-D,100,8.13
S0706,Arvind Shah,100,Math,Zone-B,80,8.3
S0707,Ananya Shetty,23,Economics,Zone-D,99,3.53
S0708,Rohan Rao,68,Math,Zone-F,62,3.13
S0709,Sneha Patil,54,Economics,Zone-B,96,3.07
S0710,Arjun Desai,14,Math,Zone-B,84,4.35
S0711,Karthik Kapoor,28,Economics,Zone-D,86,1.11
S0712,Pooja Singh,45,Computer,Zone-F,73,5.41
S0713,Sneha Iyer,35,Math,Zone-F,89,6.07
S0714,Karthik Shah,86,Science,Zone-E,94,8.78
S0715,Krish Sharma,56,English,Zone-D,64,6.53
S0716,Rohan Shah,61,Science,Zone-A,58,5.34
S0717,Meera Iyer,53,Science,Zone-C,93,7.17
S0718,Megha Nair,8,Science,Zone-F,73,5.74
S0719,Dev Joshi,46,Economics,Zone-A,68,1.14
S0720,Manoj Mehta,44,Math,Zone-A,81,5.95
S0721,Pranav Patil,10,English,Zone-A,75,4.09
S0722,Arjun Patil,8,History,Zone-F,73,7.2
S0723,Aditi Desai,66,Computer,Zone-A,51,9.97
S0724,Karthik Joshi,81,English,Zone-E,57,1.48
S0725,Kiran Rao,34,English,Zone-B,71,5.77
S0726,Dev Joshi,26,Math,Zone-B,87,8.78
S0727,Kiran Jain,40,English,Zone-C,72,1.39
S0728,Manoj Jain,6,History,Zone-E,92,7.39
S0729,Pranav Hegde,7,Math,Zone-B,84,2.84
S0730,Dev Deshmukh,43,Math,Zone-C,64,2.97
S0731,Dev Kapoor,26,Science,Zone-A,81,8.2
S0732,Ananya Kulkarni,54,English,Zone-E,52,9.21
S0733,Pooja Sharma,91,Computer,Zone-D,68,9.79
S0734,Neha Gupta,42,Computer,Zone-D,89,2.11
S0735,Rahul Joshi,86,Math,Zone-D,64,7.03
S0736,Kiran Shetty,60,Math,Zone-A,95,8.3
S0737,Meera Gupta,69,Economics,Zone-D,92,3.31
S0738,Shruti Shetty,79,Computer,Zone-B,56,2.93
S0739,Rohan Gupta,62,History,Zone-D,57,1.15
S0740,Karthik Bhat,22,Economics,Zone-A,76,9.61
S0741,Manoj Shinde,32,English,Zone-C,65,5.52
S0742,Riya Desai,57,Science,Zone-C,64,4.34
S0743,Megha Jain,7,Science,Zone-C,98,9.02
S0744,Krish Kapoor,13,Economics,Zone-D,60,4.35
S0745,Ananya Hegde,57,History,Zone-B,57,2.37
S0746,Sneha Shah,2,Computer,Zone-C,89,2.44
S0747,Kiran Gupta,74,Science,Zone-B,63,1.15
S0748,Sneha Patil,36,History,Zone-F,70,1.84
S0749,Aditi Deshmukh,66,Economics,Zone-B,78,5.65
S0750,Arvind Nair,43,Math,Zone-A,85,4.74
S0751,Megha Iyer,93,Science,Zone-A,67,7.78
S0752,Arvind Kulkarni,87,Computer,Zone-C,56,9.9
S0753,Karthik Desai,35,English,Zone-A,100,4.93
S0754,Kiran Kapoor,78,History,Zone-A,52,5.95
S0755,Riya Kapoor,71,History,Zone-E,62,9.21
S0756,Ananya Nair,54,History,Zone-F,93,3.23
S0757,Dev Kapoor,75,Economics,Zone-D,50,2.39
S0758,Riya Iyer,85,History,Zone-D,58,5.94
S0759,Meera Kapoor,68,English,Zone-A,90,6.41
S0760,Shruti Singh,4,Math,Zone-F,93,2.66
S0761,Riya Nair,18,Science,Zone-B,99,4.76
S0762,Arjun Gupta,90,Math,Zone-E,66,6.67
S0763,Sneha Shetty,47,Computer,Zone-C,78,8.73
S0764,Karthik Nair,45,English,Zone-B,54,8.26
S0765,Meera Iyer,34,Economics,Zone-A,76,6.07
S0766,Karthik Gupta,66,English,Zone-B,77,3.64
S0767,Rohan Iyer,43,English,Zone-E,79,6.44
S0768,Neha Patil,84,Math,Zone-F,72,7.47
S0769,Shruti Mehta,98,Computer,Zone-E,62,5.83
S0770,Arjun Sharma,71,Economics,Zone-C,50,5.84
S0771,Dev Kulkarni,75,History,Zone-C,88,8.06
S0772,Karthik Gupta,8,English,Zone-B,99,9.81
S0773,Megha Kapoor,50,English,Zone-C,86,7.55
S0774,Sneha Nair,6,English,Zone-F,53,2.9
S0775,Rahul Shetty,56,Science,Zone-E,89,4.54
S0776,Arjun Sharma,89,Computer,Zone-B,65,6.7
S0777,Pranav Gupta,47,History,Zone-D,63,1.63
S0778,Shruti Deshmukh,22,Math,Zone-F,75,9.15
S0779,Arjun Mehta,23,History,Zone-D,61,2.89
S0780,Manoj Nair,84,Science,Zone-B,95,8.09
S0781,Meera Rao,44,Math,Zone-B,60,9.61
S0782,Riya Jain,16,English,Zone-C,92,6.82
S0783,Arvind Shah,62,History,Zone-B,79,7.66
S0784,Riya Iyer,71,Science,Zone-E,93,9.03
S0785,Kiran Gupta,92,History,Zone-B,91,5.59
S0786,Rohan Rao,31,Computer,Zone-C,84,7.08
S0787,Dev Jain,5,Math,Zone-A,96,9.55
S0788,Rahul Nair,99,Science,Zone-E,65,3.88
S0789,Neha Iyer,53,Computer,Zone-B,85,7.23
S0790,Aditi Deshmukh,79,Economics,Zone-E,81,6.61
S0791,Karthik Shah,94,Science,Zone-B,95,4.62
S0792,Rohan Jain,18,History,Zone-A,54,4.54
S0793,Rahul Sharma,72,Computer,Zone-C,50,4.44
S0794,Shruti Bhat,2,English,Zone-B,74,4.29
S0795,Riya Shetty,7,History,Zone-B,84,7.99
S0796,Rohan Nair,22,History,Zone-F,64,4.99
S0797,Ananya Joshi,35,Science,Zone-D,90,4.4
S0798,Vishal Shinde,22,Science,Zone-D,50,1.68
S0799,Ananya Shinde,78,History,Zone-A,50,9.37
S0800,Arjun Mehta,24,Computer,Zone-B,53,6.41

